oblast,city,district,type,area,price,price_sqm,floor,total_floors,is_ground,is_top,is_middle,construction,изложение,elevator,access_control,parking,ac,furnished,тец,act_16,is_renovated,is_bds,is_lux,seller_type,building_age,building_era
Стара Загора област,гр. Стара Загора,кв. Индустриален,other,32.0,9500.0,296.875,3,5,0,0,1,друго,неизвестно,1.0,,,,1.0,,,,,,1,20,среден
Стара Загора област,гр. Стара Загора,Център,garage/parking,20.0,15500.0,775.0,1,12,1,0,0,друго,север,,,1.0,,,,,,,,1,20,среден
Стара Загора област,гр. Стара Загора,Център,garage/parking,16.0,17000.0,1062.5,1,3,1,0,0,друго,неизвестно,,,1.0,,,,,,,,1,3,нов
Стара Загора област,гр. Стара Загора,Самара 3,land/plot,250.0,18000.0,72.0,1,3,1,0,0,друго,неизвестно,,,,,,,,,,,1,20,среден
Стара Загора област,гр. Стара Загора,Център,garage/parking,21.0,22900.0,1090.4761904761904,1,3,1,0,0,друго,неизвестно,,,1.0,,,,,,,,1,20,среден
Стара Загора област,гр. Стара Загора,Център,garage/parking,22.0,25200.0,1145.4545454545455,1,7,1,0,0,друго,неизвестно,,,1.0,,,,,,,,1,20,среден
Стара Загора област,гр. Стара Загора,Център,other,25.0,27990.0,1119.6,0,3,0,0,1,друго,неизвестно,,,,,,,,,,,1,20,среден
Стара Загора област,гр. Стара Загора,Център,garage/parking,31.0,28070.0,905.483870967742,1,3,1,0,0,друго,неизвестно,,,1.0,,,,,,,,2,3,нов
Стара Загора област,гр. Стара Загора,Център,garage/parking,22.0,32000.0,1454.5454545454545,1,3,1,0,0,друго,неизвестно,,,1.0,,,,,,,,1,20,среден
Стара Загора област,гр. Стара Загора,Център,other,36.0,36050.0,1001.3888888888889,1,4,1,0,0,друго,неизвестно,,,,,,,,,,,1,20,среден
Стара Загора област,гр. Стара Загора,Самара 1,2 room,51.0,43000.0,843.1372549019608,12,12,0,1,0,друго,неизвестно,,,,,,,,,,,1,20,среден
Стара Загора област,гр. Стара Загора,м-т Голеш,villa,15.0,43000.0,2866.6666666666665,1,1,1,0,0,друго,неизвестно,,,,,,,,,,,1,20,среден
Стара Загора област,гр. Стара Загора,Център,1 room,33.0,49500.0,1500.0,4,8,0,0,1,друго,запад,,,,,1.0,,,,,,1,20,среден
Стара Загора област,гр. Стара Загора,Казански,2 room,38.0,54000.0,1421.0526315789473,4,15,0,0,1,друго,юг,,,,,,,,,,,1,20,среден
Стара Загора област,гр. Стара Загора,кв. Индустриален,land/plot,699.0,54000.0,77.25321888412017,1,3,1,0,0,друго,запад,,,,,,,,,,,1,20,среден
Стара Загора област,гр. Стара Загора,АПК Загоре,2 room,40.0,55000.0,1375.0,6,6,0,1,0,друго,неизвестно,,,,,1.0,,,,,,1,20,среден
Стара Загора област,гр. Стара Загора,Център,2 room,42.0,56000.0,1333.3333333333333,5,8,0,0,1,друго,север,,,,,,,,,,,1,20,среден
Стара Загора област,гр. Стара Загора,Три чучура,2 room,42.0,56000.0,1333.3333333333333,5,8,0,0,1,друго,юг,,,,,1.0,,,,,,1,20,среден
Стара Загора област,гр. Стара Загора,Център,2 room,38.0,56500.0,1486.842105263158,6,6,0,1,0,друго,юг,,,,,,,,,,,1,20,среден
Стара Загора област,гр. Стара Загора,Център,1 room,33.0,57390.0,1739.090909090909,3,12,0,0,1,друго,юг,,,,,,,,,,,1,20,среден
Стара Загора област,гр. Стара Загора,Център,1 room,50.0,59000.0,1180.0,1,7,1,0,0,друго,неизвестно,,,,,,,,,,,1,20,среден
Стара Загора област,гр. Стара Загора,Център,2 room,42.0,62000.0,1476.1904761904761,2,12,0,0,1,друго,юг,,,,,,,,,,,1,20,среден
Стара Загора област,гр. Стара Загора,Самара 1,2 room,50.0,64000.0,1280.0,12,12,0,1,0,друго,неизвестно,,,,,,,,,,,1,20,среден
Стара Загора област,гр. Стара Загора,Пиперка,2 room,46.0,66000.0,1434.7826086956522,7,8,0,0,1,друго,неизвестно,,,,,,,,,,,1,20,среден
Стара Загора област,гр. Стара Загора,Железник,2 room,60.0,66000.0,1100.0,2,7,0,0,1,друго,запад,,,,,,,,,,,3,20,среден
Стара Загора област,гр. Стара Загора,Студентско градче - Атюрен,1 room,59.0,68000.0,1152.542372881356,5,7,0,0,1,друго,неизвестно,,,,,,,,,,,2,20,среден
Стара Загора област,гр. Стара Загора,Самара 3,2 room,67.0,68000.0,1014.9253731343283,2,6,0,0,1,друго,неизвестно,,,,,,,,,,,2,20,среден
Стара Загора област,гр. Стара Загора,кв. Лозенец,commercial,250.0,69500.0,278.0,3,5,0,0,1,друго,неизвестно,1.0,,,,,,,,,,1,20,среден
Стара Загора област,гр. Стара Загора,Железник,2 room,69.0,71000.0,1028.9855072463768,4,7,0,0,1,друго,запад,,,,,,,,,,,2,3,нов
Стара Загора област,гр. Стара Загора,Самара 1,3 room,63.0,71000.0,1126.984126984127,15,16,0,0,1,друго,неизвестно,,,,,,,,,,,1,20,среден
Стара Загора област,гр. Стара Загора,Широк център,2 room,56.0,71000.0,1267.857142857143,0,12,0,0,1,друго,неизвестно,,,,,,,,,,,1,20,среден
Стара Загора област,гр. Стара Загора,Център,2 room,81.0,71700.0,885.1851851851852,2,6,0,0,1,друго,неизвестно,,,,,,,,,,,1,20,среден
Стара Загора област,гр. Стара Загора,Самара 3,2 room,36.0,72000.0,2000.0,12,15,0,0,1,друго,неизвестно,,,,,1.0,,,,,,1,20,среден
Стара Загора област,гр. Стара Загора,Център,1 room,44.0,72500.0,1647.7272727272727,6,6,0,1,0,друго,неизвестно,,,,,,,,,,,1,20,среден
Стара Загора област,гр. Стара Загора,Самара 1,house,80.0,72500.0,906.25,1,3,1,0,0,друго,неизвестно,,,,,,,,,,,1,20,среден
Стара Загора област,гр. Стара Загора,Железник,1 room,61.0,72900.0,1195.0819672131147,3,5,0,0,1,друго,изток,,,,,,,,,,,2,20,среден
Стара Загора област,гр. Стара Загора,Три чучура,2 room,70.0,73000.0,1042.857142857143,2,8,0,0,1,друго,неизвестно,,,,,,,,,,,2,20,среден
Стара Загора област,гр. Стара Загора,Самара 1,2 room,73.0,73730.0,1010.0,4,7,0,0,1,друго,неизвестно,,,,,,,,,,,1,20,среден
Стара Загора област,гр. Стара Загора,Три чучура,1 room,64.0,73900.0,1154.6875,3,8,0,0,1,друго,неизвестно,,,,,,,,,,,2,20,среден
Стара Загора област,гр. Стара Загора,Казански,2 room,42.0,74000.0,1761.904761904762,8,8,0,1,0,друго,неизвестно,,,,,,,,,,,1,20,среден
Стара Загора област,гр. Стара Загора,Ремиза,2 room,44.0,75000.0,1704.5454545454545,3,14,0,0,1,друго,неизвестно,,,,,,,,,,,1,20,среден
Стара Загора област,гр. Стара Загора,Самара 3,2 room,69.0,75000.0,1086.9565217391305,2,4,0,0,1,друго,неизвестно,,,,,,,,,,,2,20,среден
Стара Загора област,гр. Стара Загора,Самара 1,2 room,77.0,77260.0,1003.3766233766233,4,7,0,0,1,друго,неизвестно,,,,,,,,,,,1,20,среден
Стара Загора област,гр. Стара Загора,Център,1 room,51.0,77500.0,1519.6078431372548,3,9,0,0,1,друго,неизвестно,,,,,,1.0,,,,,2,20,среден
Стара Загора област,гр. Стара Загора,Железник,2 room,83.0,78000.0,939.7590361445783,5,5,0,1,0,друго,запад,,,,,,,,,,,3,1,нов
Стара Загора област,гр. Стара Загора,Железник,2 room,77.0,78000.0,1012.987012987013,4,7,0,0,1,друго,запад,,,,,,,,,,,2,3,нов
Стара Загора област,гр. Стара Загора,Самара 3,2 room,66.0,78300.0,1186.3636363636363,6,8,0,0,1,друго,неизвестно,,,,,,,,,,,1,20,среден
Стара Загора област,гр. Стара Загора,Опълченски,2 room,61.0,79000.0,1295.0819672131147,7,7,0,1,0,друго,неизвестно,,,,,,,,,,,1,20,среден
Стара Загора област,гр. Стара Загора,Самара 3,2 room,66.0,79500.0,1204.5454545454545,6,7,0,0,1,друго,неизвестно,,,,,,,,,,,1,20,среден
Стара Загора област,гр. Стара Загора,Самара 3,2 room,93.0,79500.0,854.8387096774194,1,4,1,0,0,друго,неизвестно,,,,,,,,,,,2,20,среден
Стара Загора област,гр. Стара Загора,Самара 3,2 room,66.0,79500.0,1204.5454545454545,6,7,0,0,1,друго,неизвестно,,,,,,,,,,,2,3,нов
Стара Загора област,гр. Стара Загора,Казански - Изток,3 room,64.0,79900.0,1248.4375,8,8,0,1,0,панел,изток,,,,,,,,,,,1,45,стар
Стара Загора област,гр. Стара Загора,Самара 3,2 room,57.0,79900.0,1401.7543859649122,8,15,0,0,1,друго,изток-запад,,,,,,,,,,,1,20,среден
Стара Загора област,гр. Стара Загора,Три чучура,2 room,70.0,80000.0,1142.857142857143,3,8,0,0,1,друго,неизвестно,,,,,,,,,,,2,20,среден
Стара Загора област,гр. Стара Загора,Три чучура,2 room,76.0,80000.0,1052.6315789473683,3,8,0,0,1,друго,неизвестно,,,,,,,,,,,2,20,среден
Стара Загора област,гр. Стара Загора,Самара 3,other,62.0,80900.0,1304.8387096774193,5,7,0,0,1,друго,неизвестно,,,,,,,,,,,2,20,среден
Стара Загора област,гр. Стара Загора,Център,2 room,106.0,81257.0,766.5754716981132,1,3,1,0,0,друго,неизвестно,,,,,,,,,,,3,20,среден
Стара Загора област,гр. Стара Загора,Самара 3,land/plot,430.0,81900.0,190.46511627906978,1,3,1,0,0,друго,неизвестно,,,,,,,,,,,1,20,среден
Стара Загора област,гр. Стара Загора,Самара 1,2 room,81.0,81910.0,1011.2345679012345,3,7,0,0,1,друго,неизвестно,,,,,,,,,,,1,20,среден
Стара Загора област,гр. Стара Загора,Казански,2 room,42.0,81950.0,1951.1904761904761,1,12,1,0,0,друго,неизвестно,,,,,,,,,,,1,20,среден
Стара Загора област,гр. Стара Загора,Самара 1,2 room,57.0,82400.0,1445.6140350877192,15,16,0,0,1,друго,неизвестно,,,,,,,,,,,1,20,среден
Стара Загора област,гр. Стара Загора,Широк център,2 room,63.0,82400.0,1307.936507936508,5,5,0,1,0,друго,неизвестно,,,,,,,,,,,1,20,среден
Стара Загора област,гр. Стара Загора,Център,other,60.0,82600.0,1376.6666666666667,3,5,0,0,1,друго,неизвестно,,,,,1.0,,,,,,1,20,среден
Стара Загора област,гр. Стара Загора,Център,3 room,66.0,83000.0,1257.5757575757575,1,8,1,0,0,друго,неизвестно,,,,,,,,,,,1,20,среден
Стара Загора област,гр. Стара Загора,Аязмото,2 room,50.0,83000.0,1660.0,4,8,0,0,1,друго,неизвестно,,,,,,,,,,,1,20,среден
Стара Загора област,гр. Стара Загора,Казански,2 room,76.0,83900.0,1103.9473684210527,3,7,0,0,1,друго,неизвестно,,,,,,,,,,,2,3,нов
Стара Загора област,гр. Стара Загора,Железник,2 room,70.0,83900.0,1198.5714285714287,4,5,0,0,1,друго,изток,,,,,,,,,,,2,20,среден
Стара Загора област,гр. Стара Загора,Железник,2 room,70.0,84000.0,1200.0,2,5,0,0,1,друго,изток,,,,,,,,,,,2,20,среден
Стара Загора област,гр. Стара Загора,Център,other,85.0,84900.0,998.8235294117648,6,7,0,0,1,друго,север,,,,,,,,,,,1,20,среден
Стара Загора област,гр. Стара Загора,Център,3 room,64.0,84900.0,1326.5625,6,6,0,1,0,друго,неизвестно,,,,,,,,,,,1,20,среден
Стара Загора област,гр. Стара Загора,Три чучура,2 room,69.0,85000.0,1231.8840579710145,7,9,0,0,1,друго,юг-север-изток-запад,,,,,,,,,,,1,20,среден
Стара Загора област,гр. Стара Загора,Била,2 room,57.0,85000.0,1491.2280701754387,5,9,0,0,1,друго,неизвестно,,,,,,,,,,,1,20,среден
Стара Загора област,гр. Стара Загора,Самара 3,other,60.0,85300.0,1421.6666666666667,0,3,1,0,0,друго,неизвестно,,,,,,,,,,,3,20,среден
Стара Загора област,гр. Стара Загора,Център,1 room,57.0,85500.0,1500.0,4,9,0,0,1,друго,изток,,,,,,1.0,,,,,2,20,среден
Стара Загора област,гр. Стара Загора,Широк център,3 room,65.0,85900.0,1321.5384615384614,1,7,1,0,0,друго,неизвестно,,,,,,,,,,,1,20,среден
Стара Загора област,гр. Стара Загора,Център,3 room,65.0,86000.0,1323.076923076923,8,8,0,1,0,друго,неизвестно,,,,,,,,,,,1,20,среден
Стара Загора област,гр. Стара Загора,Самара 3,2 room,70.0,86000.0,1228.5714285714287,7,9,0,0,1,друго,неизвестно,,,,,,,,,,,2,20,среден
Стара Загора област,гр. Стара Загора,Самара 3,2 room,66.0,86000.0,1303.030303030303,2,5,0,0,1,друго,неизвестно,,,,,,,,,,,2,20,среден
Стара Загора област,гр. Стара Загора,Самара 3,2 room,90.0,86000.0,955.5555555555555,1,6,1,0,0,друго,неизвестно,,,,,,,,,,,2,20,среден
Стара Загора област,гр. Стара Загора,Самара 3,2 room,71.0,86000.0,1211.2676056338028,2,5,0,0,1,друго,неизвестно,,,,,,,,,,,2,3,нов
Стара Загора област,гр. Стара Загора,Самара 3,2 room,72.0,86500.0,1201.388888888889,3,9,0,0,1,друго,неизвестно,,,,,,,,,,,2,20,среден
Стара Загора област,гр. Стара Загора,Самара 3,2 room,72.0,86500.0,1201.388888888889,3,9,0,0,1,друго,неизвестно,,,,,,,,,,,2,20,среден
Стара Загора област,гр. Стара Загора,Студентско градче - Атюрен,3 room,57.0,86900.0,1524.561403508772,7,7,0,1,0,друго,неизвестно,,,,,,,,,,,1,20,среден
Стара Загора област,гр. Стара Загора,Самара 3,3 room,96.0,86900.0,905.2083333333334,3,7,0,0,1,друго,неизвестно,,,,,,,,,,,2,20,среден
Стара Загора област,гр. Стара Загора,Център,other,86.0,87500.0,1017.4418604651163,2,8,0,0,1,друго,север,,,,,,,,,,,1,20,среден
Стара Загора област,гр. Стара Загора,Център,2 room,50.0,88000.0,1760.0,1,8,1,0,0,друго,юг,,,,,,,,,,,1,20,среден
Стара Загора област,гр. Стара Загора,Самара 3,2 room,66.0,88000.0,1333.3333333333333,7,7,0,1,0,друго,неизвестно,,,,,,,,,,,2,20,среден
Стара Загора област,гр. Стара Загора,Студентско градче - Атюрен,2 room,74.0,88500.0,1195.945945945946,2,7,0,0,1,друго,неизвестно,,,,,,,,,,,2,20,среден
Стара Загора област,гр. Стара Загора,Студентско градче - Атюрен,2 room,73.0,88500.0,1212.3287671232877,3,7,0,0,1,друго,неизвестно,,,,,,,,,,,2,20,среден
Стара Загора област,гр. Стара Загора,Три чучура,3 room,86.0,89000.0,1034.8837209302326,3,5,0,0,1,друго,север,,,,,,,,,,,1,20,среден
Стара Загора област,гр. Стара Загора,Самара 3,2 room,93.0,89000.0,956.989247311828,3,5,0,0,1,друго,неизвестно,,,,,,,,,,,2,3,нов
Стара Загора област,гр. Стара Загора,Център,3 room,65.0,89000.0,1369.2307692307693,7,7,0,1,0,друго,неизвестно,,,,,,,,,,,1,20,среден
Стара Загора област,гр. Стара Загора,Три чучура,3 room,103.0,89900.0,872.8155339805825,2,10,0,0,1,друго,север,,,,,,,,,,,2,20,среден
Стара Загора област,гр. Стара Загора,Център,3 room,57.0,90000.0,1578.9473684210527,7,12,0,0,1,друго,неизвестно,,,,,,,,,,,1,20,среден
Стара Загора област,гр. Стара Загора,Три чучура,2 room,70.0,91000.0,1300.0,3,8,0,0,1,друго,неизвестно,,,,,,,,,,,2,20,среден
Стара Загора област,гр. Стара Загора,Три чучура,2 room,79.0,91500.0,1158.2278481012659,4,8,0,0,1,друго,неизвестно,,,,,,,,,,,2,20,среден
Стара Загора област,гр. Стара Загора,Железник,2 room,64.0,91900.0,1435.9375,1,6,1,0,0,друго,изток,,,,,,,,,,,2,20,среден
Стара Загора област,гр. Стара Загора,Център,2 room,67.0,91900.0,1371.641791044776,1,9,1,0,0,друго,неизвестно,,,,,,,,,,,1,20,среден
Стара Загора област,гр. Стара Загора,Център,2 room,66.0,92000.0,1393.939393939394,5,6,0,0,1,друго,неизвестно,,,,,,,,,,,2,20,среден
Стара Загора област,гр. Стара Загора,Три чучура,2 room,65.0,92000.0,1415.3846153846155,1,9,1,0,0,друго,север,,,,,,,,,,,1,20,среден
Стара Загора област,гр. Стара Загора,Център,multi-room,88.0,92000.0,1045.4545454545455,6,6,0,1,0,друго,запад,,,,,,,,,,,1,20,среден
Стара Загора област,гр. Стара Загора,Студентско градче - Атюрен,2 room,84.0,92500.0,1101.1904761904761,4,7,0,0,1,друго,неизвестно,,,,,,,,,,,2,20,среден
Стара Загора област,гр. Стара Загора,Железник,3 room,118.0,92648.0,785.1525423728814,3,6,0,0,1,друго,запад,,,,,,,,,,,2,3,нов
Стара Загора област,гр. Стара Загора,Център,multi-room,102.0,92700.0,908.8235294117648,5,8,0,0,1,друго,север,,,,,1.0,,,,,,1,20,среден
Стара Загора област,гр. Стара Загора,Студентско градче - Атюрен,3 room,78.0,92700.0,1188.4615384615386,4,4,0,1,0,друго,неизвестно,,,,,,,,,,,1,20,среден
Стара Загора област,гр. Стара Загора,Студентско градче - Атюрен,3 room,56.0,92700.0,1655.357142857143,3,3,0,1,0,друго,неизвестно,,,,,,,,,,,1,20,среден
Стара Загора област,гр. Стара Загора,Студентско градче - Атюрен,2 room,85.0,92900.0,1092.9411764705883,3,7,0,0,1,друго,неизвестно,,,,,,,,,,,2,20,среден
Стара Загора област,гр. Стара Загора,Железник,3 room,92.0,93000.0,1010.8695652173913,4,7,0,0,1,друго,запад,,,,,,,,,,,2,3,нов
Стара Загора област,гр. Стара Загора,Студентско градче - Атюрен,other,89.0,93500.0,1050.561797752809,4,7,0,0,1,друго,неизвестно,,,,,,,,,,,2,20,среден
Стара Загора област,гр. Стара Загора,Железник,2 room,70.0,93900.0,1341.4285714285713,1,5,1,0,0,друго,изток,,,,,,,,,,,2,20,среден
Стара Загора област,гр. Стара Загора,Железник,3 room,90.0,94000.0,1044.4444444444443,5,5,0,1,0,друго,юг-изток-запад,,,,,,,,,,,1,3,нов
Стара Загора област,гр. Стара Загора,Самара 3,2 room,89.0,94900.0,1066.2921348314608,9,9,0,1,0,друго,неизвестно,,,,,,,,,,,2,20,среден
Стара Загора област,гр. Стара Загора,Самара 3,2 room,90.0,94900.0,1054.4444444444443,9,9,0,1,0,друго,неизвестно,,,,,,,,,,,1,20,среден
Стара Загора област,гр. Стара Загора,Била,2 room,58.0,95000.0,1637.9310344827586,4,9,0,0,1,друго,неизвестно,,,,,,,1.0,,,,1,1,нов
Стара Загора област,гр. Стара Загора,Казански,2 room,71.0,95000.0,1338.0281690140846,7,8,0,0,1,друго,север-запад,,,,,,,,,,,1,20,среден
Стара Загора област,гр. Стара Загора,Казански,2 room,71.0,95000.0,1338.0281690140846,7,8,0,0,1,друго,запад,,,,,,,,,,,1,20,среден
Стара Загора област,гр. Стара Загора,Аязмото,3 room,74.0,95000.0,1283.7837837837837,1,5,1,0,0,друго,неизвестно,,,,,,,,,,,1,20,среден
Стара Загора област,гр. Стара Загора,Аязмото,3 room,75.0,95000.0,1266.6666666666667,1,5,1,0,0,друго,неизвестно,,,,,,,,,,,1,20,среден
Стара Загора област,гр. Стара Загора,Широк център,2 room,70.0,95000.0,1357.142857142857,1,5,1,0,0,друго,неизвестно,,,,,,,,,,,1,20,среден
Стара Загора област,гр. Стара Загора,Студентско градче - Атюрен,2 room,71.0,95500.0,1345.0704225352113,1,7,1,0,0,друго,неизвестно,,,,,,,,,,,2,20,среден
Стара Загора област,гр. Стара Загора,Студентско градче - Атюрен,3 room,101.0,95900.0,949.5049504950495,3,7,0,0,1,друго,неизвестно,,,,,,,,,,,2,20,среден
Стара Загора област,гр. Стара Загора,Студентско градче - Атюрен,other,78.0,95900.0,1229.4871794871794,1,7,1,0,0,друго,неизвестно,,,,,,,,,,,2,20,среден
Стара Загора област,гр. Стара Загора,Аязмото,3 room,70.0,95900.0,1370.0,6,6,0,1,0,друго,неизвестно,,,,,,,,,,,1,20,среден
Стара Загора област,гр. Стара Загора,Самара 3,1 room,69.0,96796.0,1402.840579710145,1,3,1,0,0,друго,неизвестно,,,,,,,,,,,3,20,среден
Стара Загора област,гр. Стара Загора,Железник,3 room,108.0,97344.0,901.3333333333334,3,5,0,0,1,друго,запад,,,,,,,,,,,3,20,среден
Стара Загора област,гр. Стара Загора,Три чучура,3 room,100.0,98000.0,980.0,5,7,0,0,1,друго,север,,,,,,,,,,,1,20,среден
Стара Загора област,гр. Стара Загора,Самара 3,2 room,78.0,98000.0,1256.4102564102564,4,7,0,0,1,друго,неизвестно,,,,,,,,,,,2,20,среден
Стара Загора област,гр. Стара Загора,Железник,3 room,91.0,98000.0,1076.923076923077,4,4,0,1,0,друго,запад,,,,,,,,,,,1,20,среден
Стара Загора област,гр. Стара Загора,Казански,2 room,57.0,98000.0,1719.298245614035,7,8,0,0,1,епк,неизвестно,,,,,,,,,,,1,22,среден
Стара Загора област,гр. Стара Загора,Център,2 room,50.0,98300.0,1966.0,8,8,0,1,0,друго,неизвестно,,,,,,,,1.0,,,1,20,среден
Стара Загора област,гр. Стара Загора,Център,3 room,85.0,99000.0,1164.7058823529412,2,8,0,0,1,друго,неизвестно,,,,,1.0,,,,,,1,20,среден
Стара Загора област,гр. Стара Загора,Аязмото,2 room,74.0,99000.0,1337.837837837838,1,7,1,0,0,друго,неизвестно,,,,,,,,,,,1,20,среден
Стара Загора област,гр. Стара Загора,Център,2 room,62.0,99000.0,1596.774193548387,5,8,0,0,1,друго,неизвестно,,,,,,,,,,,1,20,среден
Стара Загора област,гр. Стара Загора,Три чучура,other,75.0,99000.0,1320.0,1,3,1,0,0,друго,север,,,,,,,,,,,1,20,среден
Стара Загора област,гр. Стара Загора,Три чучура,2 room,76.0,99000.0,1302.6315789473683,4,8,0,0,1,друго,неизвестно,,,,,,,,,,,2,20,среден
Стара Загора област,гр. Стара Загора,Център,2 room,74.0,100000.0,1351.3513513513512,3,4,0,0,1,друго,неизвестно,,,,,,,,,,,2,3,нов
Стара Загора област,гр. Стара Загора,Център,2 room,75.0,100000.0,1333.3333333333333,3,4,0,0,1,друго,неизвестно,,,,,,,,,,,2,3,нов
Стара Загора област,гр. Стара Загора,Самара 3,2 room,78.0,101000.0,1294.871794871795,5,7,0,0,1,друго,неизвестно,,,,,,,,,,,2,20,среден
Стара Загора област,гр. Стара Загора,Самара 3,3 room,107.0,102000.0,953.2710280373832,5,5,0,1,0,друго,неизвестно,,,,,,,,,,,2,3,нов
Стара Загора област,гр. Стара Загора,Самара 3,3 room,107.0,102000.0,953.2710280373832,4,5,0,0,1,друго,неизвестно,,,,,,,,,,,2,20,среден
Стара Загора област,гр. Стара Загора,Самара 3,3 room,107.0,102000.0,953.2710280373832,3,5,0,0,1,друго,неизвестно,,,,,,,,,,,2,20,среден
Стара Загора област,гр. Стара Загора,Център,3 room,107.0,102372.0,956.7476635514018,2,2,0,1,0,друго,неизвестно,,,,,,,,,,,3,20,среден
Стара Загора област,гр. Стара Загора,Самара 3,3 room,109.0,103000.0,944.954128440367,2,6,0,0,1,друго,неизвестно,,,,,,,,,,,2,20,среден
Стара Загора област,гр. Стара Загора,Център,commercial,78.0,103000.0,1320.5128205128206,0,3,0,0,1,друго,изток,,,,,,,,,,,1,20,среден
Стара Загора област,гр. Стара Загора,Център,2 room,69.0,103500.0,1500.0,4,9,0,0,1,друго,неизвестно,,,,,,1.0,,,,,2,20,среден
Стара Загора област,гр. Стара Загора,Три чучура,3 room,100.0,104000.0,1040.0,4,5,0,0,1,друго,север,,,,,,,,,,,1,20,среден
Стара Загора област,гр. Стара Загора,Аязмото,2 room,75.0,104000.0,1386.6666666666667,1,3,1,0,0,друго,неизвестно,,,,,,,,,,,1,20,среден
Стара Загора област,гр. Стара Загора,Самара 3,3 room,109.0,104000.0,954.1284403669724,3,5,0,0,1,друго,неизвестно,,,,,,,,,,,2,20,среден
Стара Загора област,гр. Стара Загора,Център,2 room,80.0,104900.0,1311.25,2,2,0,1,0,друго,неизвестно,,,,,,,,,,1.0,1,20,среден
Стара Загора област,гр. Стара Загора,Център,3 room,74.0,105000.0,1418.918918918919,1,3,1,0,0,друго,неизвестно,,,,,,,,,,,1,20,среден
Стара Загора област,гр. Стара Загора,Железник,3 room,106.0,105000.0,990.566037735849,4,7,0,0,1,друго,запад,,,,,,,,,,,2,3,нов
Стара Загора област,гр. Стара Загора,Железник,commercial,80.0,105000.0,1312.5,1,3,1,0,0,друго,изток,,,,,,,,,,,1,20,среден
Стара Загора област,гр. Стара Загора,Самара 3,3 room,110.0,105000.0,954.5454545454545,2,5,0,0,1,друго,неизвестно,,,,,,,,,,,2,20,среден
Стара Загора област,гр. Стара Загора,Център,2 room,48.0,105000.0,2187.5,2,5,0,0,1,друго,неизвестно,,,,,,,,,,,1,20,среден
Стара Загора област,гр. Стара Загора,Железник,3 room,105.0,105400.0,1003.8095238095239,2,6,0,0,1,друго,запад,1.0,,,,,,,,,,3,20,среден
Стара Загора област,гр. Стара Загора,Център,2 room,85.0,105900.0,1245.8823529411766,2,9,0,0,1,друго,неизвестно,,,,,,1.0,,,,,2,20,среден
Стара Загора област,гр. Стара Загора,Железник,3 room,107.0,106000.0,990.6542056074767,4,7,0,0,1,друго,запад,,,,,,,,,,,2,3,нов
Стара Загора област,гр. Стара Загора,Самара 3,3 room,111.0,106000.0,954.9549549549549,2,6,0,0,1,друго,неизвестно,,,,,,,,,,,2,20,среден
Стара Загора област,гр. Стара Загора,Самара 3,3 room,111.0,106000.0,954.9549549549549,3,5,0,0,1,друго,неизвестно,,,,,,,,,,,2,20,среден
Стара Загора област,гр. Стара Загора,Аязмото,2 room,61.0,106000.0,1737.704918032787,1,3,1,0,0,друго,неизвестно,,,,,,,,,,,1,20,среден
Стара Загора област,гр. Стара Загора,Железник,3 room,119.0,106902.0,898.3361344537815,5,5,0,1,0,друго,неизвестно,,,,,,,,,,,3,20,среден
Стара Загора област,гр. Стара Загора,Център,2 room,93.0,107500.0,1155.9139784946237,6,6,0,1,0,друго,изток,,,,,,,,,,1.0,1,20,среден
Стара Загора област,гр. Стара Загора,Железник,2 room,94.0,107500.0,1143.6170212765958,6,6,0,1,0,друго,изток,,,,,,,,,,,2,20,среден
Стара Загора област,гр. Стара Загора,Аязмото,2 room,93.0,107500.0,1155.9139784946237,0,6,0,0,1,друго,изток,,,,,,,,,,,2,3,нов
Стара Загора област,гр. Стара Загора,кв. Бедечка,2 room,80.0,107541.0,1344.2625,2,4,0,0,1,друго,неизвестно,,,,,,,,,,,1,20,среден
Стара Загора област,гр. Стара Загора,Железник,3 room,119.0,107667.0,904.7647058823529,4,6,0,0,1,друго,запад,,,,,,,,,,,3,20,среден
Стара Загора област,гр. Стара Загора,кв. Бедечка,2 room,80.0,107757.0,1346.9625,2,4,0,0,1,друго,неизвестно,,,,,,,,,,,1,20,среден
Стара Загора област,гр. Стара Загора,кв. Бедечка,2 room,80.0,107757.0,1346.9625,3,4,0,0,1,друго,неизвестно,,,,,,,,,,,1,20,среден
Стара Загора област,гр. Стара Загора,Студентско градче - Атюрен,2 room,90.0,107900.0,1198.888888888889,2,7,0,0,1,друго,неизвестно,,,,,,,,,,,2,20,среден
Стара Загора област,гр. Стара Загора,кв. Бедечка,2 room,80.0,108095.0,1351.1875,2,4,0,0,1,друго,неизвестно,,,,,,,,,,,1,20,среден
Стара Загора област,гр. Стара Загора,кв. Бедечка,2 room,80.0,108095.0,1351.1875,3,4,0,0,1,друго,неизвестно,,,,,,,,,,,1,20,среден
Стара Загора област,гр. Стара Загора,Самара 3,other,90.0,108200.0,1202.2222222222222,0,5,1,0,0,друго,неизвестно,,,,,,,,,,,2,20,среден
Стара Загора област,гр. Стара Загора,Била,2 room,73.0,109500.0,1500.0,4,9,0,0,1,друго,неизвестно,,,,,,,,,,,1,20,среден
Стара Загора област,гр. Стара Загора,Център,2 room,66.0,109900.0,1665.1515151515152,1,9,1,0,0,друго,неизвестно,,,,,,1.0,,,,,2,20,среден
Стара Загора област,гр. Стара Загора,Център,2 room,81.0,109900.0,1356.79012345679,2,9,0,0,1,друго,неизвестно,,,,,,1.0,,,,,2,20,среден
Стара Загора област,гр. Стара Загора,Три чучура,other,152.0,110000.0,723.6842105263158,1,3,1,0,0,друго,север,,,,,,,,,,,1,20,среден
Стара Загора област,гр. Стара Загора,кв. Индустриален,land/plot,650.0,110500.0,170.0,1,3,1,0,0,друго,запад,,,,,,,,,,,2,20,среден
Стара Загора област,гр. Стара Загора,Център,2 room,85.0,111500.0,1311.764705882353,2,9,0,0,1,друго,неизвестно,,,,,,,,,,,1,20,среден
Стара Загора област,гр. Стара Загора,Център,2 room,64.0,111500.0,1742.1875,1,9,1,0,0,друго,неизвестно,,,,,,1.0,,,,,2,20,среден
Стара Загора област,гр. Стара Загора,Самара 3,3 room,89.0,111900.0,1257.3033707865168,2,9,0,0,1,друго,неизвестно,,,,,,,,,,,1,20,среден
Стара Загора област,гр. Стара Загора,Център,3 room,86.0,112000.0,1302.3255813953488,5,6,0,0,1,друго,запад,,,,,,,,,,,1,20,среден
Стара Загора област,гр. Стара Загора,Три чучура,3 room,60.0,113000.0,1883.3333333333333,6,6,0,1,0,друго,неизвестно,,,,,,,,,,,1,20,среден
Стара Загора област,гр. Стара Загора,Център,3 room,71.0,113000.0,1591.5492957746478,1,3,1,0,0,друго,неизвестно,1.0,,,,,,,,,,1,20,среден
Стара Загора област,гр. Стара Загора,Център,2 room,75.0,113000.0,1506.6666666666667,8,9,0,0,1,друго,неизвестно,,,,,,1.0,,,,,2,20,среден
Стара Загора област,гр. Стара Загора,Железник,3 room,115.0,113000.0,982.6086956521739,4,7,0,0,1,друго,запад,,,,,,,,,,,2,3,нов
Стара Загора област,гр. Стара Загора,Самара 1,multi-room,111.0,113000.0,1018.018018018018,4,5,0,0,1,друго,неизвестно,,,,,,,,,,,1,20,среден
Стара Загора област,гр. Стара Загора,Три чучура,3 room,98.0,113500.0,1158.1632653061224,2,8,0,0,1,друго,неизвестно,,,,,,,,,,,2,20,среден
Стара Загора област,гр. Стара Загора,Три чучура,3 room,98.0,113500.0,1158.1632653061224,2,8,0,0,1,друго,неизвестно,,,,,,,,,,,2,20,среден
Стара Загора област,гр. Стара Загора,Опълченски,3 room,57.0,114000.0,2000.0,2,5,0,0,1,друго,неизвестно,,,,,,,,,,,1,20,среден
Стара Загора област,гр. Стара Загора,Три чучура,3 room,89.0,114000.0,1280.8988764044943,5,5,0,1,0,друго,север,,,,,,,,,,,1,20,среден
Стара Загора област,гр. Стара Загора,Железник,3 room,114.0,114000.0,1000.0,2,7,0,0,1,друго,запад,,,,,,,,,,,3,20,среден
Стара Загора област,гр. Стара Загора,Самара 3,3 room,92.0,114500.0,1244.5652173913043,3,9,0,0,1,друго,неизвестно,,,,,,,,,,,2,20,среден
Стара Загора област,гр. Стара Загора,Аязмото,2 room,76.0,114900.0,1511.842105263158,2,9,0,0,1,друго,неизвестно,,,,,,,,,,,2,20,среден
Стара Загора област,гр. Стара Загора,Аязмото,2 room,77.0,114900.0,1492.2077922077922,2,9,0,0,1,друго,изток,,,,,,,,,,,2,3,нов
Стара Загора област,гр. Стара Загора,Аязмото,2 room,76.0,114900.0,1511.842105263158,2,9,0,0,1,друго,неизвестно,,,,,,,,,,,1,20,среден
Стара Загора област,гр. Стара Загора,Железник,3 room,84.0,115000.0,1369.047619047619,8,8,0,1,0,друго,запад,,,,,,,,,,,1,20,среден
Стара Загора област,гр. Стара Загора,Център,other,89.0,115000.0,1292.1348314606741,4,5,0,0,1,друго,неизвестно,,,,,,,,,,,1,20,среден
Стара Загора област,гр. Стара Загора,Самара 3,3 room,121.0,115000.0,950.4132231404959,3,5,0,0,1,друго,неизвестно,,,,,,,,,,,2,20,среден
Стара Загора област,гр. Стара Загора,Казански,3 room,95.0,115000.0,1210.5263157894738,2,6,0,0,1,друго,неизвестно,,,,,,,,,,1.0,2,20,среден
Стара Загора област,гр. Стара Загора,Самара 1,3 room,115.0,115490.0,1004.2608695652174,3,7,0,0,1,друго,неизвестно,,,,,,,,,,,1,20,среден
Стара Загора област,гр. Стара Загора,Казански - Изток,3 room,92.0,115600.0,1256.5217391304348,5,5,0,1,0,друго,изток,,,1.0,,,,,,,,2,3,нов
Стара Загора област,гр. Стара Загора,Аязмото,3 room,86.0,116000.0,1348.8372093023256,8,8,0,1,0,друго,неизвестно,,,,,1.0,,,,,,1,20,среден
Стара Загора област,гр. Стара Загора,Център,other,88.0,116000.0,1318.1818181818182,2,4,0,0,1,друго,неизвестно,,,,,,,,,,,1,20,среден
Стара Загора област,гр. Стара Загора,Център,2 room,83.0,116900.0,1408.433734939759,2,9,0,0,1,друго,неизвестно,,,,,,1.0,,,,,2,20,среден
Стара Загора област,гр. Стара Загора,Център,3 room,70.0,117000.0,1671.4285714285713,11,15,0,0,1,друго,юг,,,,,1.0,,,1.0,,,1,20,среден
Стара Загора област,гр. Стара Загора,Казански,3 room,98.0,117000.0,1193.8775510204082,3,6,0,0,1,друго,неизвестно,,,,,,,,,,,2,20,среден
Стара Загора област,гр. Стара Загора,Казански,3 room,97.0,117000.0,1206.1855670103093,5,6,0,0,1,друго,неизвестно,,,,,,,,,,,2,20,среден
Стара Загора област,гр. Стара Загора,Център,3 room,97.0,117000.0,1206.1855670103093,3,3,0,1,0,друго,неизвестно,,,,,,,,,,,1,20,среден
Стара Загора област,гр. Стара Загора,Железник,3 room,123.0,117000.0,951.219512195122,4,6,0,0,1,друго,запад,,,1.0,,,,,,,,2,3,нов
Стара Загора област,гр. Стара Загора,Самара 3,3 room,94.0,117500.0,1250.0,8,9,0,0,1,друго,неизвестно,,,,,,,,,,,1,20,среден
Стара Загора област,гр. Стара Загора,Аязмото,3 room,98.0,118500.0,1209.1836734693877,2,5,0,0,1,друго,неизвестно,,,1.0,,,,,,,,2,3,нов
Стара Загора област,гр. Стара Загора,Студентско градче - Атюрен,3 room,96.0,118900.0,1238.5416666666667,1,7,1,0,0,друго,неизвестно,,,,,,,,,,,2,20,среден
Стара Загора област,гр. Стара Загора,Център,2 room,84.0,118900.0,1415.4761904761904,1,9,1,0,0,друго,неизвестно,,,,,,,,,,,1,20,среден
Стара Загора област,гр. Стара Загора,Център,other,88.0,119000.0,1352.2727272727273,4,4,0,1,0,друго,неизвестно,,,,,,,,,,,1,20,среден
Стара Загора област,гр. Стара Загора,Център,2 room,70.0,119000.0,1700.0,2,4,0,0,1,друго,изток,,,,,,,,,,,1,20,среден
Стара Загора област,гр. Стара Загора,Аязмото,2 room,91.0,119000.0,1307.6923076923076,1,9,1,0,0,друго,неизвестно,,,,,,,,,,,3,20,среден
Стара Загора област,гр. Стара Загора,Железник,3 room,99.0,119500.0,1207.0707070707072,2,6,0,0,1,друго,изток-запад,,,,,,,,,,,1,20,среден
Стара Загора област,гр. Стара Загора,Железник,3 room,99.0,119500.0,1207.0707070707072,5,6,0,0,1,друго,изток-запад,,,,,,,,,,,1,20,среден
Стара Загора област,гр. Стара Загора,Център,3 room,99.0,119500.0,1207.0707070707072,2,2,0,1,0,друго,изток,,,,,,,,,,1.0,1,20,среден
Стара Загора област,гр. Стара Загора,Център,2 room,63.0,120000.0,1904.7619047619048,4,4,0,1,0,друго,неизвестно,,,,,,,,,,,1,20,среден
Стара Загора област,гр. Стара Загора,Самара 3,3 room,94.0,120000.0,1276.595744680851,8,9,0,0,1,друго,неизвестно,,,,,,,,,,,2,20,среден
Стара Загора област,гр. Стара Загора,Самара 3,3 room,96.0,120000.0,1250.0,2,3,0,0,1,друго,неизвестно,,,,,,,,,,,2,20,среден
Стара Загора област,гр. Стара Загора,Самара 3,3 room,89.0,120000.0,1348.314606741573,3,7,0,0,1,друго,неизвестно,,,,,,,,,,,2,20,среден
Стара Загора област,гр. Стара Загора,Самара 2,other,83.0,120000.0,1445.7831325301204,1,3,1,0,0,друго,неизвестно,,,,,,,,,,,1,20,среден
Стара Загора област,гр. Стара Загора,Самара 3,3 room,89.0,120000.0,1348.314606741573,7,7,0,1,0,друго,неизвестно,,,,,,,,,,,2,20,среден
Стара Загора област,гр. Стара Загора,Център,3 room,63.0,120000.0,1904.7619047619048,4,4,0,1,0,друго,неизвестно,,,,,,,,,,,1,20,среден
Стара Загора област,гр. Стара Загора,Център,other,83.0,120000.0,1445.7831325301204,5,7,0,0,1,друго,неизвестно,,,,,1.0,,,,,,1,20,среден
Стара Загора област,гр. Стара Загора,Железник,house,125.0,120000.0,960.0,1,3,1,0,0,друго,запад,,,,,,,,,,,1,20,среден
Стара Загора област,гр. Стара Загора,Самара 3,3 room,101.0,121000.0,1198.019801980198,4,4,0,1,0,друго,неизвестно,,,,,,,,,,,2,20,среден
Стара Загора област,гр. Стара Загора,Железник,3 room,99.0,121000.0,1222.2222222222222,2,6,0,0,1,друго,изток,,,,,,,,,,,2,20,среден
Стара Загора област,гр. Стара Загора,Самара 3,2 room,76.0,121200.0,1594.7368421052631,2,4,0,0,1,друго,неизвестно,,,,,,,,,,,2,3,нов
Стара Загора област,гр. Стара Загора,Аязмото,3 room,84.0,121500.0,1446.4285714285713,2,8,0,0,1,друго,неизвестно,,,,,,,1.0,,,,1,1,нов
Стара Загора област,гр. Стара Загора,Самара 3,3 room,94.0,121900.0,1296.8085106382978,7,7,0,1,0,друго,неизвестно,,,,,,,,,,,1,20,среден
Стара Загора област,гр. Стара Загора,Самара 3,3 room,94.0,121900.0,1296.8085106382978,7,7,0,1,0,друго,неизвестно,,,,,,,,,,,1,20,среден
Стара Загора област,гр. Стара Загора,Железник,2 room,74.0,122000.0,1648.6486486486488,4,7,0,0,1,друго,запад,,,,,,,,,,,2,3,нов
Стара Загора област,гр. Стара Загора,Център,3 room,123.0,122700.0,997.560975609756,4,5,0,0,1,друго,неизвестно,,,1.0,,,,,,,,2,3,нов
Стара Загора област,гр. Стара Загора,Самара 3,3 room,90.0,122900.0,1365.5555555555557,1,9,1,0,0,друго,неизвестно,,,,,,,,,,,2,20,среден
Стара Загора област,гр. Стара Загора,Център,3 room,123.0,123000.0,1000.0,3,5,0,0,1,друго,юг-север,,,,,,,1.0,,,,2,1,нов
Стара Загора област,гр. Стара Загора,Самара 1,3 room,123.0,123340.0,1002.7642276422764,3,7,0,0,1,друго,неизвестно,,,,,,,,,,,1,20,среден
Стара Загора област,гр. Стара Загора,Самара 3,3 room,98.0,123500.0,1260.204081632653,5,9,0,0,1,друго,неизвестно,,,,,,,,,,,2,20,среден
Стара Загора област,гр. Стара Загора,Самара 3,3 room,99.0,123500.0,1247.4747474747476,5,9,0,0,1,друго,неизвестно,,,,,,,,,,,2,20,среден
Стара Загора област,гр. Стара Загора,Самара 3,3 room,99.0,123500.0,1247.4747474747476,5,9,0,0,1,друго,неизвестно,,,,,,,,,,,2,20,среден
Стара Загора област,гр. Стара Загора,Студентско градче - Атюрен,2 room,90.0,123500.0,1372.2222222222222,1,7,1,0,0,друго,неизвестно,,,,,,,,,,,2,20,среден
Стара Загора област,гр. Стара Загора,Казански,3 room,96.0,123900.0,1290.625,2,6,0,0,1,друго,неизвестно,,,,,,,,,,,2,20,среден
Стара Загора област,гр. Стара Загора,Казански,3 room,95.0,123900.0,1304.2105263157894,2,6,0,0,1,друго,неизвестно,,,,,,,,,,,3,20,среден
Стара Загора област,гр. Стара Загора,Аязмото,2 room,64.0,124500.0,1945.3125,5,6,0,0,1,друго,неизвестно,,,,,,,,,,,2,20,среден
Стара Загора област,гр. Стара Загора,Аязмото,3 room,88.0,124500.0,1414.7727272727273,6,8,0,0,1,друго,неизвестно,,,,,,,1.0,,,,1,1,нов
Стара Загора област,гр. Стара Загора,Аязмото,2 room,62.0,124500.0,2008.0645161290322,4,6,0,0,1,друго,север,,,,,,,,,,,1,20,среден
Стара Загора област,гр. Стара Загора,Опълченски,3 room,96.0,125000.0,1302.0833333333333,3,4,0,0,1,друго,неизвестно,,,,,,,,,,,1,20,среден
Стара Загора област,гр. Стара Загора,Център,other,90.0,125000.0,1388.888888888889,1,4,1,0,0,друго,неизвестно,,,,,,,,,,,1,20,среден
Стара Загора област,гр. Стара Загора,Самара 3,3 room,97.0,125900.0,1297.9381443298969,7,7,0,1,0,друго,неизвестно,,,,,,,,,,,1,20,среден
Стара Загора област,гр. Стара Загора,Казански,3 room,97.0,126500.0,1304.1237113402062,2,6,0,0,1,друго,неизвестно,,,,,,,,,,,3,20,среден
Стара Загора област,гр. Стара Загора,Казански,3 room,97.0,126500.0,1304.1237113402062,3,6,0,0,1,друго,неизвестно,,,,,,,,,,,3,20,среден
Стара Загора област,гр. Стара Загора,Казански,3 room,97.0,126500.0,1304.1237113402062,4,6,0,0,1,друго,неизвестно,,,,,,,,,,,3,20,среден
Стара Загора област,гр. Стара Загора,Аязмото,3 room,85.0,126500.0,1488.235294117647,2,9,0,0,1,друго,неизвестно,,,,,,,,,,,2,20,среден
Стара Загора област,гр. Стара Загора,кв. Бедечка,2 room,80.0,126576.0,1582.2,2,4,0,0,1,друго,неизвестно,,,,,,,,,,,1,20,среден
Стара Загора област,гр. Стара Загора,Железник,2 room,88.0,128000.0,1454.5454545454545,1,5,1,0,0,друго,изток,,,,,,,,,,,2,20,среден
Стара Загора област,гр. Стара Загора,Железник,2 room,88.0,128000.0,1454.5454545454545,1,5,1,0,0,друго,изток,,,,,,,,,,,2,20,среден
Стара Загора област,гр. Стара Загора,Казански - Изток,commercial,91.0,128333.0,1410.2527472527472,1,3,1,0,0,друго,изток,,,,,,,,,,,2,3,нов
Стара Загора област,гр. Стара Загора,Самара 3,3 room,107.0,129000.0,1205.607476635514,4,5,0,0,1,друго,неизвестно,,,,,,,,,,,2,20,среден
Стара Загора област,гр. Стара Загора,Център,2 room,70.0,129000.0,1842.857142857143,2,5,0,0,1,друго,неизвестно,,,,,,,,,,1.0,1,20,среден
Стара Загора област,гр. Стара Загора,Железник,3 room,108.0,129000.0,1194.4444444444443,2,6,0,0,1,друго,изток,,,,,,,,,,,1,20,среден
Стара Загора област,гр. Стара Загора,Център,3 room,74.0,129500.0,1750.0,2,6,0,0,1,друго,неизвестно,,,,,,,,,,,1,20,среден
Стара Загора област,гр. Стара Загора,Аязмото,3 room,89.0,129500.0,1455.056179775281,5,9,0,0,1,друго,неизвестно,,,,,,,,,,,2,20,среден
Стара Загора област,гр. Стара Загора,Център,other,84.0,130000.0,1547.6190476190477,1,4,1,0,0,друго,неизвестно,,,,,,,,,,,1,20,среден
Стара Загора област,гр. Стара Загора,Казански,3 room,100.0,130000.0,1300.0,3,9,0,0,1,друго,неизвестно,,,,,,,,,,,1,20,среден
Стара Загора област,гр. Стара Загора,Широк център,3 room,130.0,130000.0,1000.0,6,6,0,1,0,друго,неизвестно,,,,,,,,,,,1,20,среден
Стара Загора област,гр. Стара Загора,Операта,other,99.0,130000.0,1313.1313131313132,1,3,1,0,0,друго,неизвестно,,,,,,,,,,,1,20,среден
Стара Загора област,гр. Стара Загора,Аязмото,other,132.0,131000.0,992.4242424242424,2,5,0,0,1,друго,неизвестно,,,1.0,,,,,,,,2,3,нов
Стара Загора област,гр. Стара Загора,Самара 3,3 room,109.0,131000.0,1201.834862385321,5,5,0,1,0,друго,неизвестно,,,,,,,,,,,2,20,среден
Стара Загора област,гр. Стара Загора,Железник,3 room,109.0,131000.0,1201.834862385321,4,5,0,0,1,друго,изток,,,,,,,,,,,2,20,среден
Стара Загора област,гр. Стара Загора,Железник,3 room,146.0,131418.0,900.1232876712329,5,5,0,1,0,друго,запад,,,,,,,,,,,3,20,среден
Стара Загора област,гр. Стара Загора,Център,3 room,74.0,131800.0,1781.081081081081,2,5,0,0,1,друго,неизвестно,,,,,,,,,,,1,20,среден
Стара Загора област,гр. Стара Загора,Самара 3,3 room,102.0,132500.0,1299.0196078431372,8,9,0,0,1,друго,неизвестно,,,,,,,,,,,1,20,среден
Стара Загора област,гр. Стара Загора,Център,3 room,67.0,133000.0,1985.0746268656717,3,8,0,0,1,друго,изток,,,,,,,,,,,1,20,среден
Стара Загора област,гр. Стара Загора,Самара 3,3 room,111.0,133500.0,1202.7027027027027,2,5,0,0,1,друго,неизвестно,,,,,,,,,,,2,20,среден
Стара Загора област,гр. Стара Загора,Самара 3,3 room,103.0,133900.0,1300.0,3,4,0,0,1,друго,неизвестно,,,,,,,,,,,2,20,среден
Стара Загора област,гр. Стара Загора,Аязмото,2 room,67.0,133900.0,1998.5074626865671,8,9,0,0,1,друго,неизвестно,,,,,,,,,,,3,20,среден
Стара Загора област,гр. Стара Загора,Център,3 room,72.0,133900.0,1859.7222222222222,3,6,0,0,1,друго,неизвестно,,,,,,,,,,,1,20,среден
Стара Загора област,гр. Стара Загора,Аязмото,2 room,67.0,133900.0,1998.5074626865671,8,9,0,0,1,друго,неизвестно,,,,,,,,,,,2,20,среден
Стара Загора област,гр. Стара Загора,Три чучура,3 room,103.0,134500.0,1305.8252427184466,3,8,0,0,1,друго,неизвестно,,,,,,,,,,,2,20,среден
Стара Загора област,гр. Стара Загора,Център,3 room,100.0,135000.0,1350.0,2,4,0,0,1,друго,неизвестно,,,,,,,,,,,1,20,среден
Стара Загора област,гр. Стара Загора,Център,3 room,96.0,135000.0,1406.25,2,5,0,0,1,друго,неизвестно,,,,,,,,,,,1,20,среден
Стара Загора област,гр. Стара Загора,Център,other,90.0,135000.0,1500.0,5,5,0,1,0,друго,неизвестно,,,,,,,,,,,1,20,среден
Стара Загора област,гр. Стара Загора,Самара 3,3 room,104.0,135000.0,1298.076923076923,5,9,0,0,1,друго,неизвестно,,,,,,,,,,,2,20,среден
Стара Загора област,гр. Стара Загора,Център,3 room,97.0,135000.0,1391.7525773195875,2,5,0,0,1,друго,юг-изток-запад,1.0,,,,,,,,,,3,20,среден
Стара Загора област,гр. Стара Загора,Самара 3,3 room,102.0,135000.0,1323.5294117647059,1,6,1,0,0,друго,неизвестно,,,,,,,1.0,,,,1,1,нов
Стара Загора област,гр. Стара Загора,Самара 3,3 room,104.0,135000.0,1298.076923076923,5,9,0,0,1,друго,неизвестно,,,,,,,,,,,2,20,среден
Стара Загора област,гр. Стара Загора,Център,3 room,80.0,135000.0,1687.5,1,3,1,0,0,друго,неизвестно,,,,,,,,,,,1,20,среден
Стара Загора област,гр. Стара Загора,Център,other,95.0,135000.0,1421.0526315789473,2,4,0,0,1,друго,неизвестно,,,,,,,,,,,1,20,среден
Стара Загора област,гр. Стара Загора,Железник,3 room,106.0,135000.0,1273.5849056603774,1,5,1,0,0,друго,запад,,,1.0,,,,,,,,1,20,среден
Стара Загора област,гр. Стара Загора,Аязмото,3 room,90.0,136000.0,1511.111111111111,2,8,0,0,1,друго,неизвестно,,,,,,,,,,,3,20,среден
Стара Загора област,гр. Стара Загора,Ремиза,3 room,62.0,137000.0,2209.6774193548385,3,8,0,0,1,друго,неизвестно,,,,,1.0,,,,,,1,20,среден
Стара Загора област,гр. Стара Загора,Център,3 room,63.0,138000.0,2190.4761904761904,14,14,0,1,0,друго,неизвестно,,,,,,,,,,,1,20,среден
Стара Загора област,гр. Стара Загора,Операта,2 room,59.0,139000.0,2355.9322033898306,8,14,0,0,1,друго,неизвестно,,,,,,,,,,,1,20,среден
Стара Загора област,гр. Стара Загора,Опълченски,2 room,71.0,139000.0,1957.7464788732395,3,4,0,0,1,друго,неизвестно,,,,,1.0,,,,,,1,1,нов
Стара Загора област,гр. Стара Загора,Опълченски,2 room,71.0,139000.0,1957.7464788732395,3,4,0,0,1,друго,неизвестно,,,,,,,,,,,1,20,среден
Стара Загора област,гр. Стара Загора,Център,2 room,71.0,139000.0,1957.7464788732395,3,4,0,0,1,друго,неизвестно,,,,,1.0,,,,,,1,20,среден
Стара Загора област,гр. Стара Загора,Железник,3 room,92.0,139000.0,1510.8695652173913,6,6,0,1,0,друго,изток,,,,,,,,,,,1,1,нов
Стара Загора област,гр. Стара Загора,Казански,3 room,111.0,139900.0,1260.3603603603603,4,6,0,0,1,друго,неизвестно,,,,,,,,,,,2,20,среден
Стара Загора област,гр. Стара Загора,Център,multi-room,106.0,139900.0,1319.811320754717,3,8,0,0,1,друго,неизвестно,,,,,,,,,,,1,20,среден
Стара Загора област,гр. Стара Загора,Аязмото,3 room,169.0,139900.0,827.810650887574,1,9,1,0,0,друго,неизвестно,,,,,,,1.0,,,,2,1,нов
Стара Загора област,гр. Стара Загора,Казански,3 room,111.0,139900.0,1260.3603603603603,2,6,0,0,1,друго,неизвестно,,,,,,,,,,,2,20,среден
Стара Загора област,гр. Стара Загора,Самара 3,3 room,116.0,140000.0,1206.896551724138,2,5,0,0,1,друго,неизвестно,,,,,,,,,,,2,20,среден
Стара Загора област,гр. Стара Загора,Казански - Изток,3 room,112.0,140720.0,1256.4285714285713,6,6,0,1,0,друго,изток,,,,,,,,,,,2,20,среден
Стара Загора област,гр. Стара Загора,Център,3 room,109.0,141900.0,1301.834862385321,1,9,1,0,0,друго,неизвестно,,,,,,,,,,,1,20,среден
Стара Загора област,гр. Стара Загора,Център,3 room,109.0,141900.0,1301.834862385321,2,2,0,1,0,друго,неизвестно,,,,,,,,,,1.0,1,20,среден
Стара Загора област,гр. Стара Загора,Самара 3,3 room,105.0,141900.0,1351.4285714285713,1,9,1,0,0,друго,неизвестно,,,,,,,,,,,2,20,среден
Стара Загора област,гр. Стара Загора,Аязмото,3 room,110.0,142900.0,1299.090909090909,2,9,0,0,1,друго,неизвестно,,,,,,,,,,,2,20,среден
Стара Загора област,гр. Стара Загора,Казански - Изток,3 room,92.0,143000.0,1554.3478260869565,4,4,0,1,0,друго,изток,,,,,,,,,,,1,20,среден
Стара Загора област,гр. Стара Загора,Ремиза,3 room,96.0,143500.0,1494.7916666666667,4,6,0,0,1,друго,неизвестно,,,,,,,,,,,2,20,среден
Стара Загора област,гр. Стара Загора,Самара 3,3 room,111.0,143900.0,1296.3963963963963,3,9,0,0,1,друго,неизвестно,,,,,,,,,,,2,20,среден
Стара Загора област,гр. Стара Загора,Широк център,3 room,96.0,144000.0,1500.0,4,6,0,0,1,друго,неизвестно,,,,,1.0,,,,,,1,20,среден
Стара Загора област,гр. Стара Загора,Център,3 room,96.0,144000.0,1500.0,4,5,0,0,1,друго,неизвестно,,,,,,,,,,,1,20,среден
Стара Загора област,гр. Стара Загора,Самара 3,3 room,116.0,145000.0,1250.0,2,4,0,0,1,друго,неизвестно,,,,,,,,,,,2,20,среден
Стара Загора област,гр. Стара Загора,Център,2 room,80.0,145000.0,1812.5,3,6,0,0,1,друго,неизвестно,,,1.0,,1.0,,,,,,1,20,среден
Стара Загора област,гр. Стара Загора,Център,commercial,90.0,145000.0,1611.111111111111,1,6,1,0,0,друго,изток,,,,,,,,,,,1,20,среден
Стара Загора област,гр. Стара Загора,Център,3 room,93.0,145000.0,1559.1397849462367,4,5,0,0,1,друго,неизвестно,,,,,,,,,,,1,20,среден
Стара Загора област,гр. Стара Загора,Казански - Изток,3 room,93.0,146000.0,1569.8924731182797,3,4,0,0,1,друго,изток,,,,,,,,,,,2,3,нов
Стара Загора област,гр. Стара Загора,Център,3 room,146.0,146020.0,1000.1369863013699,5,5,0,1,0,друго,неизвестно,,,,,,,,,,1.0,2,20,среден
Стара Загора област,гр. Стара Загора,Център,3 room,86.0,148000.0,1720.9302325581396,1,4,1,0,0,друго,неизвестно,,,,,1.0,,,,,,1,20,среден
Стара Загора област,гр. Стара Загора,Казански,3 room,110.0,148500.0,1350.0,2,6,0,0,1,друго,неизвестно,,,,,,,,,,,2,20,среден
Стара Загора област,гр. Стара Загора,Център,3 room,92.0,148500.0,1614.1304347826087,1,9,1,0,0,друго,неизвестно,,,,,,1.0,,,,,2,20,среден
Стара Загора област,гр. Стара Загора,Железник,3 room,99.0,148500.0,1500.0,1,6,1,0,0,друго,изток,,,,,,,,,,,2,20,среден
Стара Загора област,гр. Стара Загора,Казански,3 room,110.0,148500.0,1350.0,2,6,0,0,1,друго,неизвестно,,,,,,,,,,,3,20,среден
Стара Загора област,гр. Стара Загора,Железник,3 room,123.0,148500.0,1207.3170731707316,5,6,0,0,1,друго,изток-запад,,,,,,,,,,,1,20,среден
Стара Загора област,гр. Стара Загора,Център,other,123.0,148500.0,1207.3170731707316,3,3,0,1,0,друго,изток,,,,,,,,,,1.0,1,20,среден
Стара Загора област,гр. Стара Загора,Център,commercial,68.0,149000.0,2191.176470588235,1,3,1,0,0,друго,неизвестно,,,,,,,,1.0,,,1,20,среден
Стара Загора област,гр. Стара Загора,Център,3 room,86.0,149000.0,1732.5581395348838,2,4,0,0,1,друго,неизвестно,,,,,,,,1.0,,,1,20,среден
Стара Загора област,гр. Стара Загора,Център,3 room,90.0,149999.0,1666.6555555555556,7,9,0,0,1,друго,неизвестно,,,,,1.0,,,,,,2,3,нов
Стара Загора област,гр. Стара Загора,Център,other,110.0,150000.0,1363.6363636363637,4,4,0,1,0,друго,неизвестно,,,,,,,,,,,1,20,среден
Стара Загора област,гр. Стара Загора,Център,other,88.0,150000.0,1704.5454545454545,6,7,0,0,1,друго,неизвестно,,,,,,,,,,,1,20,среден
Стара Загора област,гр. Стара Загора,Кольо Ганчев,house,180.0,150000.0,833.3333333333334,1,3,1,0,0,друго,неизвестно,,,,,,,,,,,1,20,среден
Стара Загора област,гр. Стара Загора,Казански,3 room,112.0,151000.0,1348.2142857142858,4,6,0,0,1,друго,неизвестно,,,,,,,,,,,2,20,среден
Стара Загора област,гр. Стара Загора,Казански,3 room,112.0,151000.0,1348.2142857142858,2,6,0,0,1,друго,неизвестно,,,,,,,,,,,3,20,среден
Стара Загора област,гр. Стара Загора,Казански,3 room,112.0,151000.0,1348.2142857142858,4,6,0,0,1,друго,неизвестно,,,,,,,,,,,3,20,среден
Стара Загора област,гр. Стара Загора,Аязмото,other,90.0,152000.0,1688.888888888889,6,9,0,0,1,друго,неизвестно,,,,,,,,,,,1,20,среден
Стара Загора област,гр. Стара Загора,Самара 3,3 room,132.0,152500.0,1155.3030303030303,4,4,0,1,0,друго,неизвестно,,,,,,,,,,,2,20,среден
Стара Загора област,гр. Стара Загора,Железник,3 room,123.0,153580.0,1248.6178861788617,4,6,0,0,1,друго,запад,,,,,,,1.0,,,,1,1,нов
Стара Загора област,гр. Стара Загора,Железник,3 room,129.0,153850.0,1192.6356589147288,2,6,1,0,0,друго,запад,,,,,,,,,,,3,20,среден
Стара Загора област,гр. Стара Загора,Казански,3 room,129.0,154900.0,1200.7751937984497,6,6,0,1,0,друго,неизвестно,,,,,,,,,,,2,20,среден
Стара Загора област,гр. Стара Загора,Център,3 room,80.0,155000.0,1937.5,3,4,0,0,1,друго,неизвестно,,,,,,,,,,,1,20,среден
Стара Загора област,гр. Стара Загора,Железник,3 room,124.0,155275.0,1252.217741935484,5,6,0,0,1,друго,запад,,,,,,,1.0,,,,1,1,нов
Стара Загора област,гр. Стара Загора,Железник,3 room,124.0,155275.0,1252.217741935484,2,6,1,0,0,друго,запад,,,,,,,,,,,3,20,среден
Стара Загора област,гр. Стара Загора,Железник,3 room,130.0,155900.0,1199.2307692307693,5,5,0,1,0,друго,изток,,,,,,,,,,,2,20,среден
Стара Загора област,гр. Стара Загора,Самара 3,3 room,156.0,155900.0,999.3589743589744,2,9,0,0,1,друго,неизвестно,,,,,,,,,,,1,20,среден
Стара Загора област,гр. Стара Загора,Самара 3,3 room,125.0,156500.0,1252.0,3,4,0,0,1,друго,неизвестно,,,,,,,,,,,2,20,среден
Стара Загора област,гр. Стара Загора,Три чучура,2 room,67.0,156550.0,2336.5671641791046,1,8,1,0,0,друго,юг,,,,,,,,,,,1,20,среден
Стара Загора област,гр. Стара Загора,Център,3 room,104.0,157000.0,1509.6153846153845,2,9,0,0,1,друго,неизвестно,,,,,,,,,,,1,20,среден
Стара Загора област,гр. Стара Загора,Център,3 room,85.0,157500.0,1852.9411764705883,1,5,1,0,0,друго,неизвестно,,,,,,,,,,,1,20,среден
Стара Загора област,гр. Стара Загора,Център,3 room,116.0,157900.0,1361.2068965517242,2,9,0,0,1,друго,неизвестно,,,,,,1.0,,,,,2,20,среден
Стара Загора област,гр. Стара Загора,Аязмото,3 room,90.0,158000.0,1755.5555555555557,1,6,1,0,0,друго,неизвестно,,,,,,,,,,,2,20,среден
Стара Загора област,гр. Стара Загора,Аязмото,3 room,137.0,158000.0,1153.2846715328467,0,6,0,0,1,друго,юг,,,,,,,,,,,2,3,нов
Стара Загора област,гр. Стара Загора,Аязмото,3 room,137.0,158000.0,1153.2846715328467,0,6,0,0,1,друго,юг,,,,,,,,,,,2,3,нов
Стара Загора област,гр. Стара Загора,Център,3 room,110.0,159900.0,1453.6363636363637,2,9,0,0,1,друго,неизвестно,,,,,,1.0,,,,,2,20,среден
Стара Загора област,гр. Стара Загора,Аязмото,house,193.0,160000.0,829.0155440414508,2,3,0,0,1,друго,неизвестно,,,,,,,,,,,1,20,среден
Стара Загора област,гр. Стара Загора,Кольо Ганчев,house,96.0,160000.0,1666.6666666666667,1,3,1,0,0,друго,неизвестно,,,,,,,,,,,1,20,среден
Стара Загора област,гр. Стара Загора,Аязмото,other,108.0,160000.0,1481.4814814814815,3,3,0,1,0,друго,неизвестно,,,,,,,,,,,1,20,среден
Стара Загора област,гр. Стара Загора,Самара 1,house,109.0,160000.0,1467.8899082568807,1,3,1,0,0,друго,неизвестно,,,1.0,,,,,,,,1,76,стар
Стара Загора област,гр. Стара Загора,Център,2 room,80.0,160140.0,2001.75,3,4,0,0,1,друго,неизвестно,,,,,,,,,,,1,20,среден
Стара Загора област,гр. Стара Загора,Казански,2 room,70.0,160800.0,2297.1428571428573,3,3,0,1,0,друго,неизвестно,,,,,,,,,,,1,20,среден
Стара Загора област,гр. Стара Загора,Център,2 room,70.0,160800.0,2297.1428571428573,3,7,0,0,1,друго,неизвестно,,,,,,,,,,,1,20,среден
Стара Загора област,гр. Стара Загора,Самара 3,3 room,130.0,163000.0,1253.8461538461538,2,4,0,0,1,друго,неизвестно,,,,,,,,,,,1,20,среден
Стара Загора област,гр. Стара Загора,Център,3 room,109.0,163900.0,1503.6697247706422,3,9,0,0,1,друго,неизвестно,,,,,,1.0,,,,,2,20,среден
Стара Загора област,гр. Стара Загора,Център,3 room,121.0,164500.0,1359.504132231405,4,9,0,0,1,друго,неизвестно,,,,,,1.0,,,,,2,20,среден
Стара Загора област,гр. Стара Загора,Център,3 room,110.0,164500.0,1495.4545454545455,4,9,0,0,1,друго,неизвестно,,,,,,1.0,,,,,2,20,среден
Стара Загора област,гр. Стара Загора,Център,3 room,119.0,165000.0,1386.5546218487395,2,4,0,0,1,друго,неизвестно,,,,,,,,,,,2,20,среден
Стара Загора област,гр. Стара Загора,Център,3 room,110.0,165000.0,1500.0,3,5,0,0,1,друго,неизвестно,,,,,,,,,,,1,20,среден
Стара Загора област,гр. Стара Загора,Самара 1,house,180.0,165000.0,916.6666666666666,1,3,1,0,0,друго,неизвестно,,,,,,,,,,,1,20,среден
Стара Загора област,гр. Стара Загора,Самара 3,3 room,101.0,166000.0,1643.5643564356435,1,4,1,0,0,друго,неизвестно,,,,,,,,,,,2,20,среден
Стара Загора област,гр. Стара Загора,Самара 3,other,133.0,166000.0,1248.1203007518798,2,4,0,0,1,друго,неизвестно,,,,,,,,,,,2,20,среден
Стара Загора област,гр. Стара Загора,Казански,2 room,67.0,166600.0,2486.5671641791046,3,6,0,0,1,друго,север-изток,,,,,,,,,,,1,20,среден
Стара Загора област,гр. Стара Загора,Център,3 room,109.0,166754.0,1529.8532110091744,5,6,0,0,1,друго,неизвестно,,,,,,,,,,,1,20,среден
Стара Загора област,гр. Стара Загора,Център,3 room,110.0,166900.0,1517.2727272727273,1,9,1,0,0,друго,неизвестно,,,,,,1.0,,,,,2,20,среден
Стара Загора област,гр. Стара Загора,Самара 3,3 room,133.0,166900.0,1254.8872180451128,3,4,0,0,1,друго,неизвестно,,,,,,,,,,,2,20,среден
Стара Загора област,гр. Стара Загора,Казански,3 room,94.0,167000.0,1776.595744680851,1,9,1,0,0,друго,неизвестно,,,,,,,,,,,1,3,нов
Стара Загора област,гр. Стара Загора,Аязмото,3 room,92.0,168900.0,1835.8695652173913,1,3,1,0,0,друго,неизвестно,,,,,,,,,,,1,20,среден
Стара Загора област,гр. Стара Загора,Център,3 room,113.0,169000.0,1495.575221238938,3,5,0,0,1,друго,неизвестно,,,,,,,,,,,1,20,среден
Стара Загора област,гр. Стара Загора,Аязмото,2 room,93.0,169000.0,1817.2043010752689,2,4,0,0,1,друго,неизвестно,,,,,,,,,,,1,20,среден
Стара Загора област,гр. Стара Загора,Център,multi-room,103.0,169600.0,1646.6019417475727,2,2,0,1,0,друго,неизвестно,,,,,,,,,,,1,20,среден
Стара Загора област,гр. Стара Загора,Аязмото,other,80.0,169999.0,2124.9875,1,3,1,0,0,друго,неизвестно,,,,,,,,,,,1,20,среден
Стара Загора област,гр. Стара Загора,Център,3 room,114.0,170500.0,1495.6140350877192,6,9,0,0,1,друго,неизвестно,,,,,,1.0,,,,,2,20,среден
Стара Загора област,гр. Стара Загора,Железник,3 room,153.0,171300.0,1119.6078431372548,1,5,1,0,0,друго,неизвестно,,,1.0,,,,,,,,3,1,нов
Стара Загора област,гр. Стара Загора,Железник,house,176.0,173000.0,982.9545454545455,1,3,1,0,0,друго,запад,,,,,,,,,,,2,20,среден
Стара Загора област,гр. Стара Загора,Център,house,133.0,174000.0,1308.2706766917292,1,2,1,0,0,друго,неизвестно,,,,,,,,,,,1,20,среден
Стара Загора област,гр. Стара Загора,Център,3 room,116.0,174000.0,1500.0,8,9,0,0,1,друго,неизвестно,,,,,,1.0,,,,,2,20,среден
Стара Загора област,гр. Стара Загора,Център,3 room,118.0,175000.0,1483.050847457627,4,5,0,0,1,друго,неизвестно,,,,,,,,,,,1,20,среден
Стара Загора област,гр. Стара Загора,Център,3 room,118.0,177500.0,1504.2372881355932,4,9,0,0,1,друго,неизвестно,,,,,,1.0,,,,,2,20,среден
Стара Загора област,гр. Стара Загора,Център,3 room,118.0,177500.0,1504.2372881355932,3,9,0,0,1,друго,неизвестно,,,,,,1.0,,,,,2,20,среден
Стара Загора област,гр. Стара Загора,Самара 3,3 room,178.0,177900.0,999.438202247191,9,9,0,1,0,друго,неизвестно,,,,,,,,,,,2,20,среден
Стара Загора област,гр. Стара Загора,Железник,multi-room,178.0,178000.0,1000.0,5,6,0,0,1,друго,неизвестно,,,1.0,,,,,,,,2,3,нов
Стара Загора област,гр. Стара Загора,Железник,multi-room,148.0,178000.0,1202.7027027027027,4,5,0,0,1,друго,изток,,,,,,,,,,,2,20,среден
Стара Загора област,гр. Стара Загора,Център,other,92.0,178952.0,1945.1304347826087,7,10,0,0,1,друго,неизвестно,1.0,,,,1.0,,,,,,1,20,среден
Стара Загора област,гр. Стара Загора,Център,multi-room,92.0,178952.0,1945.1304347826087,7,7,0,1,0,друго,неизвестно,,,,,,,,,,,1,20,среден
Стара Загора област,гр. Стара Загора,Самара 3,other,128.0,179300.0,1400.78125,2,3,0,0,1,друго,неизвестно,,,,,,,,,,,1,20,среден
Стара Загора област,гр. Стара Загора,Център,house,430.0,180000.0,418.6046511627907,1,3,1,0,0,друго,неизвестно,,,,,,,,,,,1,20,среден
Стара Загора област,гр. Стара Загора,Център,2 room,50.0,180000.0,3600.0,2,4,0,0,1,друго,неизвестно,,,1.0,,,,,,,1.0,1,20,среден
Стара Загора област,гр. Стара Загора,Самара 2,house,100.0,180000.0,1800.0,2,2,0,1,0,друго,неизвестно,,,,,,,,,,,1,20,среден
Стара Загора област,гр. Стара Загора,Център,3 room,90.0,181000.0,2011.111111111111,3,8,0,0,1,друго,север,,,,,,,1.0,,,1.0,2,1,нов
Стара Загора област,гр. Стара Загора,Център,multi-room,238.0,182531.0,766.936974789916,9,9,0,1,0,друго,неизвестно,,,,,,1.0,,,,,2,20,среден
Стара Загора област,гр. Стара Загора,Железник,3 room,107.0,184000.0,1719.6261682242991,1,5,1,0,0,друго,изток,,,,,,,,,,,2,20,среден
Стара Загора област,гр. Стара Загора,Център,other,100.0,185000.0,1850.0,7,8,0,0,1,друго,неизвестно,,,,,,,,,,,1,20,среден
Стара Загора област,гр. Стара Загора,Ремиза,other,152.0,185440.0,1220.0,5,6,0,0,1,друго,неизвестно,,,,,,,,,,,1,20,среден
Стара Загора област,гр. Стара Загора,Ремиза,other,153.0,186660.0,1220.0,5,6,0,0,1,друго,неизвестно,,,,,,,,,,,1,20,среден
Стара Загора област,гр. Стара Загора,Аязмото,other,153.0,189000.0,1235.2941176470588,5,9,0,0,1,друго,неизвестно,,,,,,,,,,,2,20,среден
Стара Загора област,гр. Стара Загора,Аязмото,3 room,95.0,189000.0,1989.4736842105262,4,6,0,0,1,друго,неизвестно,,,,,,,,,,,2,20,среден
Стара Загора област,гр. Стара Загора,Аязмото,3 room,94.0,189000.0,2010.6382978723404,3,6,0,0,1,друго,неизвестно,,,,,,,,,,,1,20,среден
Стара Загора област,гр. Стара Загора,Център,other,116.0,190000.0,1637.9310344827586,1,3,1,0,0,друго,неизвестно,,,,,,,,,,,1,20,среден
Стара Загора област,гр. Стара Загора,Аязмото,house,120.0,190000.0,1583.3333333333333,1,3,1,0,0,друго,неизвестно,,,,,,,,,,,1,20,среден
Стара Загора област,гр. Стара Загора,Център,3 room,165.0,190000.0,1151.5151515151515,6,6,0,1,0,друго,изток,,,,,,,,,,,1,20,среден
Стара Загора област,гр. Стара Загора,Аязмото,3 room,95.0,191000.0,2010.5263157894738,3,6,0,0,1,друго,неизвестно,,,,,,,,,,,1,20,среден
Стара Загора област,гр. Стара Загора,Център,3 room,99.0,192000.0,1939.3939393939395,7,8,0,0,1,друго,неизвестно,,,,,,,,,,,1,20,среден
Стара Загора област,гр. Стара Загора,Аязмото,other,167.0,193000.0,1155.688622754491,5,6,0,0,1,друго,неизвестно,,,,,,,,,,,2,3,нов
Стара Загора област,гр. Стара Загора,Център,other,136.0,195000.0,1433.8235294117646,2,5,0,0,1,друго,неизвестно,,,,,,,,,,,1,20,среден
Стара Загора област,гр. Стара Загора,Била,3 room,118.0,195000.0,1652.542372881356,2,9,0,0,1,друго,неизвестно,,,,,,,1.0,,,,1,1,нов
Стара Загора област,гр. Стара Загора,Център,3 room,103.0,195000.0,1893.2038834951456,3,9,0,0,1,друго,неизвестно,,,,,,,1.0,,,,1,2,нов
Стара Загора област,гр. Стара Загора,Самара 1,house,220.0,195000.0,886.3636363636364,1,3,1,0,0,друго,неизвестно,,,,,,,,,,,1,20,среден
Стара Загора област,гр. Стара Загора,Самара 1,house,220.0,195000.0,886.3636363636364,1,3,1,0,0,друго,неизвестно,,,,,,,,,,,1,20,среден
Стара Загора област,гр. Стара Загора,Казански - Изток,3 room,125.0,196000.0,1568.0,2,4,0,0,1,друго,изток,,,,,,,,,,,2,3,нов
Стара Загора област,гр. Стара Загора,Три чучура,3 room,115.0,196000.0,1704.3478260869565,1,8,1,0,0,друго,север,,,,,,,,,,,1,20,среден
Стара Загора област,гр. Стара Загора,Аязмото,other,83.0,199000.0,2397.590361445783,1,3,1,0,0,друго,неизвестно,,,,,,,,,,,1,20,среден
Стара Загора област,гр. Стара Загора,Център,other,118.0,199000.0,1686.4406779661017,3,4,0,0,1,друго,неизвестно,,,,,,,,,,,1,20,среден
Стара Загора област,гр. Стара Загора,Опълченски,commercial,190.0,199000.0,1047.3684210526317,1,3,1,0,0,тухла,неизвестно,,,,,,,,,,,1,16,среден
Стара Загора област,гр. Стара Загора,Аязмото,3 room,105.0,200000.0,1904.7619047619048,7,12,0,0,1,друго,неизвестно,,,,,,,,1.0,,,1,20,среден
Стара Загора област,гр. Стара Загора,Казански - Изток,3 room,112.0,203000.0,1812.5,6,6,0,1,0,друго,изток,,,,,,,,,,,2,20,среден
Стара Загора област,гр. Стара Загора,Център,3 room,134.0,204744.0,1527.9402985074628,2,6,0,0,1,друго,неизвестно,,,,,,,,,,,1,20,среден
Стара Загора област,гр. Стара Загора,Център,3 room,115.0,205000.0,1782.608695652174,1,4,1,0,0,друго,неизвестно,,,,,,,,,,,1,20,среден
Стара Загора област,гр. Стара Загора,Център,3 room,114.0,205000.0,1798.2456140350878,1,3,1,0,0,друго,неизвестно,,,,,,,,,,,1,20,среден
Стара Загора област,гр. Стара Загора,Център,3 room,135.0,205000.0,1518.5185185185185,2,6,0,0,1,друго,неизвестно,,,,,,,,,,,1,20,среден
Стара Загора област,гр. Стара Загора,Аязмото,3 room,103.0,205900.0,1999.0291262135922,2,6,0,0,1,друго,неизвестно,,,,,,,,,,,2,20,среден
Стара Загора област,гр. Стара Загора,Аязмото,3 room,103.0,205900.0,1999.0291262135922,4,6,0,0,1,друго,север,,,,,,,,,,,3,20,среден
Стара Загора област,гр. Стара Загора,Център,3 room,135.0,206121.0,1526.8222222222223,4,6,0,0,1,друго,неизвестно,,,,,,,,,,,1,20,среден
Стара Загора област,гр. Стара Загора,Аязмото,3 room,176.0,207000.0,1176.1363636363637,1,9,1,0,0,друго,неизвестно,,,,,,,,,,,1,20,среден
Стара Загора област,гр. Стара Загора,Казански,3 room,116.0,208000.0,1793.103448275862,5,5,0,1,0,друго,неизвестно,,,,,,,,,,,2,20,среден
Стара Загора област,гр. Стара Загора,Казански - Изток,3 room,115.0,208000.0,1808.695652173913,5,5,0,1,0,друго,изток,,,1.0,,,,,,,,3,20,среден
Стара Загора област,гр. Стара Загора,Аязмото,other,60.0,209000.0,3483.3333333333335,1,3,1,0,0,друго,неизвестно,,,,,,,,,,,1,20,среден
Стара Загора област,гр. Стара Загора,Самара 3,multi-room,168.0,209500.0,1247.0238095238096,2,9,0,0,1,друго,неизвестно,,,,,,,,,,,2,20,среден
Стара Загора област,гр. Стара Загора,Център,3 room,137.0,210069.0,1533.3503649635036,5,6,0,0,1,друго,неизвестно,,,,,,,,,,,1,20,среден
Стара Загора област,гр. Стара Загора,Аязмото,3 room,179.0,212000.0,1184.3575418994412,1,9,1,0,0,друго,неизвестно,,,,,,,,,,,1,20,среден
Стара Загора област,гр. Стара Загора,Център,multi-room,145.0,216900.0,1495.8620689655172,8,9,0,0,1,друго,неизвестно,,,,,,1.0,,,,,2,20,среден
Стара Загора област,гр. Стара Загора,Център,3 room,144.0,217000.0,1506.9444444444443,9,9,0,1,0,друго,неизвестно,,,,,,,,,,,1,20,среден
Стара Загора област,гр. Стара Загора,Център,multi-room,150.0,219000.0,1460.0,1,2,1,0,0,друго,неизвестно,,,,,,,,,,,1,20,среден
Стара Загора област,гр. Стара Загора,Център,3 room,122.0,219600.0,1800.0,3,6,0,0,1,друго,неизвестно,,,,,,,,,,1.0,1,20,среден
Стара Загора област,гр. Стара Загора,Студентско градче - Атюрен,house,195.0,220000.0,1128.2051282051282,1,3,1,0,0,друго,неизвестно,,,,,,,,,,,1,20,среден
Стара Загора област,гр. Стара Загора,Казански - Изток,multi-room,95.0,220000.0,2315.7894736842104,1,3,1,0,0,друго,изток,,,1.0,,1.0,,,,,,1,20,среден
Стара Загора област,гр. Стара Загора,Самара 3,other,177.0,221900.0,1253.6723163841807,7,7,0,1,0,друго,неизвестно,,,,,,,,,,,2,3,нов
Стара Загора област,гр. Стара Загора,Самара 3,multi-room,178.0,221900.0,1246.629213483146,5,9,0,0,1,друго,неизвестно,,,,,,,,,,,2,20,среден
Стара Загора област,гр. Стара Загора,Самара 3,3 room,219.0,223900.0,1022.3744292237443,9,9,0,1,0,друго,неизвестно,,,,,,,,,,,2,20,среден
Стара Загора област,гр. Стара Загора,Самара 1,house,225.0,227000.0,1008.8888888888889,1,3,1,0,0,друго,неизвестно,,,,,,,,,,,1,20,среден
Стара Загора област,гр. Стара Загора,Център,3 room,164.0,229900.0,1401.8292682926829,2,9,0,0,1,друго,неизвестно,,,,,,1.0,,,,,2,20,среден
Стара Загора област,гр. Стара Загора,Самара 3,other,141.0,235000.0,1666.6666666666667,5,6,0,0,1,друго,неизвестно,,,,,,,,,,,2,20,среден
Стара Загора област,гр. Стара Загора,Казански,3 room,197.0,235900.0,1197.46192893401,6,6,0,1,0,друго,неизвестно,,,,,,,,,,,2,20,среден
Стара Загора област,гр. Стара Загора,Център,house,145.0,239000.0,1648.2758620689656,1,3,1,0,0,друго,неизвестно,,,,,,,,,,,3,20,среден
Стара Загора област,гр. Стара Загора,Студентско градче - Атюрен,house,145.0,239000.0,1648.2758620689656,1,3,1,0,0,друго,неизвестно,,,,,,,,,,,3,20,среден
Стара Загора област,гр. Стара Загора,Железник,house,140.0,239650.0,1711.7857142857142,1,3,1,0,0,друго,запад,,,,,,,,,,,1,20,среден
Стара Загора област,гр. Стара Загора,Самара 3,3 room,245.0,243900.0,995.5102040816327,9,9,0,1,0,друго,неизвестно,,,,,,,,,,,2,20,среден
Стара Загора област,гр. Стара Загора,Аязмото,3 room,183.0,248000.0,1355.191256830601,1,8,1,0,0,друго,неизвестно,,,,,,,,,,,1,20,среден
Стара Загора област,гр. Стара Загора,Широк център,commercial,192.0,250000.0,1302.0833333333333,1,3,1,0,0,друго,неизвестно,,,,,,,,,,,1,20,среден
Стара Загора област,гр. Стара Загора,Ремиза,3 room,128.0,256000.0,2000.0,2,8,0,0,1,друго,неизвестно,,,,,,,,,,,2,20,среден
Стара Загора област,гр. Стара Загора,Център,3 room,128.0,256900.0,2007.03125,7,8,0,0,1,друго,север,,,,,,,1.0,,,1.0,2,1,нов
Стара Загора област,гр. Стара Загора,Ремиза,multi-room,132.0,264000.0,2000.0,7,8,0,0,1,друго,неизвестно,,,,,,,,,,,2,20,среден
Стара Загора област,гр. Стара Загора,Ремиза,multi-room,132.0,264000.0,2000.0,7,8,0,0,1,друго,неизвестно,,,,,,,,,,,2,20,среден
Стара Загора област,гр. Стара Загора,Самара 2,commercial,370.0,265000.0,716.2162162162163,1,3,1,0,0,друго,неизвестно,,,,,,,,,,,1,20,среден
Стара Загора област,гр. Стара Загора,Самара 2,commercial,370.0,265000.0,716.2162162162163,1,3,1,0,0,друго,неизвестно,,,,,,,,,,,1,20,среден
Стара Загора област,гр. Стара Загора,Самара 2,other,370.0,265000.0,716.2162162162163,2,2,0,1,0,друго,неизвестно,,,,,,,,,,,1,20,среден
Стара Загора област,гр. Стара Загора,Студентско градче - Атюрен,house,195.0,268000.0,1374.3589743589744,1,3,1,0,0,друго,неизвестно,,,,,,,,,,,1,20,среден
Стара Загора област,гр. Стара Загора,Център,other,215.0,269000.0,1251.1627906976744,5,5,0,1,0,друго,неизвестно,,,,,,,,,,,2,3,нов
Стара Загора област,гр. Стара Загора,Център,other,177.0,270488.0,1528.180790960452,6,6,0,1,0,друго,неизвестно,,,,,,,,,,,1,20,среден
Стара Загора област,гр. Стара Загора,Студентско градче - Атюрен,house,230.0,276000.0,1200.0,1,3,1,0,0,друго,неизвестно,,,,,,,,,,1.0,2,3,нов
Стара Загора област,гр. Стара Загора,Център,multi-room,186.0,278500.0,1497.3118279569892,2,9,0,0,1,друго,север-изток-запад,,,,,,,,,,,2,3,нов
Стара Загора област,гр. Стара Загора,Аязмото,multi-room,186.0,279500.0,1502.6881720430108,2,9,0,0,1,друго,неизвестно,,,,,,,,,,,2,20,среден
Стара Загора област,гр. Стара Загора,Център,multi-room,150.0,285000.0,1900.0,3,8,0,0,1,друго,неизвестно,,,,,1.0,,,,,,1,20,среден
Стара Загора област,гр. Стара Загора,Железник,multi-room,250.0,288000.0,1152.0,6,6,0,1,0,друго,изток,,,,,,,,,,,2,20,среден
Стара Загора област,гр. Стара Загора,Аязмото,multi-room,192.0,288900.0,1504.6875,2,9,0,0,1,друго,неизвестно,,,,,,,,,,,2,20,среден
Стара Загора област,гр. Стара Загора,Аязмото,other,153.0,305500.0,1996.7320261437908,4,9,0,0,1,друго,неизвестно,,,,,,,,,,,2,20,среден
Стара Загора област,гр. Стара Загора,Кольо Ганчев,house,108.0,306000.0,2833.3333333333335,1,3,1,0,0,друго,неизвестно,,,1.0,,,,,,,,2,1,нов
Стара Загора област,гр. Стара Загора,Кольо Ганчев,land/plot,750.0,316000.0,421.3333333333333,1,3,1,0,0,друго,неизвестно,,,,,,,,,,,2,20,среден
Стара Загора област,гр. Стара Загора,Център,house,430.0,324500.0,754.6511627906976,1,3,1,0,0,друго,неизвестно,,,,,,,,,,,1,20,среден
Стара Загора област,гр. Стара Загора,Студентско градче - Атюрен,house,230.0,345000.0,1500.0,1,3,1,0,0,друго,неизвестно,,,,,,,,,,,1,20,среден
Стара Загора област,гр. Стара Загора,Център,commercial,120.0,350000.0,2916.6666666666665,1,2,1,0,0,друго,неизвестно,,,,,,,,,,,1,20,среден
Стара Загора област,гр. Стара Загора,Център,multi-room,120.0,350000.0,2916.6666666666665,3,7,0,0,1,друго,неизвестно,,,,,,,,,,1.0,1,20,среден
Стара Загора област,гр. Стара Загора,Център,other,180.0,350000.0,1944.4444444444443,0,2,0,0,1,друго,неизвестно,,,,,,,,,,,1,20,среден
Стара Загора област,гр. Стара Загора,кв. Индустриален,commercial,550.0,350000.0,636.3636363636364,1,3,1,0,0,друго,изток,,,,,,,,,,,1,20,среден
Стара Загора област,гр. Стара Загора,Център,multi-room,238.0,357000.0,1500.0,9,9,0,1,0,друго,неизвестно,,,,,,1.0,,,,,2,20,среден
Стара Загора област,гр. Стара Загора,Център,multi-room,238.0,357000.0,1500.0,9,9,0,1,0,друго,неизвестно,,,,,,1.0,,,,,2,20,среден
Стара Загора област,гр. Стара Загора,Аязмото,house,255.0,360000.0,1411.764705882353,1,3,1,0,0,друго,неизвестно,,,,,,,,,,,1,20,среден
Стара Загора област,гр. Стара Загора,Център,multi-room,299.0,363500.0,1215.7190635451504,9,9,0,1,0,друго,неизвестно,,,,,,1.0,,,,,2,20,среден
Стара Загора област,гр. Стара Загора,Аязмото,multi-room,247.0,370000.0,1497.9757085020242,1,9,1,0,0,друго,неизвестно,,,,,,,,,,,2,20,среден
Стара Загора област,гр. Стара Загора,Център,house,220.0,385000.0,1750.0,1,3,1,0,0,друго,неизвестно,,,,,,,,,,1.0,2,3,нов
Стара Загора област,гр. Стара Загора,Център,multi-room,321.0,389000.0,1211.8380062305296,9,9,0,1,0,друго,неизвестно,,,,,,1.0,,,,,2,20,среден
Стара Загора област,гр. Стара Загора,Бул. Славянски,commercial,326.0,391000.0,1199.3865030674847,1,3,1,0,0,друго,неизвестно,,,,,,,,,,,1,20,среден
Стара Загора област,гр. Стара Загора,кв. Индустриален,other,770.0,393695.0,511.2922077922078,1,3,1,0,0,друго,изток,,,,,,,,,,,1,20,среден
Стара Загора област,гр. Стара Загора,Студентско градче - Атюрен,house,240.0,395000.0,1645.8333333333333,1,3,1,0,0,друго,неизвестно,,,,,,,,,,,1,20,среден
Стара Загора област,гр. Стара Загора,Железник,other,370.0,395000.0,1067.5675675675675,1,3,1,0,0,друго,неизвестно,,,,,,,,,,,1,20,среден
Стара Загора област,гр. Стара Загора,Център,other,245.0,400000.0,1632.6530612244899,1,3,1,0,0,друго,неизвестно,,,,,,,,,,,1,20,среден
Стара Загора област,гр. Стара Загора,Аязмото,multi-room,355.0,419000.0,1180.281690140845,1,9,1,0,0,друго,неизвестно,,,,,,,,,,,1,20,среден
Стара Загора област,гр. Стара Загора,Кольо Ганчев,other,229.0,419000.0,1829.6943231441048,1,3,1,0,0,друго,неизвестно,,,,,,,,,,,1,20,среден
Стара Загора област,гр. Стара Загора,Център,commercial,347.0,420000.0,1210.3746397694524,1,3,1,0,0,друго,неизвестно,,,,,,,,,,,1,20,среден
Стара Загора област,гр. Стара Загора,I-во основно  у-ще,other,191.0,460000.0,2408.3769633507854,1,3,1,0,0,друго,неизвестно,,,,,,,,,,,1,20,среден
Стара Загора област,гр. Стара Загора,Център,other,167.0,480000.0,2874.251497005988,1,3,1,0,0,друго,неизвестно,,,,,,,,,,,1,20,среден
Стара Загора област,гр. Стара Загора,Железник,house,252.0,495000.0,1964.2857142857142,1,3,1,0,0,друго,запад,,,,,,,,,,,1,20,среден
Стара Загора област,гр. Стара Загора,Център,commercial,1000.0,515000.0,515.0,0,3,0,0,1,друго,неизвестно,,,,,,,,,,,1,20,среден
Стара Загора област,гр. Стара Загора,Център,other,620.0,630000.0,1016.1290322580645,1,3,1,0,0,друго,неизвестно,,,,,,,,,,,1,20,среден
Стара Загора област,гр. Стара Загора,Център,other,620.0,630000.0,1016.1290322580645,1,3,1,0,0,друго,неизвестно,,,,,,,,,,,1,20,среден
Стара Загора област,гр. Стара Загора,Център,land/plot,688.0,850000.0,1235.4651162790697,1,3,1,0,0,друго,неизвестно,,,,,,,,,,,1,20,среден
Стара Загора област,гр. Стара Загора,Център,commercial,985.0,1250000.0,1269.0355329949239,1,1,1,0,0,друго,неизвестно,,,,,,,,,,,1,20,среден
Стара Загора област,с.Рупките,няма,house,60.0,45000.0,750.0,1,3,1,0,0,друго,неизвестно,,,,,,,,,,,1,20,среден
Стара Загора област,с.Братя Даскалови,няма,house,60.0,15000.0,250.0,1,3,1,0,0,друго,неизвестно,,,,,,,,,,,1,20,среден
Стара Загора област,с.Воденичарово,няма,house,100.0,15000.0,150.0,1,3,1,0,0,друго,неизвестно,,,,,,,,,,,1,20,среден
Стара Загора област,с.Венец,няма,house,100.0,15400.0,154.0,1,3,1,0,0,друго,неизвестно,,,,,,,,,,,1,20,среден
Стара Загора област,с.Братя Даскалови,няма,house,40.0,17600.0,440.0,1,3,1,0,0,друго,неизвестно,,,,,,,,,,,1,20,среден
Стара Загора област,гр.Гълъбово,Център,2 room,55.0,22000.0,400.0,2,3,0,0,1,друго,неизвестно,,,,,,,,,,,1,20,среден
Стара Загора област,с.Петрово,няма,house,60.0,24900.0,415.0,1,3,1,0,0,друго,неизвестно,,,,,,,,,,,1,20,среден
Стара Загора област,с.Долно Ново Село,няма,house,120.0,25600.0,213.33333333333334,1,3,1,0,0,друго,неизвестно,,,,,,,,,,,1,20,среден
Стара Загора област,гр.Чирпан,Център,house,50.0,25600.0,512.0,1,3,1,0,0,друго,неизвестно,,,,,,,,,,,1,20,среден
Стара Загора област,с.Опълченец,няма,house,60.0,26500.0,441.6666666666667,1,3,1,0,0,друго,неизвестно,,,,,,,,,,,1,20,среден
Стара Загора област,с.Дъбово,няма,house,90.0,30000.0,333.3333333333333,1,3,1,0,0,друго,неизвестно,,,,,,,,,,,1,20,среден
Стара Загора област,с.Землен,няма,house,66.0,30000.0,454.54545454545456,1,3,1,0,0,друго,неизвестно,,,,,,,,,,,1,20,среден
Стара Загора област,с.Черна Гора,няма,house,95.0,31800.0,334.7368421052632,1,3,1,0,0,друго,неизвестно,,,,,,,,,,,1,20,среден
Стара Загора област,с.Малка Верея,няма,land/plot,453.0,32000.0,70.6401766004415,1,3,1,0,0,друго,неизвестно,,,,,,,,,,,1,20,среден
Стара Загора област,с.Борилово,няма,land/plot,620.0,32500.0,52.41935483870968,1,3,1,0,0,друго,неизвестно,,,,,,,,,,,1,20,среден
Стара Загора област,с.Черна Гора,няма,house,140.0,33000.0,235.71428571428572,1,3,1,0,0,друго,неизвестно,,,,,,,,,,,1,51,стар
Стара Загора област,с.Сърневец,няма,house,80.0,33000.0,412.5,1,3,1,0,0,друго,неизвестно,,,,,,,,,,,1,20,среден
Стара Загора област,с.Зетьово,няма,house,120.0,33000.0,275.0,1,3,1,0,0,друго,неизвестно,,,,,,,,,,,1,20,среден
Стара Загора област,с.Арнаутито,няма,house,100.0,33000.0,330.0,1,3,1,0,0,друго,неизвестно,,,,,,,,,,,2,20,среден
Стара Загора област,с.Опълченец,няма,house,60.0,35000.0,583.3333333333334,1,3,1,0,0,друго,неизвестно,,,,,,,,,,,1,20,среден
Стара Загора област,гр.Гълъбово,Център,house,64.0,35000.0,546.875,1,3,1,0,0,друго,неизвестно,,,,,,,,,,,1,20,среден
Стара Загора област,с.Пряпорец,няма,land/plot,460.0,35000.0,76.08695652173913,1,3,1,0,0,друго,неизвестно,,,,,,,,,,,2,20,среден
Стара Загора област,с.Преславен,няма,house,80.0,35000.0,437.5,2,2,0,1,0,друго,неизвестно,,,,,,,,,,,1,20,среден
Стара Загора област,с.Маджерито,няма,land/plot,575.0,36900.0,64.17391304347827,1,3,1,0,0,друго,неизвестно,,,,,,,,,,,1,20,среден
Стара Загора област,с.Ковач,няма,house,65.0,37000.0,569.2307692307693,1,3,1,0,0,друго,неизвестно,,,,,,,,,,,1,20,среден
Стара Загора област,с.Опълченец,няма,house,60.0,37000.0,616.6666666666666,1,3,1,0,0,друго,юг-запад,,,,,,,,,,,1,20,среден
Стара Загора област,с.Православ,няма,house,160.0,38000.0,237.5,1,3,1,0,0,друго,неизвестно,,,,,,,,,,,1,20,среден
Стара Загора област,гр.Чирпан,Център,land/plot,258.0,38700.0,150.0,1,3,1,0,0,друго,неизвестно,,,,,,,,,,,1,20,среден
Стара Загора област,с.Знаменосец,няма,other,270.0,39000.0,144.44444444444446,1,1,1,0,0,друго,неизвестно,,,,,,,,,,,1,20,среден
Стара Загора област,с.Хрищени,няма,land/plot,600.0,39000.0,65.0,1,3,1,0,0,друго,неизвестно,,,,,,,,,,,1,20,среден
Стара Загора област,гр.Гълъбово,Център,house,180.0,40000.0,222.22222222222223,1,3,1,0,0,друго,неизвестно,,,,,,,,,,,1,20,среден
Стара Загора област,с.Православ,няма,house,140.0,40000.0,285.7142857142857,1,3,1,0,0,друго,неизвестно,,,,,,,,,,,1,20,среден
Стара Загора област,с.Горно Белево,няма,house,108.0,40900.0,378.7037037037037,1,3,1,0,0,друго,неизвестно,,,,,,,,,,,1,20,среден
Стара Загора област,с.Лозен,няма,house,30.0,42000.0,1400.0,1,3,1,0,0,друго,неизвестно,,,,,,,,,,,1,20,среден
Стара Загора област,с.Гранит,няма,house,90.0,45000.0,500.0,1,3,1,0,0,друго,неизвестно,,,,,,,,,,,1,20,среден
Стара Загора област,с.Гранит,няма,house,90.0,45000.0,500.0,1,3,1,0,0,друго,неизвестно,,,,,,,,,,,1,20,среден
Стара Загора област,гр.Гълъбово,Център,house,70.0,48000.0,685.7142857142857,1,3,1,0,0,друго,неизвестно,,,,,,,,,,,1,20,среден
Стара Загора област,с.Яздач,няма,house,140.0,48900.0,349.2857142857143,1,3,1,0,0,друго,неизвестно,,,,,,,,,,,1,20,среден
Стара Загора област,с.Лозен,няма,house,80.0,49000.0,612.5,1,3,1,0,0,друго,неизвестно,,,,,,,,,,,1,20,среден
Стара Загора област,с.Средно Градище,няма,house,70.0,49000.0,700.0,1,3,1,0,0,друго,неизвестно,,,,,,,,,,,1,20,среден
Стара Загора област,с.Черна Гора,няма,house,170.0,49900.0,293.52941176470586,1,3,1,0,0,друго,неизвестно,,,,,,,,,,,1,20,среден
Стара Загора област,с.Калояновец,няма,house,45.0,50000.0,1111.111111111111,1,3,1,0,0,друго,неизвестно,,,,,,,,,,,1,20,среден
Стара Загора област,гр.Павел Баня,Център,land/plot,591.0,50800.0,85.95600676818951,1,3,1,0,0,друго,неизвестно,,,,,,,,,,,1,20,среден
Стара Загора област,гр.Казанлък,Център,commercial,39.0,50999.0,1307.6666666666667,2,2,0,1,0,друго,неизвестно,,,,,,,,,,,1,20,среден
Стара Загора област,с.Оряховица,няма,house,60.0,51500.0,858.3333333333334,1,3,1,0,0,друго,неизвестно,,,,,,,,,,,1,20,среден
Стара Загора област,с.Ястребово,няма,house,68.0,52000.0,764.7058823529412,1,3,1,0,0,друго,неизвестно,,,,,,,,,,,1,20,среден
Стара Загора област,с.Средец,няма,house,100.0,52500.0,525.0,1,3,1,0,0,друго,неизвестно,,,,,,,,,,,1,20,среден
Стара Загора област,гр.Мъглиж,Център,house,130.0,53000.0,407.6923076923077,1,3,1,0,0,друго,неизвестно,,,1.0,,,,,,,,2,20,среден
Стара Загора област,гр.Гълъбово,Център,house,200.0,54000.0,270.0,1,3,1,0,0,друго,неизвестно,,,,,,,,,,,1,20,среден
Стара Загора област,с.Дъбово,няма,2 room,270.0,55000.0,203.7037037037037,1,1,1,0,0,друго,неизвестно,,,,,,,,,,,1,20,среден
Стара Загора област,с.Лозен,няма,house,100.0,56800.0,568.0,1,3,1,0,0,друго,неизвестно,,,,,,,,,,,1,20,среден
Стара Загора област,гр.Чирпан,Център,house,89.0,57000.0,640.4494382022472,2,2,0,1,0,друго,неизвестно,,,,,,,,,,,1,20,среден
Стара Загора област,с.Люляк,няма,house,140.0,60000.0,428.57142857142856,1,3,1,0,0,друго,неизвестно,,,,,,,,,,,1,20,среден
Стара Загора област,с.Гранит,няма,house,60.0,60000.0,1000.0,1,3,1,0,0,друго,неизвестно,,,,,,,,,,,1,20,среден
Стара Загора област,гр.Гълъбово,Център,house,160.0,62000.0,387.5,1,3,1,0,0,друго,неизвестно,,,,,,,,,,,2,20,среден
Стара Загора област,гр.Гълъбово,Център,house,160.0,62000.0,387.5,1,3,1,0,0,друго,неизвестно,,,,,,,,,,,1,20,среден
Стара Загора област,гр.Гълъбово,Център,house,160.0,62000.0,387.5,1,3,1,0,0,друго,неизвестно,,,,,,,,,,,2,20,среден
Стара Загора област,гр.Чирпан,Център,3 room,65.0,64000.0,984.6153846153846,3,8,0,0,1,друго,неизвестно,,,,,,,,,,,1,20,среден
Стара Загора област,с.Опълченец,няма,house,120.0,64000.0,533.3333333333334,1,3,1,0,0,друго,неизвестно,,,,,,,,,,,1,20,среден
Стара Загора област,с.Калояновец,няма,house,225.0,65000.0,288.8888888888889,1,3,1,0,0,друго,неизвестно,,,,,,,,,,,1,20,среден
Стара Загора област,с.Черна Гора,няма,house,71.0,65000.0,915.4929577464789,1,3,1,0,0,друго,неизвестно,,,,,,,,,,,1,20,среден
Стара Загора област,гр.Казанлък,Център,3 room,64.0,67000.0,1046.875,5,8,0,0,1,друго,изток,,,,,,,,,,,1,20,среден
Стара Загора област,гр.Мъглиж,Център,house,145.0,70000.0,482.7586206896552,1,3,1,0,0,друго,неизвестно,,,,,,,,,,,1,20,среден
Стара Загора област,с.Опан,няма,house,230.0,75000.0,326.0869565217391,1,3,1,0,0,друго,неизвестно,,,,,,,,,,,1,20,среден
Стара Загора област,гр.Казанлък,Център,land/plot,824.0,76000.0,92.23300970873787,1,3,1,0,0,друго,неизвестно,,,,,,,,,,,1,20,среден
Стара Загора област,с.Боздуганово,няма,house,96.0,77797.0,810.3854166666666,1,3,1,0,0,друго,неизвестно,,,,,,,,,,,1,20,среден
Стара Загора област,гр.Чирпан,Център,3 room,62.0,79000.0,1274.1935483870968,4,4,0,1,0,друго,неизвестно,,,,,,,,,,,1,20,среден
Стара Загора област,с.Енина,няма,land/plot,607.0,80000.0,131.79571663920922,1,3,1,0,0,друго,неизвестно,,,,,,,,,,,3,20,среден
Стара Загора област,с.Мирово,няма,house,150.0,80000.0,533.3333333333334,1,3,1,0,0,друго,неизвестно,,,,,,,,,,,1,20,среден
Стара Загора област,гр.Павел Баня,Център,house,225.0,80001.0,355.56,1,3,1,0,0,друго,неизвестно,,,,,,,,,,,1,20,среден
Стара Загора област,гр.Казанлък,Център,2 room,67.0,82000.0,1223.8805970149253,2,8,0,0,1,друго,неизвестно,,,,,,,,,,,1,20,среден
Стара Загора област,с.Сърнево,няма,house,160.0,87000.0,543.75,1,3,1,0,0,друго,неизвестно,,,,,,,,,,,1,20,среден
Стара Загора област,с.Люляк,няма,house,68.0,89000.0,1308.8235294117646,1,3,1,0,0,друго,неизвестно,,,,,,,,,,,1,20,среден
Стара Загора област,гр.Казанлък,Център,other,101.0,89500.0,886.1386138613861,0,3,0,0,1,друго,неизвестно,,,,,,,,,,,1,20,среден
Стара Загора област,с.Хрищени,няма,house,60.0,90000.0,1500.0,1,3,1,0,0,друго,неизвестно,,,,,,,,,,,1,20,среден
Стара Загора област,с.Загоре,няма,house,100.0,98000.0,980.0,1,3,1,0,0,друго,неизвестно,,,,,,,,,,,3,20,среден
Стара Загора област,с.Сулица,няма,house,175.0,98000.0,560.0,1,3,1,0,0,друго,неизвестно,,,,,,,,,,,1,20,среден
Стара Загора област,с.Плодовитово,няма,house,150.0,99000.0,660.0,1,3,1,0,0,друго,неизвестно,,,,,,,,,,,1,20,среден
Стара Загора област,с.Лясково,няма,house,65.0,102300.0,1573.8461538461538,1,3,1,0,0,друго,неизвестно,,,,,1.0,,,,,,1,20,среден
Стара Загора област,гр.Казанлък,Център,2 room,70.0,103000.0,1471.4285714285713,4,8,0,0,1,друго,неизвестно,,,,,,,,,,,1,20,среден
Стара Загора област,с.Дълбоки,няма,house,85.0,105000.0,1235.2941176470588,1,3,1,0,0,друго,неизвестно,,,,,,,,,,,1,20,среден
Стара Загора област,с.Змейово,няма,house,100.0,107000.0,1070.0,1,3,1,0,0,друго,неизвестно,,,,,,,,,,,3,20,среден
Стара Загора област,с.Сърнево,няма,house,230.0,113000.0,491.30434782608694,1,3,1,0,0,друго,неизвестно,,,,,,,,,,,1,20,среден
Стара Загора област,с.Елхово,няма,house,132.0,114000.0,863.6363636363636,1,3,1,0,0,друго,неизвестно,,,,,,,,,,,1,20,среден
Стара Загора област,с.Ракитница,няма,house,590.0,115000.0,194.91525423728814,1,3,1,0,0,друго,неизвестно,,,,,,,,,,,1,20,среден
Стара Загора област,гр.Казанлък,Център,other,120.0,123900.0,1032.5,4,4,0,1,0,друго,неизвестно,,,,,,,,,,,1,20,среден
Стара Загора област,гр.Шипка,Център,house,140.0,125000.0,892.8571428571429,1,3,1,0,0,друго,неизвестно,,,,,1.0,,,,,,1,20,среден
Стара Загора област,гр.Чирпан,Център,house,122.0,127900.0,1048.360655737705,1,3,1,0,0,друго,неизвестно,,,,,,,,,,,1,20,среден
Стара Загора област,с.Могилово,няма,house,310.0,129000.0,416.1290322580645,1,3,1,0,0,друго,неизвестно,,,1.0,,,,,,,,1,20,среден
Стара Загора област,с.Богомилово,няма,house,120.0,132000.0,1100.0,1,3,1,0,0,друго,неизвестно,,,,,,,,,,,1,20,среден
Стара Загора област,с.Еленино,няма,house,90.0,134000.0,1488.888888888889,1,3,1,0,0,друго,неизвестно,,,,,1.0,,,,,,1,20,среден
Стара Загора област,с.Средно Градище,няма,house,90.0,139000.0,1544.4444444444443,1,3,1,0,0,друго,неизвестно,,,,,,,,,,,1,20,среден
Стара Загора област,гр.Чирпан,Център,house,180.0,145000.0,805.5555555555555,1,3,1,0,0,друго,неизвестно,,,,,,,,1.0,,,1,20,среден
Стара Загора област,с.Казанка,няма,house,136.0,147000.0,1080.8823529411766,1,3,1,0,0,друго,неизвестно,,,1.0,,,,,,,,2,16,среден
Стара Загора област,с.Змейово,няма,house,232.0,149000.0,642.2413793103449,1,3,1,0,0,друго,юг-изток,,,,,,,,,,,1,26,среден
Стара Загора област,с.Пряпорец,няма,house,104.0,160000.0,1538.4615384615386,1,3,1,0,0,друго,неизвестно,,,,,,,,,,,1,20,среден
Стара Загора област,гр.Павел Баня,Център,house,237.0,163000.0,687.7637130801688,1,3,1,0,0,друго,неизвестно,,,,,,,,,,,1,20,среден
Стара Загора област,гр.Казанлък,Център,multi-room,137.0,167000.0,1218.978102189781,3,3,0,1,0,друго,неизвестно,,,,,,,,,,,1,20,среден
Стара Загора област,гр.Шипка,Център,house,138.0,170000.0,1231.8840579710145,1,3,1,0,0,друго,неизвестно,,,,,,,,,,,1,20,среден
Стара Загора област,с.Малка Верея,няма,house,250.0,175000.0,700.0,1,3,1,0,0,друго,неизвестно,,,,,,,,,,,2,1,нов
Стара Загора област,с.Яворово,няма,house,85.0,178000.0,2094.1176470588234,1,3,1,0,0,друго,неизвестно,,,,,,,,,,,1,20,среден
Стара Загора област,с.Богомилово,няма,house,150.0,180000.0,1200.0,1,3,1,0,0,друго,неизвестно,,,,,,,,,,,1,20,среден
Стара Загора област,с.Богомилово,няма,house,150.0,180000.0,1200.0,1,3,1,0,0,друго,неизвестно,,,,,,,,,,,1,20,среден
Стара Загора област,с.Ягода,няма,house,180.0,180000.0,1000.0,1,3,1,0,0,друго,неизвестно,,,,,1.0,,,,,,2,20,среден
Стара Загора област,с.Черганово,няма,other,232.0,189178.0,815.4224137931035,1,3,1,0,0,друго,неизвестно,,,,,,,,,,,1,20,среден
Стара Загора област,с.Лозен,няма,house,150.0,190000.0,1266.6666666666667,1,3,1,0,0,друго,неизвестно,,,,,,,,,,,1,20,среден
Стара Загора област,с.Лозен,няма,house,80.0,190000.0,2375.0,1,3,1,0,0,друго,неизвестно,,,,,,,,,,,1,20,среден
Стара Загора област,с.Малка Верея,няма,house,220.0,197000.0,895.4545454545455,1,3,1,0,0,друго,неизвестно,,,,,,,,,,,1,20,среден
Стара Загора област,с.Сърнево,няма,house,185.0,220000.0,1189.1891891891892,1,3,1,0,0,друго,неизвестно,,,,,,,1.0,,,,1,13,среден
Стара Загора област,с.Богомилово,няма,house,260.0,255000.0,980.7692307692307,1,3,1,0,0,друго,неизвестно,,,,,,,,,,,1,20,среден
Стара Загора област,с.Загоре,няма,house,110.0,260000.0,2363.6363636363635,1,3,1,0,0,друго,неизвестно,,,,,,,,,,,1,20,среден
Стара Загора област,с.Борилово,няма,house,230.0,270000.0,1173.9130434782608,1,3,1,0,0,друго,неизвестно,,,,,,,1.0,,,,1,1,нов
Стара Загора област,с.Змейово,няма,house,140.0,277000.0,1978.5714285714287,1,3,1,0,0,друго,неизвестно,,,,,,,,,,,2,20,среден
Стара Загора област,с.Любеново,няма,other,650.0,300000.0,461.53846153846155,1,2,1,0,0,друго,неизвестно,,,,,,,,,,,1,20,среден
Стара Загора област,с.Старозагорски Бани,няма,house,300.0,300000.0,1000.0,1,3,1,0,0,друго,неизвестно,,,,,,,,,,,1,20,среден
Стара Загора област,гр.Гълъбово,Център,house,220.0,330000.0,1500.0,1,3,1,0,0,друго,неизвестно,,,,,,,,,,,1,20,среден
Стара Загора област,гр.Чирпан,Център,other,140.0,379000.0,2707.1428571428573,1,3,1,0,0,друго,неизвестно,,,,,,,,,,,1,20,среден
Стара Загора област,с.Малка Верея,няма,house,280.0,380000.0,1357.142857142857,1,3,1,0,0,друго,неизвестно,,,,,,,,,,,2,20,среден
Стара Загора област,с.Могилово,няма,other,680.0,450000.0,661.7647058823529,1,3,1,0,0,друго,неизвестно,,,,,,,,,,,1,20,среден
Стара Загора област,с.Енина,няма,other,699.0,520000.0,743.9198855507868,1,3,1,0,0,друго,неизвестно,,,,,,,,,,,1,20,среден
Стара Загора област,с.Калитиново,няма,other,900.0,1000000.0,1111.111111111111,4,4,0,1,0,друго,неизвестно,,,,,,,,,,,1,20,среден
Благоевград област,гр. Благоевград,Струмско,house,255.0,300000.0,1176.4705882352941,1,3,1,0,0,друго,неизвестно,,,,,,,,,,,1,20,среден
Благоевград област,гр. Благоевград,Еленово,garage/parking,32.0,26000.0,812.5,0,3,1,0,0,друго,неизвестно,,,1.0,,,,,,,,1,20,среден
Благоевград област,гр. Благоевград,Център,other,25.0,33000.0,1320.0,0,4,0,0,1,друго,неизвестно,,,,,,,,,,,1,20,среден
Благоевград област,гр. Благоевград,Бялата висота,land/plot,614.0,35612.0,58.0,1,3,1,0,0,друго,неизвестно,,,,,,,,,,,1,20,среден
Благоевград област,гр. Благоевград,Център,commercial,59.0,42000.0,711.8644067796611,0,5,0,0,1,друго,неизвестно,,,,,,,,,,,1,20,среден
Благоевград област,гр. Благоевград,Освобождение,2 room,58.0,55150.0,950.8620689655172,1,5,1,0,0,друго,неизвестно,,,,,,,,,,,1,20,среден
Благоевград област,гр. Благоевград,Център,2 room,47.0,57000.0,1212.7659574468084,4,4,0,1,0,друго,неизвестно,,,,,,,,1.0,,,1,20,среден
Благоевград област,гр. Благоевград,Еленово,2 room,52.0,57310.0,1102.1153846153845,1,5,1,0,0,друго,юг,,,,,,,,,,,1,20,среден
Благоевград област,гр. Благоевград,Център,land/plot,799.0,60000.0,75.09386733416771,1,3,1,0,0,друго,неизвестно,,,,,,,,,,,1,20,среден
Благоевград област,гр. Благоевград,Ален Мак,2 room,62.0,60400.0,974.1935483870968,1,5,1,0,0,друго,неизвестно,,,,,,,,,,,1,20,среден
Благоевград област,гр. Благоевград,Изгрев,2 room,60.0,62041.0,1034.0166666666667,2,2,0,1,0,друго,неизвестно,,,,,,,,,,,1,20,среден
Благоевград област,гр. Благоевград,Баларбаши,2 room,55.0,63620.0,1156.7272727272727,2,3,0,0,1,друго,неизвестно,,,,,,,,,,,1,20,среден
Благоевград област,гр. Благоевград,Еленово,2 room,63.0,65000.0,1031.7460317460318,1,5,1,0,0,панел,неизвестно,1.0,,,,,,,,,,1,45,стар
Благоевград област,гр. Благоевград,Ален Мак,2 room,62.0,65000.0,1048.3870967741937,1,3,1,0,0,друго,неизвестно,,,,,,,,,,,1,20,среден
Благоевград област,гр. Благоевград,Еленово,2 room,73.0,69105.0,946.6438356164383,1,3,1,0,0,друго,неизвестно,,,,,,,,,,,1,20,среден
Благоевград област,гр. Благоевград,Освобождение,2 room,73.0,69350.0,950.0,1,5,1,0,0,друго,неизвестно,,,,,,,,,,,1,20,среден
Благоевград област,гр. Благоевград,Еленово,2 room,75.0,70930.0,945.7333333333333,1,3,1,0,0,друго,неизвестно,,,,,,,,,,,1,20,среден
Благоевград област,гр. Благоевград,Център,land/plot,991.0,71680.0,72.33097880928355,1,3,1,0,0,друго,неизвестно,,,,,,,,,,,1,20,среден
Благоевград област,гр. Благоевград,Запад,2 room,43.0,74418.0,1730.6511627906978,1,4,1,0,0,друго,запад,,,,,,,,,,,1,20,среден
Благоевград област,гр. Благоевград,Грамада,2 room,67.0,74500.0,1111.9402985074628,5,8,0,0,1,друго,неизвестно,,,,,,,,,,,1,20,среден
Благоевград област,гр. Благоевград,Освобождение,multi-room,180.0,75000.0,416.6666666666667,4,5,0,0,1,друго,неизвестно,,,,,,,,,,,1,20,среден
Благоевград област,гр. Благоевград,Център,2 room,75.0,77000.0,1026.6666666666667,5,5,0,1,0,панел,неизвестно,,,,,,,,,,,1,45,стар
Благоевград област,гр. Благоевград,Център,2 room,57.0,78660.0,1380.0,1,5,1,0,0,друго,неизвестно,,,,,,,,,,,1,20,среден
Благоевград област,гр. Благоевград,Струмско,2 room,75.0,80000.0,1066.6666666666667,1,8,1,0,0,друго,неизвестно,,,,,,,,,,,1,20,среден
Благоевград област,гр. Благоевград,Изгрев,3 room,80.0,80250.0,1003.125,2,3,0,0,1,друго,неизвестно,,,,,,,,,,,1,20,среден
Благоевград област,гр. Благоевград,Освобождение,2 room,65.0,80915.0,1244.8461538461538,1,3,1,0,0,друго,неизвестно,,,,,,,,,,,1,20,среден
Благоевград област,гр. Благоевград,Бялата висота,2 room,83.0,81666.0,983.9277108433735,3,4,0,0,1,друго,неизвестно,,,,,,,,,,,1,20,среден
Благоевград област,гр. Благоевград,Баларбаши,3 room,93.0,83700.0,900.0,1,5,1,0,0,друго,неизвестно,,,,,,,,,,,1,20,среден
Благоевград област,гр. Благоевград,Център,2 room,62.0,84000.0,1354.8387096774193,1,5,1,0,0,друго,неизвестно,,,,,,,,,,,1,20,среден
Благоевград област,гр. Благоевград,Баларбаши,3 room,93.0,84100.0,904.3010752688172,1,5,1,0,0,друго,неизвестно,,,,,,,,,,,1,20,среден
Благоевград област,гр. Благоевград,Център,other,98.0,85000.0,867.3469387755102,1,3,1,0,0,друго,неизвестно,,,,,,,,,,,1,20,среден
Благоевград област,гр. Благоевград,Еленово,3 room,77.0,90000.0,1168.8311688311687,3,3,0,1,0,друго,неизвестно,,,,,,,,,,,1,20,среден
Благоевград област,гр. Благоевград,Еленово,3 room,83.0,91300.0,1100.0,1,5,1,0,0,друго,запад,,,,,,,,,,,1,20,среден
Благоевград област,гр. Благоевград,Център,3 room,71.0,93000.0,1309.8591549295775,2,3,0,0,1,друго,юг-запад,,,,,,,,,,1.0,2,20,среден
Благоевград област,гр. Благоевград,Еленово,3 room,130.0,96500.0,742.3076923076923,2,4,0,0,1,друго,неизвестно,,,,,,,,,,,1,20,среден
Благоевград област,гр. Благоевград,Център,other,122.0,97500.0,799.1803278688525,0,6,0,0,1,друго,неизвестно,,,,,,,,,,,1,20,среден
Благоевград област,гр. Благоевград,Център,3 room,76.0,98000.0,1289.4736842105262,3,4,0,0,1,друго,юг,,,,,,,,,,,1,3,нов
Благоевград област,гр. Благоевград,Ален Мак,3 room,101.0,98920.0,979.4059405940594,1,5,1,0,0,друго,неизвестно,,,,,,,,,,,1,20,среден
Благоевград област,гр. Благоевград,Център,1 room,36.0,100000.0,2777.777777777778,3,3,0,1,0,друго,неизвестно,,,,,,,,,,,1,20,среден
Благоевград област,гр. Благоевград,Център,3 room,87.0,103000.0,1183.9080459770114,3,7,0,0,1,друго,неизвестно,,,,,,,,,,,1,20,среден
Благоевград област,гр. Благоевград,Център,3 room,89.0,105000.0,1179.7752808988764,3,4,0,0,1,тухла,неизвестно,,,,,,,,,,,1,10,скорошен
Благоевград област,гр. Благоевград,Център,3 room,72.0,105000.0,1458.3333333333333,2,6,0,0,1,друго,неизвестно,,,,,,,,,,,2,20,среден
Благоевград област,гр. Благоевград,Запад,2 room,66.0,108556.0,1644.7878787878788,2,2,0,1,0,друго,запад,,,,,,,,,,,1,20,среден
Благоевград област,гр. Благоевград,Център,3 room,100.0,110000.0,1100.0,5,5,0,1,0,друго,неизвестно,,,,,,,,,,,1,3,нов
Благоевград област,гр. Благоевград,Център,2 room,70.0,115000.0,1642.857142857143,1,8,1,0,0,друго,неизвестно,,,,,,,,,,,1,20,среден
Благоевград област,гр. Благоевград,Баларбаши,3 room,94.0,117100.0,1245.7446808510638,2,3,0,0,1,друго,неизвестно,,,,,,,,,,,1,20,среден
Благоевград област,гр. Благоевград,Бялата висота,3 room,111.0,117599.0,1059.4504504504505,1,3,1,0,0,друго,неизвестно,,,,,,,,,,,1,20,среден
Благоевград област,гр. Благоевград,Център,3 room,91.0,120000.0,1318.6813186813188,8,8,0,1,0,друго,неизвестно,,,,,,,,,,,1,20,среден
Благоевград област,гр. Благоевград,Център,3 room,103.0,122245.0,1186.8446601941748,2,5,0,0,1,друго,неизвестно,,,,,,,,,,,1,20,среден
Благоевград област,гр. Благоевград,Център,3 room,103.0,122245.0,1186.8446601941748,1,4,1,0,0,друго,неизвестно,,,,,,,,,,,1,20,среден
Благоевград област,гр. Благоевград,Център,3 room,103.0,122245.0,1186.8446601941748,3,5,0,0,1,друго,неизвестно,,,,,,,,,,,1,20,среден
Благоевград област,гр. Благоевград,Център,3 room,103.0,122245.0,1186.8446601941748,4,5,0,0,1,друго,неизвестно,,,,,,,,,,,1,20,среден
Благоевград област,гр. Благоевград,Център,3 room,113.0,123000.0,1088.495575221239,7,8,0,1,0,друго,неизвестно,1.0,,,,,,,,,,1,26,среден
Благоевград област,гр. Благоевград,Еленово,multi-room,125.0,125000.0,1000.0,7,7,0,1,0,друго,неизвестно,,,,,,,,,,,1,20,среден
Благоевград област,гр. Благоевград,Бялата висота,other,96.0,126000.0,1312.5,3,3,0,1,0,друго,неизвестно,,,,,,,,,,,1,20,среден
Благоевград област,гр. Благоевград,Център,2 room,79.0,126900.0,1606.3291139240507,3,3,0,1,0,друго,неизвестно,,,,,,,,,,,1,20,среден
Благоевград област,гр. Благоевград,Освобождение,3 room,93.0,128350.0,1380.1075268817203,0,5,0,0,1,друго,неизвестно,,,,,,,,,,1.0,1,3,нов
Благоевград област,гр. Благоевград,Вароша,3 room,97.0,133000.0,1371.1340206185566,1,4,1,0,0,тухла,неизвестно,,,,,,,,,,,1,18,среден
Благоевград област,гр. Благоевград,Център,3 room,102.0,137000.0,1343.137254901961,3,4,0,0,1,друго,неизвестно,,,,,,,,,,,1,20,среден
Благоевград област,гр. Благоевград,Център,other,110.0,140000.0,1272.7272727272727,7,7,0,1,0,друго,неизвестно,,,,,,,,,,,2,20,среден
Благоевград област,гр. Благоевград,Център,3 room,100.0,140000.0,1400.0,3,4,0,0,1,друго,неизвестно,,,,,,,,,,,1,20,среден
Благоевград област,гр. Благоевград,Център,3 room,108.0,140400.0,1300.0,2,5,0,0,1,друго,неизвестно,,,,,,,,,,,1,20,среден
Благоевград област,гр. Благоевград,Баларбаши,3 room,145.0,146300.0,1008.9655172413793,4,5,0,0,1,друго,неизвестно,,,,,,,,,,,1,20,среден
Благоевград област,гр. Благоевград,Център,3 room,99.0,148000.0,1494.949494949495,1,3,1,0,0,друго,неизвестно,,,,,,,,,,,1,20,среден
Благоевград област,гр. Благоевград,Запад,3 room,93.0,152766.0,1642.6451612903227,0,3,0,0,1,друго,запад,,,,,,,,,,,1,20,среден
Благоевград област,гр. Благоевград,Център,3 room,130.0,165000.0,1269.2307692307693,3,3,0,1,0,друго,юг-запад,,,,,,,,,,1.0,2,20,среден
Благоевград област,гр. Благоевград,Център,3 room,103.0,169000.0,1640.7766990291261,4,4,0,1,0,друго,неизвестно,,,,,,,,,,,1,20,среден
Благоевград област,гр. Благоевград,Център,2 room,70.0,170000.0,2428.5714285714284,1,3,1,0,0,друго,неизвестно,,,,,,,,,,,1,20,среден
Благоевград област,гр. Благоевград,Бялата висота,house,140.0,179000.0,1278.5714285714287,1,3,1,0,0,друго,неизвестно,,,,,,,,,,,1,20,среден
Благоевград област,гр. Благоевград,Център,commercial,139.0,179300.0,1289.928057553957,0,6,0,0,1,друго,неизвестно,,,,,,,,,,,1,20,среден
Благоевград област,гр. Благоевград,Бялата висота,other,110.0,210000.0,1909.090909090909,3,3,0,1,0,друго,неизвестно,,,,,,,,,,,1,20,среден
Благоевград област,гр. Благоевград,Баларбаши,other,141.0,220000.0,1560.2836879432625,1,3,1,0,0,друго,неизвестно,,,,,,,1.0,,,1.0,1,1,нов
Благоевград област,гр. Благоевград,Струмско,house,257.0,226500.0,881.3229571984435,1,3,1,0,0,друго,неизвестно,,,,,,,,,,,1,20,среден
Благоевград област,гр. Благоевград,Център,3 room,124.0,230000.0,1854.8387096774193,3,3,0,1,0,друго,неизвестно,,,,,,,,,,,1,20,среден
Благоевград област,гр. Благоевград,Запад,3 room,138.0,231900.0,1680.4347826086957,4,4,0,1,0,друго,запад,,,,,,,,,,,1,20,среден
Благоевград област,гр. Благоевград,Център,other,120.0,253000.0,2108.3333333333335,3,3,0,1,0,друго,неизвестно,,,,,,,,,,,1,20,среден
Благоевград област,гр. Благоевград,Запад,3 room,154.0,256000.0,1662.3376623376623,5,5,0,1,0,друго,запад,,,,,,,,,,,1,20,среден
Благоевград област,гр. Благоевград,Център,commercial,340.0,260000.0,764.7058823529412,1,3,1,0,0,друго,неизвестно,,,,,,,,,,,1,20,среден
Благоевград област,гр. Благоевград,Запад,other,145.0,281872.0,1943.9448275862069,5,5,0,1,0,друго,запад,,,,,,,,,,,1,20,среден
Благоевград област,гр. Благоевград,Баларбаши,other,300.0,298000.0,993.3333333333334,1,2,1,0,0,друго,неизвестно,,,,,,,,,,,1,20,среден
Благоевград област,гр. Благоевград,Струмско,house,322.0,300000.0,931.6770186335403,1,3,1,0,0,тухла,юг-изток,,,,,,,,,,,2,3,нов
Благоевград област,гр. Благоевград,Струмско,house,252.0,300000.0,1190.4761904761904,1,3,1,0,0,друго,неизвестно,,,,,,,,,,,1,20,среден
Благоевград област,гр. Благоевград,Център,house,270.0,315000.0,1166.6666666666667,1,3,1,0,0,друго,неизвестно,,,,,,,,,,1.0,1,20,среден
Благоевград област,гр. Благоевград,Баларбаши,house,138.0,350000.0,2536.231884057971,1,3,1,0,0,друго,неизвестно,,,,,,,,,,1.0,1,20,среден
Благоевград област,гр. Благоевград,Център,other,430.0,425028.0,988.4372093023255,5,5,0,1,0,друго,неизвестно,,,,,,,,,,,1,20,среден
Благоевград област,гр. Благоевград,Струмско,other,420.0,700000.0,1666.6666666666667,1,3,1,0,0,друго,неизвестно,,,,,,,,,,,1,20,среден
Благоевград област,гр. Благоевград,Център,house,300.0,720000.0,2400.0,1,3,1,0,0,друго,неизвестно,,,,,,,,,,,1,20,среден
Благоевград област,гр. Благоевград,Център,other,720.0,990000.0,1375.0,4,4,0,1,0,друго,неизвестно,,,,,,,,,,,1,20,среден
Благоевград област,гр. Благоевград,Бялата висота,other,1000.0,1200000.0,1200.0,1,3,1,0,0,друго,неизвестно,,,,,,,,,,,1,20,среден
Благоевград област,гр.Банско,Център,2 room,63.0,78825.0,1251.1904761904761,5,5,0,1,0,друго,неизвестно,,,,,,,,,,,1,20,среден
Благоевград област,гр.Мелник,Център,house,120.0,150000.0,1250.0,1,3,1,0,0,друго,неизвестно,,,,,,,,,,,1,20,среден
Благоевград област,гр.Банско,Център,garage/parking,18.0,20000.0,1111.111111111111,1,3,1,0,0,друго,неизвестно,,,1.0,,,,,,,,1,20,среден
Благоевград област,гр.Банско,Център,other,75.0,20000.0,266.6666666666667,1,5,1,0,0,друго,неизвестно,,,,,,,,,,,1,20,среден
Благоевград област,гр.Банско,Център,other,75.0,20000.0,266.6666666666667,0,5,0,0,1,друго,неизвестно,,,,,,,,,,,1,20,среден
Благоевград област,гр.Сандански,Център,land/plot,501.0,26490.0,52.874251497005986,1,3,1,0,0,друго,неизвестно,,,,,,,,,,,2,20,среден
Благоевград област,с.Добърско,няма,house,56.0,28500.0,508.92857142857144,1,3,1,0,0,друго,неизвестно,,,,,,,,,,,1,20,среден
Благоевград област,гр.Разлог,Център,1 room,43.0,29743.0,691.6976744186046,1,5,1,0,0,друго,неизвестно,,,,,1.0,,,,,,1,20,среден
Благоевград област,гр.Разлог,Център,land/plot,403.0,29999.0,74.43920595533498,1,3,1,0,0,друго,юг,,,,,,,,,,,1,20,среден
Благоевград област,гр.Разлог,Център,1 room,43.0,30181.0,701.8837209302326,1,5,1,0,0,друго,неизвестно,,,,,1.0,,,,,,1,20,среден
Благоевград област,гр.Банско,Център,1 room,40.0,31000.0,775.0,5,5,0,1,0,друго,неизвестно,,,,,,,,,,,1,20,среден
Благоевград област,с.Добърско,няма,land/plot,560.0,31920.0,57.0,1,3,1,0,0,друго,неизвестно,,,,,,,,,,,1,20,среден
Благоевград област,гр.Разлог,Център,1 room,47.0,31960.0,680.0,1,5,1,0,0,друго,неизвестно,,,,,1.0,,,,,,1,20,среден
Благоевград област,гр.Разлог,Център,1 room,47.0,32028.0,681.4468085106383,1,5,1,0,0,друго,неизвестно,,,,,1.0,,,,,,1,20,среден
Благоевград област,гр.Разлог,Център,1 room,46.0,32438.0,705.1739130434783,1,5,1,0,0,друго,неизвестно,,,,,1.0,,,,,,1,20,среден
Благоевград област,гр.Разлог,Център,1 room,46.0,32901.0,715.2391304347826,1,5,1,0,0,друго,неизвестно,,,,,1.0,,,,,,1,20,среден
Благоевград област,гр.Разлог,Център,1 room,49.0,33470.0,683.0612244897959,1,5,1,0,0,друго,неизвестно,,,,,1.0,,,,,,1,20,среден
Благоевград област,с.Елешница,няма,house,132.0,34000.0,257.57575757575756,1,3,1,0,0,друго,неизвестно,,,,,,,,1.0,,,1,20,среден
Благоевград област,гр.Разлог,Център,1 room,33.0,34000.0,1030.3030303030303,1,5,1,0,0,друго,неизвестно,,,,,,,,,,,1,20,среден
Благоевград област,с.Долно Драглище,няма,land/plot,382.0,34999.0,91.62041884816755,1,3,1,0,0,друго,неизвестно,,,,,,,,,,,1,20,среден
Благоевград област,с.Долно Драглище,няма,house,97.0,35000.0,360.82474226804123,1,3,1,0,0,друго,неизвестно,,,,,,,,,,,1,20,среден
Благоевград област,гр.Банско,Център,1 room,28.0,35000.0,1250.0,1,3,1,0,0,друго,неизвестно,,,,,,,,,,,1,20,среден
Благоевград област,гр.Разлог,Център,1 room,52.0,35977.0,691.8653846153846,1,5,1,0,0,друго,неизвестно,,,,,1.0,,,,,,1,20,среден
Благоевград област,гр.Банско,Център,2 room,63.0,36000.0,571.4285714285714,4,4,0,1,0,друго,неизвестно,,,,,,,,,,,1,20,среден
Благоевград област,гр.Разлог,Център,land/plot,492.0,37000.0,75.20325203252033,1,3,1,0,0,друго,неизвестно,,,,,,,,,,,1,20,среден
Благоевград област,гр.Добринище,Център,other,580.0,37000.0,63.793103448275865,1,3,1,0,0,друго,неизвестно,,,,,,,,,,,1,20,среден
Благоевград област,гр.Банско,Център,1 room,32.0,37500.0,1171.875,1,6,1,0,0,друго,неизвестно,,,,,,,,,,,1,20,среден
Благоевград област,гр.Банско,Център,1 room,32.0,37500.0,1171.875,6,6,0,1,0,друго,неизвестно,,,,,,,,,,,1,20,среден
Благоевград област,с.Баня,няма,1 room,44.0,39000.0,886.3636363636364,1,5,1,0,0,друго,неизвестно,,,,,1.0,,,,,,1,20,среден
Благоевград област,с.Добърско,няма,land/plot,601.0,39065.0,65.0,1,3,1,0,0,друго,неизвестно,,,,,,,,,,,1,20,среден
Благоевград област,гр.Банско,Център,1 room,44.0,39499.0,897.7045454545455,2,4,0,0,1,друго,юг-запад,,,,,,,,,,1.0,1,20,среден
Благоевград област,гр.Банско,Център,1 room,45.0,39500.0,877.7777777777778,2,2,0,1,0,друго,неизвестно,,,,,,,,,,,1,20,среден
Благоевград област,гр.Банско,Център,1 room,28.0,39800.0,1421.4285714285713,1,5,1,0,0,друго,неизвестно,,,,,,,,,,,1,20,среден
Благоевград област,гр.Банско,Център,1 room,26.0,39900.0,1534.6153846153845,4,4,0,1,0,друго,неизвестно,,,,,,,,,,,1,20,среден
Благоевград област,гр.Разлог,Център,1 room,42.0,39900.0,950.0,1,5,1,0,0,друго,неизвестно,,,,,1.0,,,,,,1,20,среден
Благоевград област,гр.Банско,Център,1 room,65.0,39999.0,615.3692307692307,2,2,0,1,0,друго,неизвестно,,,,,,,,,,,1,20,среден
Благоевград област,с.Баня,няма,land/plot,295.0,40000.0,135.59322033898306,1,3,1,0,0,друго,неизвестно,,,,,,,,,,,1,20,среден
Благоевград област,с.Бачево,няма,house,73.0,40000.0,547.945205479452,1,3,1,0,0,друго,неизвестно,,,,,,,,,,,1,20,среден
Благоевград област,гр.Разлог,Център,1 room,56.0,40193.0,717.7321428571429,1,5,1,0,0,друго,неизвестно,,,,,1.0,,,,,,1,20,среден
Благоевград област,гр.Банско,Център,1 room,64.0,41000.0,640.625,1,3,1,0,0,друго,неизвестно,,,,,,,,,,,1,20,среден
Благоевград област,гр.Банско,Център,2 room,36.0,41189.0,1144.138888888889,1,4,1,0,0,друго,неизвестно,,,,,,,,,,,1,20,среден
Благоевград област,гр.Разлог,Център,2 room,61.0,41963.0,687.9180327868852,1,5,1,0,0,друго,неизвестно,,,,,1.0,,,,,,1,20,среден
Благоевград област,гр.Банско,Център,2 room,54.0,41990.0,777.5925925925926,1,5,1,0,0,друго,неизвестно,,,,,1.0,,,,,,1,20,среден
Благоевград област,с.Крупник,няма,house,80.0,42000.0,525.0,1,3,1,0,0,друго,неизвестно,,,,,,,,,,,1,20,среден
Благоевград област,гр.Банско,Център,1 room,42.0,42000.0,1000.0,1,6,1,0,0,друго,неизвестно,,,,,1.0,,,,,,1,20,среден
Благоевград област,гр.Банско,Център,1 room,37.0,42000.0,1135.1351351351352,1,3,1,0,0,друго,неизвестно,,,,,,,,,,,1,20,среден
Благоевград област,гр.Банско,Център,1 room,41.0,43000.0,1048.780487804878,1,6,1,0,0,друго,неизвестно,,,,,,,,,,1.0,1,20,среден
Благоевград област,гр.Разлог,Център,2 room,56.0,43500.0,776.7857142857143,4,5,0,0,1,друго,неизвестно,,,,,,,,,,,1,20,среден
Благоевград област,гр.Разлог,Център,2 room,47.0,44000.0,936.1702127659574,4,5,0,0,1,друго,неизвестно,,,,,,,,,,,1,20,среден
Благоевград област,с.Поленица,няма,land/plot,882.0,44100.0,50.0,1,3,1,0,0,друго,неизвестно,,,,,,,,,,,3,20,среден
Благоевград област,гр.Разлог,Център,2 room,65.0,44322.0,681.876923076923,1,5,1,0,0,друго,неизвестно,,,,,1.0,,,,,,1,20,среден
Благоевград област,гр.Разлог,Център,2 room,61.0,44463.0,728.9016393442623,1,5,1,0,0,друго,неизвестно,,,,,1.0,,,,,,1,20,среден
Благоевград област,гр.Добринище,Център,land/plot,464.0,45000.0,96.98275862068965,1,3,1,0,0,друго,неизвестно,,,,,,,,,,,1,20,среден
Благоевград област,гр.Разлог,Център,1 room,45.0,45000.0,1000.0,1,5,1,0,0,друго,неизвестно,,,,,1.0,,,,,,1,20,среден
Благоевград област,гр.Банско,Център,2 room,46.0,45000.0,978.2608695652174,0,4,0,0,1,друго,неизвестно,,,,,,,,,,,1,20,среден
Благоевград област,гр.Банско,Център,1 room,30.0,45000.0,1500.0,3,4,0,0,1,друго,неизвестно,,,,,1.0,,,,,,1,20,среден
Благоевград област,гр.Разлог,Център,2 room,56.0,45000.0,803.5714285714286,3,5,0,0,1,друго,неизвестно,,,,,1.0,,,,,,1,20,среден
Благоевград област,гр.Сандански,Център,house,160.0,45000.0,281.25,1,3,1,0,0,друго,неизвестно,,,,,,,,,,,1,20,среден
Благоевград област,гр.Разлог,Център,1 room,33.0,45000.0,1363.6363636363637,0,3,0,0,1,друго,неизвестно,,,,,,,,,,,1,20,среден
Благоевград област,с.Хърсово,няма,house,190.0,45000.0,236.8421052631579,1,3,1,0,0,друго,неизвестно,,,,,,,,,,,1,20,среден
Благоевград област,гр.Банско,Център,1 room,49.0,45000.0,918.3673469387755,4,4,0,1,0,друго,неизвестно,,,,,,,,,,,1,20,среден
Благоевград област,гр.Разлог,Център,2 room,46.0,45000.0,978.2608695652174,1,4,1,0,0,друго,неизвестно,,,,,1.0,,,,,,1,20,среден
Благоевград област,гр.Банско,Център,multi-room,50.0,45015.0,900.3,1,4,1,0,0,друго,неизвестно,,,,,,,,,,,3,20,среден
Благоевград област,гр.Разлог,Център,2 room,67.0,45312.0,676.2985074626865,1,5,1,0,0,друго,неизвестно,,,,,1.0,,,,,,1,20,среден
Благоевград област,гр.Банско,Център,1 room,34.0,46343.0,1363.0294117647059,2,6,0,0,1,друго,неизвестно,,,,,,,,,,,1,20,среден
Благоевград област,гр.Разлог,Център,2 room,68.0,46383.0,682.1029411764706,1,5,1,0,0,друго,неизвестно,,,,,1.0,,,,,,1,20,среден
Благоевград област,гр.Банско,Център,1 room,29.0,46500.0,1603.448275862069,3,3,0,1,0,друго,неизвестно,,,,,,,,,,,1,20,среден
Благоевград област,гр.Банско,Център,1 room,36.0,46999.0,1305.5277777777778,1,3,1,0,0,друго,неизвестно,,,,,1.0,,,,,,1,20,среден
Благоевград област,гр.Разлог,Център,1 room,44.0,47000.0,1068.1818181818182,1,5,1,0,0,друго,неизвестно,,,,,1.0,,,,,,1,20,среден
Благоевград област,гр.Банско,Център,1 room,41.0,47000.0,1146.341463414634,2,2,0,1,0,друго,неизвестно,,,,,,,,,,,1,20,среден
Благоевград област,гр.Банско,Център,1 room,36.0,47000.0,1305.5555555555557,1,5,1,0,0,друго,неизвестно,,,,,,,,,,1.0,1,20,среден
Благоевград област,гр.Банско,Център,2 room,53.0,47482.0,895.8867924528302,1,5,1,0,0,друго,неизвестно,,,,,1.0,,,,,,1,20,среден
Благоевград област,гр.Разлог,Център,2 room,69.0,47484.0,688.1739130434783,1,5,1,0,0,друго,неизвестно,,,,,1.0,,,,,,1,20,среден
Благоевград област,гр.Разлог,Център,2 room,71.0,47577.0,670.0985915492957,1,5,1,0,0,друго,неизвестно,,,,,1.0,,,,,,1,20,среден
Благоевград област,гр.Банско,Център,1 room,55.0,47999.0,872.709090909091,2,4,0,0,1,друго,юг,,,,,,,,,,1.0,1,20,среден
Благоевград област,гр.Банско,Център,1 room,48.0,48000.0,1000.0,1,5,1,0,0,друго,неизвестно,,,,,,,,,,,1,20,среден
Благоевград област,гр.Банско,Център,1 room,49.0,48000.0,979.5918367346939,1,5,1,0,0,друго,неизвестно,,,,,,,,,,,1,20,среден
Благоевград област,гр.Банско,Център,1 room,31.0,48000.0,1548.3870967741937,1,5,1,0,0,друго,неизвестно,,,,,,,,,,1.0,1,20,среден
Благоевград област,гр.Разлог,Център,1 room,43.0,48000.0,1116.2790697674418,1,5,1,0,0,друго,неизвестно,,,,,1.0,,,,,,1,20,среден
Благоевград област,гр.Банско,Център,1 room,38.0,48000.0,1263.157894736842,1,5,1,0,0,друго,неизвестно,,,,,1.0,,,,,,1,20,среден
Благоевград област,гр.Банско,Център,1 room,43.0,48000.0,1116.2790697674418,1,5,1,0,0,друго,неизвестно,,,,,,,,,,1.0,1,20,среден
Благоевград област,с.Годлево,няма,land/plot,887.0,48000.0,54.114994363021424,1,3,1,0,0,друго,неизвестно,,,,,,,,,,,1,20,среден
Благоевград област,гр.Банско,Център,1 room,33.0,48000.0,1454.5454545454545,3,3,0,1,0,друго,неизвестно,,,,,,,,,,,1,20,среден
Благоевград област,гр.Разлог,Център,1 room,48.0,48000.0,1000.0,1,6,1,0,0,друго,неизвестно,,,,,1.0,,,,,,1,20,среден
Благоевград област,гр.Разлог,Център,1 room,48.0,48000.0,1000.0,1,6,1,0,0,друго,неизвестно,,,,,1.0,,,,,,1,20,среден
Благоевград област,гр.Разлог,Център,2 room,69.0,48377.0,701.1159420289855,1,5,1,0,0,друго,неизвестно,,,,,,,,,,,1,20,среден
Благоевград област,гр.Банско,Център,1 room,64.0,48500.0,757.8125,3,3,0,1,0,друго,неизвестно,,,,,,,,,,,1,20,среден
Благоевград област,гр.Банско,Център,1 room,42.0,48645.0,1158.2142857142858,1,5,1,0,0,друго,неизвестно,,,,,1.0,,,,,1.0,1,20,среден
Благоевград област,гр.Разлог,Център,2 room,68.0,48747.0,716.8676470588235,1,5,1,0,0,друго,неизвестно,,,,,1.0,,,,,,1,20,среден
Благоевград област,гр.Банско,Център,2 room,54.0,48796.0,903.6296296296297,3,3,0,1,0,друго,неизвестно,,,,,,,,,,,3,20,среден
Благоевград област,гр.Разлог,Център,1 room,49.0,49000.0,1000.0,1,5,1,0,0,друго,неизвестно,,,,,1.0,,,,,,1,20,среден
Благоевград област,гр.Разлог,Център,1 room,66.0,49431.0,748.9545454545455,1,4,1,0,0,друго,неизвестно,,,,,1.0,,,,,,1,20,среден
Благоевград област,гр.Банско,Център,1 room,44.0,49500.0,1125.0,1,5,1,0,0,друго,неизвестно,,,,,,,,,,,1,20,среден
Благоевград област,гр.Банско,Център,1 room,37.0,49500.0,1337.837837837838,1,3,1,0,0,друго,неизвестно,,,,,,,,,,,1,20,среден
Благоевград област,гр.Разлог,Център,2 room,69.0,49984.0,724.4057971014493,1,5,1,0,0,друго,неизвестно,,,,,1.0,,,,,,1,20,среден
Благоевград област,гр.Разлог,Център,2 room,69.0,49984.0,724.4057971014493,1,5,1,0,0,друго,запад,,,,,1.0,,,,,,1,20,среден
Благоевград област,гр.Банско,Център,2 room,70.0,49999.0,714.2714285714286,4,4,0,1,0,друго,неизвестно,,,,,1.0,,,,,,1,20,среден
Велико Търново област,гр. Велико Търново,Картала,2 room,68.0,92000.0,1352.9411764705883,2,6,0,0,1,друго,север-запад,,,,,,,,,,,1,20,среден
Велико Търново област,гр. Велико Търново,Картала,3 room,105.0,138500.0,1319.047619047619,2,6,0,0,1,друго,неизвестно,,,,,,,,,,,2,20,среден
Велико Търново област,гр. Велико Търново,Картала,3 room,109.0,141000.0,1293.5779816513761,2,6,0,0,1,друго,юг-север,,,,,,,,,,,2,20,среден
Велико Търново област,гр. Велико Търново,Център,house,60.0,8000.0,133.33333333333334,1,3,1,0,0,друго,неизвестно,,,,,,,,,,,1,20,среден
Велико Търново област,гр. Велико Търново,Център,house,124.0,8500.0,68.54838709677419,1,3,1,0,0,друго,неизвестно,,,,,,,,,,,1,20,среден
Велико Търново област,гр. Велико Търново,Център,house,100.0,9200.0,92.0,1,3,1,0,0,друго,неизвестно,,,,,,,,,,,1,26,среден
Велико Търново област,гр. Велико Търново,Център,house,166.0,10500.0,63.25301204819277,1,3,1,0,0,друго,неизвестно,,,,,,,,,,,1,20,среден
Велико Търново област,гр. Велико Търново,Център,house,150.0,10500.0,70.0,1,3,1,0,0,друго,неизвестно,,,,,,,,,,,1,20,среден
Велико Търново област,гр. Велико Търново,Център,house,80.0,12300.0,153.75,1,3,1,0,0,друго,неизвестно,,,,,,,,,,,1,20,среден
Велико Търново област,гр. Велико Търново,Център,house,100.0,13000.0,130.0,1,3,1,0,0,друго,неизвестно,,,,,,,,,,,1,20,среден
Велико Търново област,гр. Велико Търново,Център,house,100.0,14000.0,140.0,1,3,1,0,0,друго,неизвестно,,,,,,,,,,,1,20,среден
Велико Търново област,гр. Велико Търново,Център,house,200.0,15000.0,75.0,1,3,1,0,0,друго,неизвестно,,,,,,,,,,,1,20,среден
Велико Търново област,гр. Велико Търново,Център,house,100.0,15000.0,150.0,1,3,1,0,0,друго,неизвестно,,,,,,,,,,,1,20,среден
Велико Търново област,гр. Велико Търново,Център,house,100.0,16000.0,160.0,1,3,1,0,0,друго,неизвестно,,,,,,,,,,,1,20,среден
Велико Търново област,гр. Велико Търново,Варуша,house,48.0,17895.0,372.8125,1,3,1,0,0,друго,неизвестно,,,,,,,,,,,1,20,среден
Велико Търново област,гр. Велико Търново,Център,house,100.0,17900.0,179.0,1,3,1,0,0,друго,неизвестно,,,,,,,,,,,1,20,среден
Велико Търново област,гр. Велико Търново,Център,house,100.0,19400.0,194.0,1,3,1,0,0,друго,неизвестно,,,,,,,,,,,1,20,среден
Велико Търново област,гр. Велико Търново,Широк център,garage/parking,23.0,19500.0,847.8260869565217,1,3,1,0,0,друго,неизвестно,,,1.0,,,,,,,,2,3,нов
Велико Търново област,гр. Велико Търново,Бузлуджа,garage/parking,26.0,19999.0,769.1923076923077,0,3,0,0,1,друго,неизвестно,,,1.0,,,,,,,,1,20,среден
Велико Търново област,гр. Велико Търново,Център,house,120.0,20000.0,166.66666666666666,1,3,1,0,0,друго,неизвестно,,,1.0,,,,,,,,1,20,среден
Велико Търново област,гр. Велико Търново,Център,house,130.0,21100.0,162.30769230769232,1,3,1,0,0,друго,неизвестно,,,,,,,,,,,1,20,среден
Велико Търново област,гр. Велико Търново,Център,house,81.0,21500.0,265.4320987654321,1,3,1,0,0,друго,неизвестно,,,,,,,,,,,1,20,среден
Велико Търново област,гр. Велико Търново,Център,house,100.0,21990.0,219.9,1,3,1,0,0,друго,неизвестно,,,,,,,,,,,1,20,среден
Велико Търново област,гр. Велико Търново,Промишлена зона Запад,house,60.0,22000.0,366.6666666666667,1,3,1,0,0,друго,запад,,,,,,,,,,,1,20,среден
Велико Търново област,гр. Велико Търново,Център,house,100.0,23000.0,230.0,1,3,1,0,0,друго,неизвестно,,,,,,,,,,,1,20,среден
Велико Търново област,гр. Велико Търново,Център,house,100.0,23500.0,235.0,1,3,1,0,0,друго,неизвестно,,,,,,,,,,,1,20,среден
Велико Търново област,гр. Велико Търново,Център,house,120.0,23500.0,195.83333333333334,1,3,1,0,0,друго,неизвестно,,,,,,,,,,,1,20,среден
Велико Търново област,гр. Велико Търново,Център,commercial,372.0,25800.0,69.35483870967742,1,2,1,0,0,друго,неизвестно,,,,,,,,,,,1,20,среден
Велико Търново област,гр. Велико Търново,Център,house,150.0,26600.0,177.33333333333334,1,3,1,0,0,друго,неизвестно,,,,,,,,,,,1,20,среден
Велико Търново област,гр. Велико Търново,Център,commercial,32.0,27000.0,843.75,1,3,1,0,0,друго,неизвестно,,,,,,,,,,,1,20,среден
Велико Търново област,гр. Велико Търново,Център,house,75.0,27000.0,360.0,1,3,1,0,0,друго,неизвестно,,,,,,,,,,,1,20,среден
Велико Търново област,гр. Велико Търново,Център,house,120.0,27200.0,226.66666666666666,1,3,1,0,0,друго,неизвестно,,,1.0,,,,,,,,1,20,среден
Велико Търново област,гр. Велико Търново,Център,other,488.0,28314.0,58.02049180327869,1,3,1,0,0,друго,неизвестно,,,,,,,,,,,1,20,среден
Велико Търново област,гр. Велико Търново,Център,commercial,38.0,29000.0,763.1578947368421,1,3,1,0,0,друго,неизвестно,,,,,,,,,,,1,20,среден
Велико Търново област,гр. Велико Търново,Център,commercial,32.0,29000.0,906.25,1,3,1,0,0,друго,неизвестно,,,,,,,,,,,1,20,среден
Велико Търново област,гр. Велико Търново,Център,house,350.0,30000.0,85.71428571428571,1,3,1,0,0,друго,неизвестно,,,,,,,,,,,1,20,среден
Велико Търново област,гр. Велико Търново,Варуша,house,180.0,30000.0,166.66666666666666,1,3,1,0,0,друго,неизвестно,,,,,,,,,,,1,20,среден
Велико Търново област,гр. Велико Търново,Център,house,70.0,30500.0,435.7142857142857,1,3,1,0,0,друго,неизвестно,,,,,,,,,,,1,20,среден
Велико Търново област,гр. Велико Търново,Център,house,120.0,30500.0,254.16666666666666,1,3,1,0,0,друго,неизвестно,,,,,,,,,,,1,20,среден
Велико Търново област,гр. Велико Търново,Варуша,house,84.0,31000.0,369.04761904761904,1,3,1,0,0,друго,неизвестно,,,,,,,,,,,1,20,среден
Велико Търново област,гр. Велико Търново,Център,house,120.0,31500.0,262.5,1,3,1,0,0,друго,неизвестно,,,,,,,,,,,1,20,среден
Велико Търново област,гр. Велико Търново,Колю Фичето,garage/parking,19.0,32500.0,1710.5263157894738,1,3,1,0,0,друго,неизвестно,,,1.0,,,,,,,,1,20,среден
Велико Търново област,гр. Велико Търново,Център,house,100.0,33700.0,337.0,1,3,1,0,0,друго,неизвестно,,,,,,,,,,,1,20,среден
Велико Търново област,гр. Велико Търново,Център,other,22.0,34500.0,1568.1818181818182,2,4,0,0,1,друго,неизвестно,,,,,,,,,,,1,20,среден
Велико Търново област,гр. Велико Търново,Варуша,land/plot,292.0,36000.0,123.28767123287672,1,3,1,0,0,друго,неизвестно,,,,,,,,,,,1,20,среден
Велико Търново област,гр. Велико Търново,Център,house,80.0,36000.0,450.0,1,3,1,0,0,друго,неизвестно,,,,,,,,,,,1,20,среден
Велико Търново област,гр. Велико Търново,Варуша,land/plot,290.0,36000.0,124.13793103448276,1,3,1,0,0,друго,неизвестно,,,,,,,,,,,1,20,среден
Велико Търново област,гр. Велико Търново,Асенов,house,176.0,36500.0,207.38636363636363,1,3,1,0,0,друго,неизвестно,,,,,,,,,,,1,20,среден
Велико Търново област,гр. Велико Търново,Център,house,200.0,37000.0,185.0,1,3,1,0,0,друго,неизвестно,,,,,,,,,,,1,20,среден
Велико Търново област,гр. Велико Търново,Център,house,100.0,38000.0,380.0,1,3,1,0,0,друго,неизвестно,,,,,,,,,,,1,20,среден
Велико Търново област,гр. Велико Търново,Бузлуджа,1 room,25.0,40000.0,1600.0,2,3,0,0,1,друго,неизвестно,,,,,,,,,,,1,20,среден
Велико Търново област,гр. Велико Търново,Асенов,land/plot,233.0,40903.0,175.54935622317598,1,3,1,0,0,друго,неизвестно,,,,,,,,,,,2,20,среден
Велико Търново област,гр. Велико Търново,Козлуджа,house,55.0,41000.0,745.4545454545455,1,3,1,0,0,друго,неизвестно,,,,,,,,,,,1,20,среден
Велико Търново област,гр. Велико Търново,Център,house,100.0,41500.0,415.0,1,3,1,0,0,друго,неизвестно,,,,,,,,,,,1,20,среден
Велико Търново област,гр. Велико Търново,Бузлуджа,1 room,22.0,42000.0,1909.090909090909,2,3,0,0,1,друго,запад,,,,,,,,,,,1,20,среден
Велико Търново област,гр. Велико Търново,Център,house,100.0,42000.0,420.0,1,3,1,0,0,друго,неизвестно,,,,,,,,,,,1,20,среден
Велико Търново област,гр. Велико Търново,Център,house,120.0,42300.0,352.5,1,3,1,0,0,друго,неизвестно,,,,,,,,,,,2,20,среден
Велико Търново област,гр. Велико Търново,Козлуджа,house,98.0,45000.0,459.18367346938777,1,3,1,0,0,друго,запад,,,,,,,,,,,1,20,среден
Велико Търново област,гр. Велико Търново,Център,house,200.0,45000.0,225.0,1,3,1,0,0,друго,неизвестно,,,,,,,,,,,1,20,среден
Велико Търново област,гр. Велико Търново,Бузлуджа,1 room,29.0,45000.0,1551.7241379310344,2,3,0,0,1,друго,неизвестно,,,,,,,,,,,1,20,среден
Велико Търново област,гр. Велико Търново,Зона Б,land/plot,630.0,46100.0,73.17460317460318,1,3,1,0,0,друго,север,,,,,,,,,,,1,20,среден
Велико Търново област,гр. Велико Търново,Център,house,116.0,47000.0,405.17241379310343,1,3,1,0,0,друго,неизвестно,,,,,,,,,,,1,20,среден
Велико Търново област,гр. Велико Търново,Света Гора,house,50.0,48000.0,960.0,1,3,1,0,0,друго,неизвестно,,,,,,,,1.0,,,1,20,среден
Велико Търново област,гр. Велико Търново,Център,land/plot,200.0,50000.0,250.0,1,3,1,0,0,друго,неизвестно,,,,,,,,,,,2,20,среден
Велико Търново област,гр. Велико Търново,Картала,garage/parking,49.0,50000.0,1020.4081632653061,1,3,1,0,0,друго,неизвестно,,,1.0,,,,,,,,2,20,среден
Велико Търново област,гр. Велико Търново,Център,house,120.0,50000.0,416.6666666666667,1,3,1,0,0,друго,неизвестно,,,,,,,,,,,1,20,среден
Велико Търново област,гр. Велико Търново,Център,house,100.0,51130.0,511.3,1,3,1,0,0,друго,неизвестно,,,,,,,,,,,1,20,среден
Велико Търново област,гр. Велико Търново,Център,house,130.0,51500.0,396.15384615384613,1,3,1,0,0,друго,неизвестно,,,,,,,,,,,1,20,среден
Велико Търново област,гр. Велико Търново,Варуша,house,51.0,52000.0,1019.6078431372549,1,2,1,0,0,друго,неизвестно,,,,,,,,,,,1,20,среден
Велико Търново област,гр. Велико Търново,Козлуджа,house,52.0,52000.0,1000.0,1,3,1,0,0,друго,запад,,,,,,,,,,,1,20,среден
Велико Търново област,гр. Велико Търново,Варуша,land/plot,283.0,55000.0,194.34628975265016,1,3,1,0,0,друго,неизвестно,,,,,,,,,,,1,20,среден
Велико Търново област,гр. Велико Търново,Център,house,100.0,55000.0,550.0,1,3,1,0,0,друго,неизвестно,,,,,,,,,,,1,20,среден
Велико Търново област,гр. Велико Търново,Център,house,79.0,55000.0,696.2025316455696,1,3,1,0,0,друго,неизвестно,,,,,,,,,,,1,20,среден
Велико Търново област,гр. Велико Търново,Бузлуджа,1 room,35.0,55000.0,1571.4285714285713,2,3,0,0,1,друго,неизвестно,,,,,,,,,,,1,20,среден
Велико Търново област,гр. Велико Търново,Център,land/plot,812.0,58000.0,71.42857142857143,1,3,1,0,0,друго,неизвестно,,,,,,,,,,,1,20,среден
Велико Търново област,гр. Велико Търново,Център,house,100.0,58000.0,580.0,1,3,1,0,0,друго,неизвестно,,,,,,,,,,,1,20,среден
Велико Търново област,гр. Велико Търново,Център,house,120.0,58000.0,483.3333333333333,1,3,1,0,0,друго,неизвестно,,,,,,,,,,,1,18,среден
Велико Търново област,гр. Велико Търново,Център,garage/parking,46.0,59400.0,1291.304347826087,1,3,1,0,0,друго,неизвестно,,,1.0,,,,,,,,1,20,среден
Велико Търново област,гр. Велико Търново,Център,house,100.0,61500.0,615.0,1,3,1,0,0,друго,неизвестно,,,,,,,,,,,1,20,среден
Велико Търново област,гр. Велико Търново,Акация,2 room,46.0,62000.0,1347.8260869565217,5,5,0,1,0,друго,неизвестно,,,,,,,,,,,1,20,среден
Велико Търново област,гр. Велико Търново,Света Гора,1 room,45.0,63000.0,1400.0,1,3,1,0,0,друго,неизвестно,,,,,,,,,,,1,20,среден
Велико Търново област,гр. Велико Търново,Център,house,120.0,63800.0,531.6666666666666,1,3,1,0,0,друго,неизвестно,,,,,,,,,,,1,20,среден
Велико Търново област,гр. Велико Търново,Център,house,100.0,65000.0,650.0,1,3,1,0,0,друго,неизвестно,,,,,,,,,,,1,20,среден
Велико Търново област,гр. Велико Търново,Център,house,270.0,68500.0,253.7037037037037,1,3,1,0,0,друго,неизвестно,,,,,,,,,,,1,20,среден
Велико Търново област,гр. Велико Търново,Център,house,80.0,70000.0,875.0,1,3,1,0,0,друго,неизвестно,,,,,,,,,,,1,20,среден
Велико Търново област,гр. Велико Търново,Център,other,700.0,70000.0,100.0,1,3,1,0,0,друго,север,,,,,,,,,,,1,20,среден
Велико Търново област,гр. Велико Търново,Център,other,50.0,70000.0,1400.0,1,6,1,0,0,друго,неизвестно,,,,,,,,,,,1,20,среден
Велико Търново област,гр. Велико Търново,Света Гора,commercial,82.0,74137.0,904.109756097561,1,3,1,0,0,друго,неизвестно,,,,,,,,,,,1,20,среден
Велико Търново област,гр. Велико Търново,Бузлуджа,2 room,40.0,75000.0,1875.0,6,6,0,1,0,друго,неизвестно,,,,,,,,,,,1,20,среден
Велико Търново област,гр. Велико Търново,Център,house,145.0,75000.0,517.2413793103449,1,3,1,0,0,друго,неизвестно,,,,,,,,,,,1,20,среден
Велико Търново област,гр. Велико Търново,Център,house,100.0,75000.0,750.0,1,3,1,0,0,друго,неизвестно,,,,,,,,,,,1,20,среден
Велико Търново област,гр. Велико Търново,Център,house,200.0,76600.0,383.0,1,3,1,0,0,друго,неизвестно,,,,,,,,,,,1,20,среден
Велико Търново област,гр. Велико Търново,Картала,1 room,45.0,79500.0,1766.6666666666667,7,8,0,0,1,друго,неизвестно,,,,,,,,,,,1,20,среден
Велико Търново област,гр. Велико Търново,Център,house,210.0,79800.0,380.0,1,3,1,0,0,друго,неизвестно,,,,,,,,,,,1,20,среден
Велико Търново област,гр. Велико Търново,Чолаковци,3 room,84.0,79900.0,951.1904761904761,1,6,1,0,0,панел,неизвестно,,,,,,,,,,,1,45,стар
Велико Търново област,гр. Велико Търново,Зона Б,other,102.0,81000.0,794.1176470588235,1,3,1,0,0,друго,неизвестно,,,,,,,,,,,1,20,среден
Велико Търново област,гр. Велико Търново,Зона Б,2 room,60.0,81500.0,1358.3333333333333,1,3,1,0,0,друго,неизвестно,,,1.0,,,,,,,,1,20,среден
Велико Търново област,гр. Велико Търново,Бузлуджа,2 room,40.0,82000.0,2050.0,0,6,0,0,1,друго,неизвестно,,,,,,,,,,,2,3,нов
Велико Търново област,гр. Велико Търново,Бузлуджа,commercial,83.0,82000.0,987.9518072289156,1,3,1,0,0,друго,неизвестно,,,,,,,,,,,1,20,среден
Велико Търново област,гр. Велико Търново,Царевец,house,81.0,83000.0,1024.6913580246915,1,3,1,0,0,друго,неизвестно,,,,,,,,,,,1,20,среден
Велико Търново област,гр. Велико Търново,Бузлуджа,3 room,77.0,85000.0,1103.8961038961038,7,7,0,1,0,друго,неизвестно,,,,,,,,,,,1,20,среден
Велико Търново област,гр. Велико Търново,Център,house,120.0,85000.0,708.3333333333334,1,3,1,0,0,друго,неизвестно,,,,,,,,,,,1,20,среден
Велико Търново област,гр. Велико Търново,Картала,2 room,46.0,87500.0,1902.1739130434783,1,6,1,0,0,друго,неизвестно,,,1.0,,,,,,,,1,20,среден
Велико Търново област,гр. Велико Търново,Колю Фичето,2 room,40.0,88000.0,2200.0,2,6,0,0,1,друго,неизвестно,,,,,,,,,,,1,20,среден
Велико Търново област,гр. Велико Търново,Център,house,80.0,88100.0,1101.25,1,3,1,0,0,друго,неизвестно,,,1.0,,,,,,,,1,20,среден
Велико Търново област,гр. Велико Търново,Център,other,57.0,88500.0,1552.6315789473683,2,3,0,0,1,друго,неизвестно,,,,,,,,,,,1,20,среден
Велико Търново област,гр. Велико Търново,Стара част,land/plot,419.0,90000.0,214.79713603818615,1,3,1,0,0,друго,неизвестно,,,,,,,,,,,2,20,среден
Велико Търново област,гр. Велико Търново,Варуша,house,166.0,90000.0,542.1686746987951,1,3,1,0,0,друго,неизвестно,,,,,,,,,,,1,20,среден
Велико Търново област,гр. Велико Търново,Център,3 room,78.0,91368.0,1171.3846153846155,1,3,1,0,0,друго,неизвестно,,,,,,,,,,,1,20,среден
Велико Търново област,гр. Велико Търново,Колю Фичето,2 room,60.0,92000.0,1533.3333333333333,6,6,0,1,0,друго,неизвестно,,,,,,,,,,,1,20,среден
Велико Търново област,гр. Велико Търново,Център,other,108.0,93000.0,861.1111111111111,1,6,1,0,0,друго,неизвестно,,,,,,,,,,,1,20,среден
Велико Търново област,гр. Велико Търново,Център,other,112.0,93000.0,830.3571428571429,1,6,1,0,0,друго,неизвестно,,,,,,,,,,,1,20,среден
Велико Търново област,гр. Велико Търново,Център,2 room,61.0,93500.0,1532.7868852459017,1,4,1,0,0,друго,неизвестно,,,,,,,,,,,1,20,среден
Велико Търново област,гр. Велико Търново,Асенов,other,90.0,95000.0,1055.5555555555557,1,3,1,0,0,друго,неизвестно,,,,,,,,,,,1,20,среден
Велико Търново област,гр. Велико Търново,Център,house,200.0,95000.0,475.0,1,3,1,0,0,друго,неизвестно,,,,,,,,,,,1,20,среден
Велико Търново област,гр. Велико Търново,Център,2 room,56.0,95000.0,1696.4285714285713,4,5,0,0,1,друго,неизвестно,,,,,,,,,,,1,20,среден
Велико Търново област,гр. Велико Търново,Света Гора,2 room,65.0,95600.0,1470.7692307692307,1,3,1,0,0,друго,неизвестно,,,,,,,,,,,1,20,среден
Велико Търново област,гр. Велико Търново,Център,house,100.0,96000.0,960.0,1,3,1,0,0,друго,неизвестно,,,,,,,,,,,1,20,среден
Велико Търново област,гр. Велико Търново,Зона Б,2 room,43.0,96000.0,2232.5581395348836,2,5,0,0,1,друго,неизвестно,,,,1.0,,,,,,,1,20,среден
Велико Търново област,гр. Велико Търново,Център,commercial,67.0,97000.0,1447.7611940298507,1,3,1,0,0,друго,неизвестно,,,,,,,,,,,1,20,среден
Велико Търново област,гр. Велико Търново,Център,commercial,65.0,97000.0,1492.3076923076924,1,3,1,0,0,друго,неизвестно,,,,,,,,,,,1,20,среден
Велико Търново област,гр. Велико Търново,Стара част,2 room,45.0,97500.0,2166.6666666666665,3,3,0,1,0,друго,неизвестно,,,,,,,,,,,1,20,среден
Велико Търново област,гр. Велико Търново,Център,house,150.0,97500.0,650.0,1,3,1,0,0,друго,неизвестно,,,,,,,,,,,1,20,среден
Велико Търново област,гр. Велико Търново,Център,house,100.0,98000.0,980.0,1,3,1,0,0,друго,неизвестно,,,,,,,,,,,1,20,среден
Велико Търново област,гр. Велико Търново,Център,3 room,77.0,99990.0,1298.5714285714287,1,3,1,0,0,друго,неизвестно,,,,,,,,,,,1,20,среден
Велико Търново област,гр. Велико Търново,Център,house,375.0,100000.0,266.6666666666667,1,3,1,0,0,друго,неизвестно,,,,,,,,,,,1,20,среден
Велико Търново област,гр. Велико Търново,Зона Б,other,88.0,100000.0,1136.3636363636363,1,3,1,0,0,друго,неизвестно,,,,,,,,,,,1,20,среден
Велико Търново област,гр. Велико Търново,Център,house,76.0,100000.0,1315.7894736842106,1,3,1,0,0,друго,неизвестно,,,,,,,,,,,1,20,среден
Велико Търново област,гр. Велико Търново,Зона Б,2 room,69.0,100000.0,1449.2753623188405,1,5,1,0,0,друго,неизвестно,,,,,,,,,,,1,20,среден
Велико Търново област,гр. Велико Търново,Център,house,150.0,100000.0,666.6666666666666,1,3,1,0,0,друго,неизвестно,,,,,1.0,,,,,,1,20,среден
Велико Търново област,гр. Велико Търново,Център,3 room,80.0,103000.0,1287.5,4,6,0,0,1,друго,неизвестно,,,,,,,,,,,1,20,среден
Велико Търново област,гр. Велико Търново,Център,house,250.0,103000.0,412.0,1,3,1,0,0,друго,неизвестно,,,,,,,,,,,1,20,среден
Велико Търново област,гр. Велико Търново,Стара част,commercial,28.0,103000.0,3678.5714285714284,1,3,1,0,0,друго,неизвестно,,,,,,,,,,,1,20,среден
Велико Търново област,гр. Велико Търново,Център,3 room,76.0,105000.0,1381.578947368421,1,6,1,0,0,друго,неизвестно,,,,,,,,,,,1,20,среден
Велико Търново област,гр. Велико Търново,Варуша,house,87.0,105000.0,1206.896551724138,1,2,1,0,0,друго,неизвестно,,,1.0,,,,,,,,1,20,среден
Велико Търново област,гр. Велико Търново,Център,3 room,77.0,105000.0,1363.6363636363637,1,6,1,0,0,панел,неизвестно,,,,,,,,,,,1,45,стар
Велико Търново област,гр. Велико Търново,Център,house,140.0,105000.0,750.0,1,3,1,0,0,друго,неизвестно,,,,,,,,,,,1,20,среден
Велико Търново област,гр. Велико Търново,Бузлуджа,2 room,50.0,110000.0,2200.0,1,6,1,0,0,друго,неизвестно,,,,,,,,1.0,,,1,20,среден
Велико Търново област,гр. Велико Търново,Зона Б,2 room,64.0,111000.0,1734.375,1,4,1,0,0,друго,неизвестно,,,,,,,,,,,2,20,среден
Велико Търново област,гр. Велико Търново,Колю Фичето,3 room,75.0,113000.0,1506.6666666666667,6,7,0,0,1,друго,неизвестно,,,,,,,,,,,1,20,среден
Велико Търново област,гр. Велико Търново,бул. Никола Габровски,other,220.0,115000.0,522.7272727272727,1,3,1,0,0,друго,неизвестно,,,,,,,,,,,1,20,среден
Велико Търново област,гр. Велико Търново,Колю Фичето,3 room,80.0,115000.0,1437.5,5,6,0,0,1,друго,неизвестно,,,,,,,,,,,1,20,среден
Велико Търново област,гр. Велико Търново,Асенов,house,60.0,115000.0,1916.6666666666667,1,3,1,0,0,друго,неизвестно,,,,,,,,,,,1,20,среден
Велико Търново област,гр. Велико Търново,Бузлуджа,2 room,60.0,115000.0,1916.6666666666667,6,7,0,0,1,друго,неизвестно,,,,,,,,,,,2,3,нов
Велико Търново област,гр. Велико Търново,Зона Б,2 room,56.0,115198.0,2057.1071428571427,1,6,1,0,0,друго,неизвестно,,,,,,,,,,,1,20,среден
Велико Търново област,гр. Велико Търново,Колю Фичето,3 room,84.0,115500.0,1375.0,1,7,1,0,0,друго,неизвестно,,,,,,,1.0,,,,1,1,нов
Велико Търново област,гр. Велико Търново,Център,1 room,38.0,117000.0,3078.9473684210525,2,2,0,1,0,друго,неизвестно,,,,,,,,,,,1,20,среден
Велико Търново област,гр. Велико Търново,Център,2 room,58.0,118000.0,2034.4827586206898,3,4,0,0,1,друго,неизвестно,,,,,,,,,,,1,20,среден
Велико Търново област,гр. Велико Търново,Център,2 room,58.0,118500.0,2043.103448275862,2,6,0,0,1,друго,неизвестно,,,,,,,,,,,1,20,среден
Велико Търново област,гр. Велико Търново,Варуша,land/plot,511.0,120000.0,234.83365949119374,1,3,1,0,0,друго,неизвестно,,,,,,,,,,,1,20,среден
Велико Търново област,гр. Велико Търново,Център,house,120.0,120000.0,1000.0,1,3,1,0,0,друго,неизвестно,,,,,,,,,,,1,20,среден
Велико Търново област,гр. Велико Търново,Стара част,land/plot,475.0,121000.0,254.73684210526315,1,3,1,0,0,друго,неизвестно,,,,,,,,,,,1,20,среден
Велико Търново област,гр. Велико Търново,Колю Фичето,2 room,57.0,121000.0,2122.8070175438597,1,6,1,0,0,друго,неизвестно,,,,,1.0,,,,,,1,20,среден
Велико Търново област,гр. Велико Търново,Акация,2 room,55.0,123600.0,2247.2727272727275,3,6,0,0,1,друго,неизвестно,,,,,,,,,,,1,20,среден
Велико Търново област,гр. Велико Търново,Колю Фичето,2 room,63.0,125000.0,1984.126984126984,6,6,0,1,0,друго,неизвестно,,,,,,,,,,,1,20,среден
Велико Търново област,гр. Велико Търново,Зона Б,commercial,65.0,125000.0,1923.076923076923,1,8,1,0,0,друго,неизвестно,,,,,,,,,,,1,20,среден
Велико Търново област,гр. Велико Търново,Колю Фичето,2 room,63.0,125000.0,1984.126984126984,7,7,0,1,0,друго,неизвестно,,,,,,,,,,,2,3,нов
Велико Търново област,гр. Велико Търново,Колю Фичето,2 room,63.0,125000.0,1984.126984126984,6,6,0,1,0,друго,неизвестно,,,,,1.0,,,,,,1,20,среден
Велико Търново област,гр. Велико Търново,Колю Фичето,2 room,89.0,125000.0,1404.4943820224719,1,3,1,0,0,друго,неизвестно,,,,,,,,,,,2,3,нов
Велико Търново област,гр. Велико Търново,Колю Фичето,2 room,63.0,125000.0,1984.126984126984,8,8,0,1,0,друго,неизвестно,,,,,,,,,,,2,3,нов
Велико Търново област,гр. Велико Търново,Бузлуджа,2 room,102.0,127000.0,1245.0980392156862,1,5,1,0,0,друго,неизвестно,,,,,,,,,,,1,20,среден
Велико Търново област,гр. Велико Търново,Център,house,150.0,130000.0,866.6666666666666,1,3,1,0,0,друго,неизвестно,,,,,,,,,,,1,20,среден
Велико Търново област,гр. Велико Търново,Център,house,120.0,130000.0,1083.3333333333333,1,3,1,0,0,друго,неизвестно,,,,,,,,,,,1,20,среден
Велико Търново област,гр. Велико Търново,Център,other,117.0,130000.0,1111.111111111111,2,3,0,0,1,друго,неизвестно,,,,,,,,,,,1,20,среден
Велико Търново област,гр. Велико Търново,Център,commercial,542.0,130000.0,239.85239852398524,1,3,1,0,0,друго,неизвестно,1.0,,,,,,,,,,1,20,среден
Велико Търново област,гр. Велико Търново,Център,house,160.0,130000.0,812.5,1,3,1,0,0,друго,неизвестно,,,,,,,,,,,1,20,среден
Велико Търново област,гр. Велико Търново,Варуша,3 room,117.0,130000.0,1111.111111111111,3,3,0,1,0,друго,неизвестно,,,,,,,,,,,1,20,среден
Велико Търново област,гр. Велико Търново,Център,3 room,70.0,133000.0,1900.0,4,6,0,0,1,друго,неизвестно,,,,,,,,,,,1,20,среден
Велико Търново област,гр. Велико Търново,Център,house,500.0,135000.0,270.0,1,3,1,0,0,друго,неизвестно,,,,,,,,,,,1,20,среден
Велико Търново област,гр. Велико Търново,Картала,2 room,66.0,135000.0,2045.4545454545455,1,3,1,0,0,друго,неизвестно,,,,,,,,,,,1,20,среден
Велико Търново област,гр. Велико Търново,Център,house,200.0,135000.0,675.0,1,2,1,0,0,друго,неизвестно,,,,,,,,,,,1,20,среден
Велико Търново област,гр. Велико Търново,Света Гора,house,97.0,135000.0,1391.7525773195875,1,3,1,0,0,друго,неизвестно,,,,,,,,,,,1,20,среден
Велико Търново област,гр. Велико Търново,Бузлуджа,2 room,104.0,135200.0,1300.0,5,5,0,1,0,друго,неизвестно,,,,,,,,,1.0,,1,20,среден
Велико Търново област,гр. Велико Търново,Център,2 room,66.0,139000.0,2106.060606060606,3,3,0,1,0,друго,неизвестно,,,,,,,,,,,1,20,среден
Велико Търново област,гр. Велико Търново,Център,house,250.0,139000.0,556.0,1,3,1,0,0,друго,неизвестно,,,,,1.0,,,,,,1,20,среден
Велико Търново област,гр. Велико Търново,Център,3 room,120.0,139000.0,1158.3333333333333,4,4,0,1,0,друго,неизвестно,,,,,,,,,,,1,20,среден
Велико Търново област,гр. Велико Търново,Център,2 room,70.0,140000.0,2000.0,1,6,1,0,0,друго,неизвестно,,,,,,,,,,,1,20,среден
Велико Търново област,гр. Велико Търново,Акация,commercial,57.0,140000.0,2456.1403508771928,1,3,1,0,0,друго,неизвестно,,,,,,,,,,,1,20,среден
Велико Търново област,гр. Велико Търново,Център,other,126.0,140000.0,1111.111111111111,4,4,0,1,0,друго,неизвестно,,,,,,,,,,,1,20,среден
Велико Търново област,гр. Велико Търново,Стара част,house,282.0,143000.0,507.0921985815603,1,3,1,0,0,друго,неизвестно,,,,,,,,,,,1,20,среден
Велико Търново област,гр. Велико Търново,Стара част,house,282.0,143000.0,507.0921985815603,1,3,1,0,0,друго,неизвестно,,,,,,,,,,,1,20,среден
Велико Търново област,гр. Велико Търново,Бузлуджа,3 room,115.0,143800.0,1250.4347826086957,4,5,0,0,1,друго,неизвестно,,,,,,,,,,,1,20,среден
Велико Търново област,гр. Велико Търново,Колю Фичето,2 room,67.0,144200.0,2152.2388059701493,3,3,0,1,0,друго,неизвестно,,,,,,,,,,,1,20,среден
Велико Търново област,гр. Велико Търново,Център,house,200.0,145000.0,725.0,1,3,1,0,0,друго,неизвестно,,,,,,,,,,,1,20,среден
Велико Търново област,гр. Велико Търново,Център,2 room,60.0,145000.0,2416.6666666666665,1,6,1,0,0,друго,неизвестно,,,,,,,,,,,1,20,среден
Велико Търново област,гр. Велико Търново,Център,other,90.0,145000.0,1611.111111111111,6,6,0,1,0,друго,неизвестно,,,,,,,,,,,1,20,среден
Велико Търново област,гр. Велико Търново,Център,3 room,107.0,145000.0,1355.1401869158879,1,5,1,0,0,друго,неизвестно,,,,,,,,,,,1,20,среден
Велико Търново област,гр. Велико Търново,Акация,3 room,100.0,149500.0,1495.0,2,6,0,0,1,друго,неизвестно,,,,,,,,,,,2,3,нов
Велико Търново област,гр. Велико Търново,Център,2 room,71.0,150000.0,2112.676056338028,1,6,1,0,0,друго,неизвестно,,,,,,,,,,,1,20,среден
Велико Търново област,гр. Велико Търново,Център,other,867.0,150000.0,173.01038062283737,1,3,1,0,0,друго,неизвестно,,,,,,,,,,,1,20,среден
Велико Търново област,гр. Велико Търново,Център,2 room,85.0,150000.0,1764.7058823529412,1,6,1,0,0,друго,неизвестно,,,,,,,,,,,1,20,среден
Велико Търново област,гр. Велико Търново,Бузлуджа,other,155.0,153400.0,989.6774193548387,5,5,0,1,0,друго,неизвестно,,,,,,,,,,,1,20,среден
Велико Търново област,гр. Велико Търново,Център,3 room,100.0,154000.0,1540.0,3,4,0,0,1,друго,неизвестно,,,,,,,,,,,1,20,среден
Велико Търново област,гр. Велико Търново,Център,3 room,92.0,154500.0,1679.3478260869565,5,5,0,1,0,друго,неизвестно,,,,,,,,,,,1,20,среден
Велико Търново област,гр. Велико Търново,Център,other,101.0,154500.0,1529.7029702970297,3,3,0,1,0,друго,неизвестно,,,,,,,,,,,1,20,среден
Велико Търново област,гр. Велико Търново,Център,2 room,63.0,155000.0,2460.3174603174602,1,6,1,0,0,друго,неизвестно,,,,,,,,,,,1,20,среден
Велико Търново област,гр. Велико Търново,Център,3 room,93.0,155000.0,1666.6666666666667,1,4,1,0,0,друго,неизвестно,,,,,,,,,,,1,20,среден
Велико Търново област,гр. Велико Търново,Център,2 room,64.0,155000.0,2421.875,1,6,1,0,0,друго,неизвестно,,,,,,,,,,,1,20,среден
Велико Търново област,гр. Велико Търново,Бузлуджа,multi-room,150.0,155000.0,1033.3333333333333,5,5,0,1,0,друго,неизвестно,,,,,,,,,,,1,20,среден
Велико Търново област,гр. Велико Търново,Център,multi-room,122.0,156000.0,1278.688524590164,5,5,0,1,0,друго,неизвестно,,,,,,,,,,,1,20,среден
Велико Търново област,гр. Велико Търново,Център,3 room,80.0,159000.0,1987.5,2,3,0,0,1,друго,неизвестно,,,,,,,,,,,1,20,среден
Велико Търново област,гр. Велико Търново,Варуша,multi-room,161.0,160000.0,993.7888198757764,1,3,1,0,0,друго,неизвестно,,,,,,,,,,,1,20,среден
Велико Търново област,гр. Велико Търново,Варуша,multi-room,160.0,160000.0,1000.0,1,6,1,0,0,друго,неизвестно,,,,,,,,,,,2,3,нов
Велико Търново област,гр. Велико Търново,Център,3 room,162.0,160000.0,987.6543209876543,1,3,1,0,0,друго,неизвестно,,,1.0,,,,,,,,1,20,среден
Велико Търново област,гр. Велико Търново,Бузлуджа,other,121.0,162000.0,1338.8429752066115,2,6,0,0,1,друго,неизвестно,,,,,,,,,,,1,20,среден
Велико Търново област,гр. Велико Търново,Център,commercial,979.0,164000.0,167.51787538304393,1,3,1,0,0,друго,неизвестно,,,,,,,,,,,1,20,среден
Велико Търново област,гр. Велико Търново,Света Гора,land/plot,321.0,165000.0,514.018691588785,1,3,1,0,0,друго,неизвестно,,,,,,,,,,,1,20,среден
Велико Търново област,гр. Велико Търново,Бузлуджа,3 room,150.0,165200.0,1101.3333333333333,1,5,1,0,0,друго,неизвестно,,,,,,,,,,,1,20,среден
Велико Търново област,гр. Велико Търново,Център,commercial,650.0,168000.0,258.46153846153845,1,1,1,0,0,друго,неизвестно,,,,,,,,,,,1,20,среден
Велико Търново област,гр. Велико Търново,Бузлуджа,other,134.0,168500.0,1257.4626865671642,4,5,0,0,1,друго,неизвестно,,,,,,,,,,,1,20,среден
Велико Търново област,гр. Велико Търново,Бузлуджа,other,135.0,168500.0,1248.148148148148,3,5,0,0,1,друго,неизвестно,,,,,,,,,,,1,20,среден
Велико Търново област,гр. Велико Търново,Център,other,1000.0,168900.0,168.9,5,8,0,0,1,друго,неизвестно,,,,,,,,,,,1,20,среден
Велико Търново област,гр. Велико Търново,Колю Фичето,multi-room,111.0,169950.0,1531.081081081081,5,5,0,1,0,друго,неизвестно,,,,,,,,,,,1,20,среден
Велико Търново област,гр. Велико Търново,Зона Б,multi-room,118.0,169950.0,1440.2542372881355,1,6,1,0,0,друго,неизвестно,,,,,,,,,,,1,20,среден
Велико Търново област,гр. Велико Търново,Колю Фичето,multi-room,125.0,169950.0,1359.6,5,5,0,1,0,друго,неизвестно,,,,,,,,,,,1,20,среден
Велико Търново област,гр. Велико Търново,Зона Б,2 room,70.0,175000.0,2500.0,2,2,0,1,0,друго,неизвестно,,,,,,,,,,,1,20,среден
Велико Търново област,гр. Велико Търново,Зона Б,2 room,70.0,175000.0,2500.0,3,3,0,1,0,друго,неизвестно,,,,,,,,,,,1,20,среден
Велико Търново област,гр. Велико Търново,Център,other,120.0,175000.0,1458.3333333333333,1,3,1,0,0,друго,неизвестно,,,,,,,,,,,1,20,среден
Велико Търново област,гр. Велико Търново,Център,other,140.0,175000.0,1250.0,1,4,1,0,0,друго,неизвестно,,,1.0,,,,,,,,1,20,среден
Велико Търново област,гр. Велико Търново,Стара част,other,335.0,175000.0,522.3880597014926,1,3,1,0,0,друго,неизвестно,,,,,,,,,,,1,20,среден
Велико Търново област,гр. Велико Търново,Зона Б,3 room,119.0,175300.0,1473.109243697479,2,2,0,1,0,друго,неизвестно,,,,,,,,,,,1,20,среден
Велико Търново област,гр. Велико Търново,Зона Б,2 room,61.0,177900.0,2916.3934426229507,4,4,0,1,0,друго,неизвестно,,,,,,,,,,,1,20,среден
Велико Търново област,гр. Велико Търново,Картала,other,120.0,178000.0,1483.3333333333333,6,6,0,1,0,друго,неизвестно,,,,,,,,,,,1,20,среден
Велико Търново област,гр. Велико Търново,Зона Б,2 room,74.0,179800.0,2429.7297297297296,1,3,1,0,0,друго,неизвестно,,,,,,,,,,,1,20,среден
Велико Търново област,гр. Велико Търново,Зона Б,3 room,126.0,180000.0,1428.5714285714287,1,5,1,0,0,друго,неизвестно,,,1.0,,1.0,,,,,,1,20,среден
Велико Търново област,гр.Елена,Център,house,150.0,65000.0,433.3333333333333,1,3,1,0,0,друго,неизвестно,,,,,,,,,,,1,20,среден
Велико Търново област,Велико Търново област,няма,house,50.0,4400.0,88.0,1,3,1,0,0,друго,неизвестно,,,,,,,,,,,1,20,среден
Велико Търново област,Велико Търново област,няма,house,100.0,5800.0,58.0,1,3,1,0,0,друго,неизвестно,,,,,,,,,,,1,20,среден
Велико Търново област,Велико Търново област,няма,house,80.0,5900.0,73.75,1,3,1,0,0,друго,неизвестно,,,,,,,,,,,1,20,среден
Велико Търново област,с.Долна Липница,няма,house,60.0,5900.0,98.33333333333333,1,3,1,0,0,друго,неизвестно,,,,,,,,,,,1,20,среден
Велико Търново област,с.Александрово,няма,house,80.0,6500.0,81.25,1,3,1,0,0,друго,неизвестно,,,,,,,,,,,1,20,среден
Велико Търново област,с.Сломер,няма,house,80.0,6650.0,83.125,1,3,1,0,0,друго,неизвестно,,,,,,,,,,,1,20,среден
Велико Търново област,с.Сушица,няма,house,70.0,6900.0,98.57142857142857,1,3,1,0,0,друго,неизвестно,,,,,,,,,,,1,20,среден
Велико Търново област,гр.Горна Оряховица,Център,commercial,53.0,7000.0,132.0754716981132,1,1,1,0,0,друго,неизвестно,,,,,,,,,,,1,20,среден
Велико Търново област,с.Страхилово,няма,house,60.0,7000.0,116.66666666666667,1,3,1,0,0,друго,неизвестно,,,,,,,,,,,1,20,среден
Велико Търново област,Велико Търново област,няма,house,140.0,7000.0,50.0,1,3,1,0,0,друго,неизвестно,,,,,,,,,,,1,20,среден
Велико Търново област,с.Бяла Река,няма,house,108.0,7200.0,66.66666666666667,1,3,1,0,0,друго,неизвестно,,,,,,,,,,,1,20,среден
Велико Търново област,с.Недан,няма,house,70.0,7200.0,102.85714285714286,1,3,1,0,0,друго,неизвестно,,,,,,,,,,,1,20,среден
Велико Търново област,Велико Търново област,няма,house,100.0,8000.0,80.0,1,3,1,0,0,друго,неизвестно,,,,,,,,,,,1,20,среден
Велико Търново област,с.Долна Липница,няма,house,70.0,8000.0,114.28571428571429,1,3,1,0,0,друго,неизвестно,,,,,,,,,,,1,20,среден
Велико Търново област,с.Морава,няма,house,80.0,8692.0,108.65,1,3,1,0,0,друго,неизвестно,,,,,,,,,,,1,20,среден
Велико Търново област,с.Обединение,няма,house,50.0,8700.0,174.0,1,3,1,0,0,друго,неизвестно,,,,,,,,,,,1,20,среден
Велико Търново област,Велико Търново област,няма,house,175.0,9000.0,51.42857142857143,1,3,1,0,0,друго,неизвестно,,,,,,,,,,,1,20,среден
Велико Търново област,с.Бяла Река,няма,house,90.0,9203.0,102.25555555555556,1,3,1,0,0,друго,неизвестно,,,,,,,,,,,1,20,среден
Велико Търново област,с.Овча Могила,няма,house,70.0,9500.0,135.71428571428572,1,3,1,0,0,друго,юг-запад,,,,,,,,,,,1,20,среден
Велико Търново област,Велико Търново област,няма,house,100.0,9500.0,95.0,1,3,1,0,0,друго,неизвестно,,,,,,,,,,,1,20,среден
Велико Търново област,с.Обединение,няма,house,120.0,9500.0,79.16666666666667,1,3,1,0,0,друго,неизвестно,,,,,,,,,,,1,20,среден
Велико Търново област,Велико Търново област,няма,house,120.0,9800.0,81.66666666666667,1,3,1,0,0,друго,неизвестно,,,,,,,,,,,1,20,среден
Велико Търново област,гр.Павликени,Център,house,120.0,9800.0,81.66666666666667,1,3,1,0,0,друго,неизвестно,,,,,,,,,,,1,20,среден
Велико Търново област,с.Михалци,няма,house,180.0,9900.0,55.0,1,3,1,0,0,друго,неизвестно,,,,,,,,,,,1,20,среден
Велико Търново област,с.Страхилово,няма,house,90.0,9970.0,110.77777777777777,1,3,1,0,0,друго,неизвестно,,,,,,,,,,,1,20,среден
Велико Търново област,с.Овча Могила,няма,house,90.0,10000.0,111.11111111111111,1,3,1,0,0,друго,неизвестно,,,,,,,,,,,1,20,среден
Велико Търново област,с.Обединение,няма,house,100.0,10226.0,102.26,1,3,1,0,0,друго,неизвестно,,,,,,,,,,,1,20,среден
Велико Търново област,с.Родина,няма,house,70.0,10226.0,146.0857142857143,1,3,1,0,0,друго,неизвестно,,,,,,,,,,,1,20,среден
Велико Търново област,с.Сломер,няма,house,120.0,10300.0,85.83333333333333,1,3,1,0,0,друго,неизвестно,,,1.0,,,,,,,,1,20,среден
Велико Търново област,Велико Търново област,няма,house,100.0,10500.0,105.0,1,3,1,0,0,друго,неизвестно,,,,,,,,,,,1,20,среден
Велико Търново област,с.Горски Сеновец,няма,house,80.0,10737.0,134.2125,1,3,1,0,0,друго,неизвестно,,,,,,,,,,,1,20,среден
Велико Търново област,с.Кесарево,няма,house,133.0,10999.0,82.69924812030075,1,3,1,0,0,друго,неизвестно,,,,,,,,,,,1,20,среден
Велико Търново област,с.Коевци,няма,house,57.0,11000.0,192.98245614035088,1,3,1,0,0,друго,неизвестно,,,,,,,,,,,1,20,среден
Велико Търново област,с.Горски Сеновец,няма,house,100.0,11000.0,110.0,1,3,1,0,0,друго,неизвестно,,,,,,,,,,,1,20,среден
Велико Търново област,гр.Сухиндол,Център,house,100.0,11000.0,110.0,1,3,1,0,0,друго,неизвестно,,,,,,,,,,,1,20,среден
Велико Търново област,гр.Свищов,Център,house,90.0,11000.0,122.22222222222223,1,3,1,0,0,друго,неизвестно,,,,,,,,,,,1,20,среден
Велико Търново област,Велико Търново област,няма,house,100.0,11000.0,110.0,1,3,1,0,0,друго,неизвестно,,,,,,,,,,,1,20,среден
Велико Търново област,с.Патреш,няма,house,120.0,11300.0,94.16666666666667,1,3,1,0,0,друго,неизвестно,,,,,,,,,,,1,20,среден
Велико Търново област,с.Караисен,няма,house,60.0,11900.0,198.33333333333334,1,3,1,0,0,друго,неизвестно,,,,,,,,,,,1,20,среден
Велико Търново област,с.Янтра,няма,house,100.0,12000.0,120.0,1,3,1,0,0,друго,неизвестно,,,,,,,,,,,1,20,среден
Велико Търново област,гр.Бяла Черква,Център,villa,55.0,12000.0,218.1818181818182,1,2,1,0,0,друго,неизвестно,,,,,,,,,,,1,20,среден
Велико Търново област,с.Сливовица,няма,house,120.0,12000.0,100.0,1,3,1,0,0,друго,неизвестно,,,,,,,,,,,1,20,среден
Велико Търново област,гр.Свищов,Център,house,60.0,12000.0,200.0,1,3,1,0,0,друго,неизвестно,,,,,,,,,,,1,20,среден
Велико Търново област,с.Коевци,няма,house,90.0,12000.0,133.33333333333334,1,3,1,0,0,друго,неизвестно,,,,,,,,,,,1,20,среден
Велико Търново област,с.Сушица,няма,house,80.0,12000.0,150.0,1,3,1,0,0,друго,неизвестно,,,,,,,,,,,1,20,среден
Велико Търново област,гр.Павликени,Център,house,76.0,12782.0,168.18421052631578,1,3,1,0,0,друго,неизвестно,,,,,,,,,,,1,20,среден
Велико Търново област,с.Миндя,няма,house,70.0,12782.0,182.6,1,3,1,0,0,друго,неизвестно,,,,,,,,,,,1,20,среден
Велико Търново област,с.Миндя,няма,house,70.0,12782.0,182.6,1,3,1,0,0,друго,неизвестно,,,,,,,,,,,1,20,среден
Велико Търново област,с.Миндя,няма,house,70.0,12782.0,182.6,1,3,1,0,0,друго,неизвестно,,,,,,,,,,,1,20,среден
Велико Търново област,с.Масларево,няма,house,65.0,13000.0,200.0,1,3,1,0,0,друго,неизвестно,,,,,,,,,,,1,20,среден
Велико Търново област,Велико Търново област,няма,house,100.0,13000.0,130.0,1,3,1,0,0,друго,неизвестно,,,,,,,,,,,1,20,среден
Велико Търново област,с.Сушица,няма,house,100.0,13500.0,135.0,1,3,1,0,0,друго,неизвестно,,,,,,,,,,,1,20,среден
Велико Търново област,гр.Павликени,Център,house,100.0,13500.0,135.0,1,3,1,0,0,друго,неизвестно,,,,,,,,,,,1,20,среден
Велико Търново област,с.Горско Косово,няма,house,100.0,13800.0,138.0,1,3,1,0,0,друго,неизвестно,,,,,,,,,,,1,20,среден
Велико Търново област,с.Долна Липница,няма,house,90.0,14000.0,155.55555555555554,1,3,1,0,0,друго,неизвестно,,,,,,,,,,,1,20,среден
Велико Търново област,с.Стрелец,няма,house,100.0,14000.0,140.0,1,3,1,0,0,друго,неизвестно,,,,,1.0,,,1.0,,,1,20,среден
Велико Търново област,с.Обединение,няма,house,100.0,14316.0,143.16,1,3,1,0,0,друго,неизвестно,,,,,,,,,,,1,20,среден
Велико Търново област,гр.Полски Тръмбеш,Център,house,100.0,14316.0,143.16,1,3,1,0,0,друго,неизвестно,,,,,,,,,,,1,20,среден
Велико Търново област,с.Обединение,няма,house,100.0,14316.0,143.16,1,3,1,0,0,друго,неизвестно,,,,,,,,,,,1,20,среден
Велико Търново област,гр.Елена,Център,house,120.0,14500.0,120.83333333333333,1,3,1,0,0,друго,неизвестно,,,,,,,,,,,1,20,среден
Велико Търново област,Велико Търново област,няма,house,100.0,14800.0,148.0,1,3,1,0,0,друго,неизвестно,,,,,,,,,,,1,20,среден
Велико Търново област,с.Обединение,няма,house,120.0,14827.0,123.55833333333334,1,3,1,0,0,друго,неизвестно,,,,,,,,,,,1,20,среден
Велико Търново област,Велико Търново област,няма,house,130.0,15000.0,115.38461538461539,1,3,1,0,0,друго,неизвестно,,,,,,,,,,,1,20,среден
Велико Търново област,гр.Златарица,Център,house,100.0,15000.0,150.0,1,3,1,0,0,друго,неизвестно,,,,,,,,,,,1,20,среден
Велико Търново област,гр.Павликени,Център,house,80.0,15000.0,187.5,1,3,1,0,0,друго,неизвестно,,,,,,,,,,,1,20,среден
Велико Търново област,с.Горско Косово,няма,house,120.0,15339.0,127.825,1,3,1,0,0,друго,неизвестно,,,,,,,,1.0,,,1,20,среден
Велико Търново област,с.Виноград,няма,house,80.0,15441.0,193.0125,1,3,1,0,0,друго,неизвестно,,,,,,,,,,,1,20,среден
Велико Търново област,Велико Търново област,няма,house,100.0,15500.0,155.0,1,3,1,0,0,друго,неизвестно,,,,,,,,,,,1,20,среден
Велико Търново област,Велико Търново област,няма,house,100.0,15500.0,155.0,1,3,1,0,0,друго,неизвестно,,,,,,,,,,,1,20,среден
Велико Търново област,Велико Търново област,няма,house,70.0,15500.0,221.42857142857142,1,3,1,0,0,друго,неизвестно,,,,,,,,,,,1,20,среден
Велико Търново област,с.Горски Долен Тръмбеш,няма,house,100.0,15850.0,158.5,1,3,1,0,0,друго,неизвестно,,,,,,,,,,,1,20,среден
Велико Търново област,с.Миндя,няма,house,100.0,15850.0,158.5,1,3,1,0,0,друго,неизвестно,,,,,,,,,,,1,20,среден
Велико Търново област,с.Красно Градище,няма,house,84.0,15850.0,188.6904761904762,1,3,1,0,0,друго,неизвестно,,,,,,,,,,,1,20,среден
Велико Търново област,Велико Търново област,няма,house,120.0,16000.0,133.33333333333334,1,3,1,0,0,друго,неизвестно,,,,,,,,,,,1,20,среден
Велико Търново област,с.Николаево,няма,house,80.0,16000.0,200.0,1,3,1,0,0,друго,неизвестно,,,,,,,,,,,1,20,среден
Велико Търново област,с.Димча,няма,house,110.0,16000.0,145.45454545454547,1,3,1,0,0,друго,неизвестно,,,,,,,,,,,1,20,среден
Велико Търново област,гр.Златарица,Център,house,200.0,16361.0,81.805,1,3,1,0,0,друго,неизвестно,,,,,,,,,,,1,20,среден
Велико Търново област,с.Масларево,няма,house,100.0,16500.0,165.0,1,3,1,0,0,друго,юг-север,,,,,,,,,,,1,20,среден
Велико Търново област,с.Стамболово,няма,house,100.0,16873.0,168.73,1,3,1,0,0,друго,неизвестно,,,,,,,,,,,1,20,среден
Велико Търново област,с.Сушица,няма,house,160.0,17000.0,106.25,1,3,1,0,0,друго,неизвестно,,,,,,,,,,,1,20,среден
Велико Търново област,гр.Сухиндол,Център,house,90.0,17000.0,188.88888888888889,1,3,1,0,0,друго,неизвестно,,,,,,,,,,,1,20,среден
Велико Търново област,с.Александрово,няма,house,100.0,17000.0,170.0,1,3,1,0,0,друго,неизвестно,,,,,,,,,,,1,20,среден
Велико Търново област,гр.Сухиндол,Център,house,180.0,17000.0,94.44444444444444,1,3,1,0,0,друго,неизвестно,,,,,,,,,,,1,20,среден
Велико Търново област,Велико Търново област,няма,house,100.0,17000.0,170.0,1,3,1,0,0,друго,неизвестно,,,,,,,,,,,1,20,среден
Велико Търново област,с.Нова Върбовка,няма,house,110.0,17384.0,158.03636363636363,1,3,1,0,0,друго,неизвестно,,,,,,,,,,,1,20,среден
Велико Търново област,с.Овча Могила,няма,house,85.0,17500.0,205.88235294117646,1,3,1,0,0,друго,неизвестно,,,,,,,,,,,1,20,среден
Велико Търново област,с.Мусина,няма,house,100.0,17895.0,178.95,1,3,1,0,0,друго,неизвестно,,,,,,,,,,,1,20,среден
Велико Търново област,Велико Търново област,няма,house,100.0,17990.0,179.9,1,3,1,0,0,друго,неизвестно,,,1.0,,,,,,,,1,20,среден
Велико Търново област,с.Куцина,няма,house,100.0,18000.0,180.0,1,3,1,0,0,друго,неизвестно,,,,,,,,,,,1,20,среден
Велико Търново област,с.Долна Липница,няма,house,120.0,18000.0,150.0,1,3,1,0,0,друго,неизвестно,,,1.0,,,,,,,,1,20,среден
Велико Търново област,гр.Горна Оряховица,Център,house,100.0,18000.0,180.0,1,3,1,0,0,друго,неизвестно,,,,,,,,,,,1,20,среден
Велико Търново област,с.Вързулица,няма,house,150.0,18000.0,120.0,1,3,1,0,0,друго,неизвестно,,,,,,,,,,,1,20,среден
Велико Търново област,с.Бутово,няма,house,140.0,18000.0,128.57142857142858,1,3,1,0,0,друго,неизвестно,,,,,,,,,,,1,20,среден
Велико Търново област,Велико Търново област,няма,house,115.0,18850.0,163.91304347826087,1,3,1,0,0,друго,неизвестно,,,,,,,,,,,1,20,среден
Велико Търново област,гр.Горна Оряховица,Център,commercial,73.0,19000.0,260.2739726027397,1,3,1,0,0,друго,неизвестно,,,,,,,,,,,1,20,среден
Велико Търново област,с.Масларево,няма,house,120.0,19000.0,158.33333333333334,1,3,1,0,0,друго,неизвестно,,,,,,,,,,,1,20,среден
Русе област,гр. Русе,Идеален Център,garage/parking,16.0,16490.0,1030.625,1,3,1,0,0,друго,неизвестно,,,1.0,,,,,,,,1,20,среден
Русе област,гр. Русе,Дружба 3,commercial,17.0,29000.0,1705.8823529411766,0,6,0,0,1,панел,неизвестно,,,,,,,,,,,1,45,стар
Русе област,гр. Русе,Център,house,150.0,50000.0,333.3333333333333,1,3,1,0,0,друго,неизвестно,,,,,,,,1.0,,,1,20,среден
Русе област,гр. Русе,Център,commercial,62.0,64500.0,1040.3225806451612,1,3,1,0,0,друго,неизвестно,,,,,,,,,,,1,20,среден
Русе област,гр. Русе,Здравец Изток,2 room,61.0,67000.0,1098.360655737705,3,8,0,0,1,панел,изток,,,,,,,,,,,1,45,стар
Русе област,гр. Русе,Родина,house,35.0,69990.0,1999.7142857142858,1,3,1,0,0,друго,неизвестно,,,,,,,,,,,1,20,среден
Русе област,гр. Русе,Дружба 3,2 room,60.0,73990.0,1233.1666666666667,6,7,0,0,1,друго,неизвестно,,,,,,,,,,,1,20,среден
Русе област,гр. Русе,Родина,house,35.0,75000.0,2142.8571428571427,1,3,1,0,0,друго,неизвестно,,,,,,,,,,,1,20,среден
Русе област,гр. Русе,Чародейка Север,2 room,60.0,88000.0,1466.6666666666667,3,8,0,0,1,друго,север,,,,,1.0,,,,,,1,20,среден
Русе област,гр. Русе,Дружба 2,house,84.0,93000.0,1107.142857142857,1,2,1,0,0,друго,неизвестно,,,,,,,,,,,1,20,среден
Русе област,гр. Русе,Дружба 1,land/plot,920.0,120000.0,130.43478260869566,1,3,1,0,0,друго,неизвестно,,,,,,,,,,,1,20,среден
Русе област,гр. Русе,Идеален Център,2 room,68.0,139000.0,2044.1176470588234,4,5,0,0,1,друго,неизвестно,1.0,,,,,,,,,,2,26,среден
Русе област,гр. Русе,Ялта,land/plot,238.0,150000.0,630.2521008403361,1,3,1,0,0,друго,неизвестно,,,,,,,,,,,2,20,среден
Русе област,гр. Русе,Възраждане,3 room,88.0,155000.0,1761.3636363636363,14,15,0,0,1,друго,неизвестно,,,,,,,,,,,1,20,среден
Русе област,гр. Русе,Дружба 1,other,127.0,165000.0,1299.2125984251968,2,3,0,0,1,друго,неизвестно,,,,,,,,,,,1,20,среден
Русе област,гр. Русе,Долапите,house,270.0,225000.0,833.3333333333334,2,4,1,0,0,друго,неизвестно,,,,,,,,,,,1,20,среден
Русе област,с.Бистренци,няма,house,60.0,8800.0,146.66666666666666,1,3,1,0,0,друго,неизвестно,,,,,,,,,,,3,20,среден
Русе област,гр.Бяла,Център,house,80.0,9900.0,123.75,1,3,1,0,0,друго,неизвестно,,,,,,,,,,,1,20,среден
Русе област,Русе област,няма,house,120.0,11000.0,91.66666666666667,1,3,1,0,0,друго,неизвестно,,,,,,,,,,,1,26,среден
Русе област,гр.Бяла,Център,house,100.0,11500.0,115.0,1,3,1,0,0,друго,неизвестно,,,,,,,,,,,1,20,среден
Русе област,гр.Бяла,Център,house,100.0,13000.0,130.0,1,3,1,0,0,друго,неизвестно,,,,,,,,,,,1,20,среден
Русе област,Русе област,няма,house,120.0,25800.0,215.0,1,3,1,0,0,друго,неизвестно,,,,,,,,,,,1,20,среден
Русе област,с.Бистренци,няма,house,180.0,26000.0,144.44444444444446,1,3,1,0,0,друго,неизвестно,,,,,,,,,,,3,20,среден
Русе област,с.Червен,няма,house,57.0,26500.0,464.9122807017544,1,3,1,0,0,друго,неизвестно,,,,,,,,,,,1,20,среден
Русе област,Русе област,няма,house,130.0,27000.0,207.69230769230768,1,3,1,0,0,друго,неизвестно,,,,,,,,,,,1,20,среден
Русе област,с.Бабово,няма,house,49.0,29900.0,610.204081632653,1,3,1,0,0,друго,неизвестно,,,,,,,,,,,1,20,среден
Русе област,с.Божичен,няма,land/plot,71.0,40000.0,563.3802816901408,1,3,1,0,0,друго,неизвестно,,,1.0,,,,,,,,1,20,среден
Русе област,с.Острица,няма,house,132.0,45000.0,340.90909090909093,1,3,1,0,0,друго,неизвестно,,,,,,,,,,,1,20,среден
Русе област,Русе област,няма,house,80.0,45000.0,562.5,1,3,1,0,0,друго,неизвестно,,,,,,,,,,,1,26,среден
Русе област,с.Писанец,няма,house,83.0,50000.0,602.4096385542168,1,3,1,0,0,друго,неизвестно,,,,,,,,,,,1,20,среден
Русе област,гр.Бяла,Център,house,96.0,50000.0,520.8333333333334,1,3,1,0,0,друго,неизвестно,,,,,,,,,,,1,20,среден
Русе област,с.Копривец,няма,house,140.0,100000.0,714.2857142857143,1,3,1,0,0,друго,неизвестно,,,,,,,,,,,1,20,среден
Русе област,с.Николово,няма,villa,978.0,620000.0,633.9468302658487,1,2,1,0,0,друго,неизвестно,,,,,,,,,,,3,20,среден
Пазарджик област,гр. Пазарджик,Център,commercial,23.0,15339.0,666.9130434782609,1,9,1,0,0,друго,неизвестно,,,,,,,,,,,1,20,среден
Пазарджик област,гр. Пазарджик,Център,other,105.0,15500.0,147.61904761904762,1,3,1,0,0,друго,неизвестно,,,,,,,,,,,1,20,среден
Пазарджик област,гр. Пазарджик,Център,garage/parking,23.0,16106.0,700.2608695652174,1,3,1,0,0,друго,неизвестно,,,1.0,,,,,,,,1,20,среден
Пазарджик област,гр. Пазарджик,Център,garage/parking,20.0,22000.0,1100.0,1,3,1,0,0,друго,неизвестно,,,1.0,,,,,,,,1,20,среден
Пазарджик област,гр. Пазарджик,Идеален център,garage/parking,21.0,22500.0,1071.4285714285713,1,3,1,0,0,друго,неизвестно,,,1.0,,,,,,,,1,20,среден
Пазарджик област,гр. Пазарджик,Идеален център,garage/parking,21.0,22500.0,1071.4285714285713,1,3,1,0,0,друго,неизвестно,,,1.0,,,,,,,,1,20,среден
Пазарджик област,гр. Пазарджик,Устрем,garage/parking,20.0,25000.0,1250.0,1,3,1,0,0,друго,неизвестно,,,1.0,,,,,,,,1,20,среден
Пазарджик област,гр. Пазарджик,Младост,garage/parking,20.0,25000.0,1250.0,1,3,1,0,0,друго,неизвестно,,,1.0,,,,,,,,1,20,среден
Пазарджик област,гр. Пазарджик,Изток,1 room,44.0,35790.0,813.4090909090909,6,8,0,0,1,панел,изток,1.0,,,,,,,,,,1,45,стар
Пазарджик област,гр. Пазарджик,Идеален център,other,37.0,36780.0,994.0540540540541,3,3,0,1,0,друго,неизвестно,,,,,,,,,,,1,20,среден
Пазарджик област,гр. Пазарджик,Център,commercial,28.0,39999.0,1428.5357142857142,1,3,1,0,0,друго,неизвестно,,,,,,,,,,,1,20,среден
Пазарджик област,гр. Пазарджик,Младост,2 room,43.0,43000.0,1000.0,7,7,0,1,0,друго,неизвестно,1.0,,,,,,,,,,1,20,среден
Пазарджик област,гр. Пазарджик,Център,1 room,43.0,43000.0,1000.0,3,7,0,0,1,панел,неизвестно,,,,,,,,,,,1,45,стар
Пазарджик област,гр. Пазарджик,Ставропол,commercial,43.0,43410.0,1009.5348837209302,1,3,1,0,0,друго,неизвестно,,,,,,,,,,,1,20,среден
Пазарджик област,гр. Пазарджик,Идеален център,other,45.0,45065.0,1001.4444444444445,3,4,0,0,1,друго,неизвестно,1.0,,,,,,,,,,1,20,среден
Пазарджик област,гр. Пазарджик,Център,other,35.0,50000.0,1428.5714285714287,0,3,1,0,0,друго,неизвестно,,,,,,,,,,,1,20,среден
Пазарджик област,гр. Пазарджик,Идеален център,other,76.0,50000.0,657.8947368421053,1,3,1,0,0,друго,неизвестно,,,,,,,,,,,1,20,среден
Пазарджик област,гр. Пазарджик,Ставропол,2 room,61.0,56900.0,932.7868852459017,2,6,0,0,1,панел,неизвестно,,,,,,,,,,,1,45,стар
Пазарджик област,гр. Пазарджик,Ябълките,2 room,65.0,60000.0,923.0769230769231,5,5,0,1,0,друго,неизвестно,,,,,1.0,,,,,,1,20,среден
Пазарджик област,гр. Пазарджик,Промишлена Зона,2 room,66.0,64500.0,977.2727272727273,3,6,0,0,1,друго,неизвестно,,,,,,,,,,,1,20,среден
Пазарджик област,гр. Пазарджик,Идеален център,other,65.0,64830.0,997.3846153846154,3,3,0,1,0,друго,неизвестно,,,,,,,,,,,1,20,среден
Пазарджик област,гр. Пазарджик,Запад,2 room,57.0,65000.0,1140.3508771929824,3,8,0,0,1,панел,запад,,,,,,,,,,,1,45,стар
Пазарджик област,гр. Пазарджик,Окръжна болница,other,74.0,65000.0,878.3783783783783,8,12,0,0,1,друго,неизвестно,,,,,,,,,,,1,20,среден
Пазарджик област,гр. Пазарджик,Окръжна болница,3 room,80.0,65000.0,812.5,8,12,0,0,1,друго,неизвестно,,,,,1.0,,,,,,1,20,среден
Пазарджик област,гр. Пазарджик,Център,2 room,62.0,65000.0,1048.3870967741937,5,8,0,0,1,друго,неизвестно,,,,,,,,,,,1,20,среден
Пазарджик област,гр. Пазарджик,Идеален център,house,105.0,66468.0,633.0285714285715,3,3,0,1,0,друго,неизвестно,,,,,,,,,,,1,20,среден
Пазарджик област,гр. Пазарджик,Център,2 room,59.0,67250.0,1139.8305084745762,2,6,0,0,1,друго,неизвестно,1.0,,,,,,,,,1.0,1,20,среден
Пазарджик област,гр. Пазарджик,Запад,2 room,74.0,68000.0,918.918918918919,9,12,0,0,1,друго,запад,,,,,,,,,,,1,20,среден
Пазарджик област,гр. Пазарджик,Идеален център,2 room,74.0,68000.0,918.918918918919,9,12,0,0,1,друго,неизвестно,,,,,,,,,,,1,20,среден
Пазарджик област,гр. Пазарджик,Запад,2 room,64.0,69000.0,1078.125,2,8,0,0,1,друго,запад,,,,,,,,,,,1,20,среден
Пазарджик област,гр. Пазарджик,Център,2 room,57.0,69500.0,1219.298245614035,2,4,0,0,1,друго,запад,,,,,,,,,,,1,20,среден
Пазарджик област,гр. Пазарджик,Идеален център,2 room,70.0,75000.0,1071.4285714285713,0,5,0,0,1,друго,неизвестно,,,,,,,,,,,1,20,среден
Пазарджик област,гр. Пазарджик,Ставропол,2 room,74.0,75000.0,1013.5135135135135,6,6,0,1,0,друго,неизвестно,,,,,,,,,,,1,20,среден
Пазарджик област,гр. Пазарджик,Идеален център,other,77.0,76469.0,993.1038961038961,1,4,1,0,0,друго,неизвестно,,,,,,,,,,,1,20,среден
Пазарджик област,гр. Пазарджик,Център,3 room,86.0,79000.0,918.6046511627907,7,7,0,1,0,друго,неизвестно,,,,,,,,,,,1,20,среден
Пазарджик област,гр. Пазарджик,Център,other,113.0,80000.0,707.9646017699115,1,4,1,0,0,друго,неизвестно,,,,,,,,1.0,,1.0,1,20,среден
Пазарджик област,гр. Пазарджик,Център,house,175.0,80000.0,457.14285714285717,2,2,0,1,0,друго,неизвестно,,,,,,,,,,,1,20,среден
Пазарджик област,гр. Пазарджик,Център,2 room,68.0,81000.0,1191.1764705882354,1,3,1,0,0,друго,неизвестно,,,,,,,,,,,1,20,среден
Пазарджик област,гр. Пазарджик,Окръжна болница,2 room,80.0,82000.0,1025.0,6,6,0,1,0,друго,неизвестно,,,,,,,,,,,2,3,нов
Пазарджик област,гр. Пазарджик,Център,1 room,46.0,83000.0,1804.3478260869565,8,12,0,0,1,друго,неизвестно,,,,,,,,,,,1,20,среден
Пазарджик област,гр. Пазарджик,Ябълките,other,101.0,83000.0,821.7821782178218,8,8,0,1,0,друго,неизвестно,,,,,,,,,,,1,20,среден
Пазарджик област,гр. Пазарджик,Идеален център,2 room,66.0,85000.0,1287.878787878788,6,6,0,1,0,панел,неизвестно,,,,,,,,,,,1,45,стар
Пазарджик област,гр. Пазарджик,Център,3 room,96.0,87000.0,906.25,6,6,0,1,0,панел,неизвестно,,,,,1.0,,,,,,1,45,стар
Пазарджик област,гр. Пазарджик,Център,multi-room,119.0,90000.0,756.3025210084033,5,6,0,1,0,друго,неизвестно,,,,,,,,,,,1,20,среден
Пазарджик област,гр. Пазарджик,Център,other,84.0,90000.0,1071.4285714285713,4,5,0,0,1,друго,неизвестно,,,,,,,,,,,1,20,среден
Пазарджик област,гр. Пазарджик,Идеален център,2 room,70.0,90000.0,1285.7142857142858,2,3,0,0,1,друго,неизвестно,,,,,,,,,,,1,20,среден
Пазарджик област,гр. Пазарджик,Център,2 room,69.0,90000.0,1304.3478260869565,2,5,0,0,1,друго,неизвестно,,,,,,,,,,,2,3,нов
Пазарджик област,гр. Пазарджик,Идеален център,2 room,90.0,90010.0,1000.1111111111111,4,4,0,1,0,друго,неизвестно,,,,,,,,,,,1,20,среден
Пазарджик област,гр. Пазарджик,Център,3 room,110.0,92000.0,836.3636363636364,10,12,0,0,1,друго,неизвестно,,,,,,,,,,,1,20,среден
Пазарджик област,гр. Пазарджик,Център,3 room,73.0,93000.0,1273.972602739726,3,6,0,0,1,друго,неизвестно,,,,,,,,,,,1,20,среден
Пазарджик област,гр. Пазарджик,Център,commercial,58.0,94999.0,1637.9137931034484,1,3,1,0,0,друго,неизвестно,,,,,,,,,,,1,20,среден
Пазарджик област,гр. Пазарджик,Център,garage/parking,58.0,94999.0,1637.9137931034484,1,3,1,0,0,друго,неизвестно,,,1.0,,,,,,,,1,20,среден
Пазарджик област,гр. Пазарджик,Център,other,40.0,95000.0,2375.0,1,3,1,0,0,друго,неизвестно,,,,,,,,,,,1,20,среден
Пазарджик област,гр. Пазарджик,Промишлена Зона,3 room,99.0,95900.0,968.6868686868687,1,6,1,0,0,друго,неизвестно,,,,,,,,,,,1,20,среден
Пазарджик област,гр. Пазарджик,Запад,2 room,69.0,97000.0,1405.7971014492753,2,5,0,0,1,друго,запад,,,,,1.0,,,,,,1,20,среден
Пазарджик област,гр. Пазарджик,Запад,2 room,69.0,97000.0,1405.7971014492753,2,5,0,0,1,друго,запад,,,,,,,,,,,1,20,среден
Пазарджик област,гр. Пазарджик,Център,2 room,70.0,98500.0,1407.142857142857,3,5,0,0,1,друго,неизвестно,,,,,,,,,,,1,20,среден
Пазарджик област,гр. Пазарджик,Идеален център,3 room,92.0,99000.0,1076.0869565217392,2,4,0,0,1,друго,неизвестно,,,,,,,,,,,1,20,среден
Пазарджик област,гр. Пазарджик,Идеален център,2 room,74.0,100000.0,1351.3513513513512,8,12,0,0,1,друго,неизвестно,1.0,,,,,,,,,,1,20,среден
Пазарджик област,гр. Пазарджик,Идеален център,commercial,74.0,100000.0,1351.3513513513512,1,3,1,0,0,друго,неизвестно,,,,,,,,,,,1,20,среден
Пазарджик област,гр. Пазарджик,Център,house,101.0,100000.0,990.0990099009902,2,2,0,1,0,друго,неизвестно,,,,,,,,,,,1,20,среден
Пазарджик област,гр. Пазарджик,Младост,3 room,81.0,100000.0,1234.567901234568,3,8,0,0,1,епк,неизвестно,,,,,,,,,,,2,22,среден
Пазарджик област,гр. Пазарджик,Запад,3 room,81.0,100000.0,1234.567901234568,1,8,1,0,0,панел,запад,,,,,,,,,,,1,45,стар
Пазарджик област,гр. Пазарджик,Идеален център,other,100.0,100000.0,1000.0,1,3,1,0,0,друго,неизвестно,,,,,,,,,,,1,20,среден
Пазарджик област,гр. Пазарджик,Идеален център,2 room,80.0,100000.0,1250.0,3,3,0,1,0,друго,неизвестно,,,,,,,,,,,2,3,нов
Пазарджик област,гр. Пазарджик,Център,2 room,72.0,101000.0,1402.7777777777778,2,5,0,0,1,друго,неизвестно,,,,,,,1.0,,,,1,1,нов
Пазарджик област,гр. Пазарджик,Център,other,120.0,101000.0,841.6666666666666,3,3,0,1,0,друго,неизвестно,,,,,,,,,,,1,20,среден
Пазарджик област,гр. Пазарджик,Идеален център,3 room,85.0,102000.0,1200.0,1,8,1,0,0,друго,неизвестно,,,,,,,,,,,1,20,среден
Пазарджик област,гр. Пазарджик,Център,house,75.0,102258.0,1363.44,1,3,1,0,0,друго,неизвестно,,,,,,,,,,,1,20,среден
Пазарджик област,гр. Пазарджик,Идеален център,2 room,102.0,102500.0,1004.9019607843137,4,4,0,1,0,друго,неизвестно,,,,,,,,,,,1,20,среден
Пазарджик област,гр. Пазарджик,Идеален център,commercial,27.0,105000.0,3888.8888888888887,1,3,1,0,0,друго,неизвестно,,,,,,,,,,,1,20,среден
Пазарджик област,гр. Пазарджик,Изток,other,86.0,105000.0,1220.9302325581396,2,6,0,0,1,друго,изток,,,,,,,,,,,1,20,среден
Пазарджик област,гр. Пазарджик,Идеален център,commercial,99.0,107371.0,1084.5555555555557,1,3,1,0,0,друго,неизвестно,,,,,,,,1.0,,,1,20,среден
Пазарджик област,гр. Пазарджик,Руски,3 room,80.0,110000.0,1375.0,1,5,1,0,0,друго,неизвестно,1.0,,,,,,,,,,1,20,среден
Пазарджик област,гр. Пазарджик,Запад,3 room,124.0,115000.0,927.4193548387096,1,3,1,0,0,друго,запад,,,,,,,,,,,1,20,среден
Пазарджик област,гр. Пазарджик,Идеален център,commercial,66.0,115000.0,1742.4242424242425,1,3,1,0,0,друго,неизвестно,,,,,,,,,,,1,20,среден
Пазарджик област,гр. Пазарджик,Ставропол,2 room,78.0,120000.0,1538.4615384615386,5,5,0,1,0,друго,неизвестно,,,,,,,,,,,1,20,среден
Пазарджик област,гр. Пазарджик,Ставропол,other,82.0,120000.0,1463.4146341463415,1,3,1,0,0,друго,неизвестно,,,,,,,,,,,1,20,среден
Пазарджик област,гр. Пазарджик,Устрем,3 room,108.0,130000.0,1203.7037037037037,3,3,0,1,0,друго,неизвестно,,,,,,,,,,,2,3,нов
Пазарджик област,гр. Пазарджик,Идеален център,house,76.0,130000.0,1710.5263157894738,1,1,1,0,0,друго,неизвестно,,,,,,,,,,,1,22,среден
Пазарджик област,гр. Пазарджик,Център,house,106.0,140000.0,1320.754716981132,3,4,0,0,1,друго,неизвестно,,,,,,,,,,,1,20,среден
Пазарджик област,гр. Пазарджик,Идеален център,house,175.0,150000.0,857.1428571428571,1,3,1,0,0,друго,неизвестно,,,,,,,,,,,1,20,среден
Пазарджик област,гр. Пазарджик,Център,other,160.0,160000.0,1000.0,3,5,0,0,1,друго,неизвестно,,,,,,,,,,,1,20,среден
Пазарджик област,гр. Пазарджик,Идеален център,multi-room,143.0,179500.0,1255.2447552447552,2,4,0,0,1,друго,неизвестно,,,,,,,,,,,1,20,среден
Пазарджик област,гр. Пазарджик,Център,other,100.0,180000.0,1800.0,2,2,1,1,0,друго,неизвестно,,,,,,,,,,,1,20,среден
Пазарджик област,гр. Пазарджик,Център,multi-room,290.0,196000.0,675.8620689655172,5,5,0,1,0,друго,неизвестно,,,,,,,,,,,1,20,среден
Пазарджик област,гр. Пазарджик,Център,multi-room,118.0,220000.0,1864.406779661017,4,5,0,0,1,друго,неизвестно,,,,,,,,,,,1,20,среден
Пазарджик област,гр. Пазарджик,Център,house,249.0,250000.0,1004.0160642570281,1,3,1,0,0,друго,неизвестно,,,,,,,,,,,1,20,среден
Пазарджик област,гр. Пазарджик,Център,commercial,102.0,260000.0,2549.0196078431372,0,5,0,0,1,друго,неизвестно,,,,,,,,,,,1,20,среден
Пазарджик област,гр. Пазарджик,Център,house,318.0,327000.0,1028.301886792453,1,3,1,0,0,друго,неизвестно,,,,,,,,,,,1,20,среден
Пазарджик област,гр. Пазарджик,Ставропол,house,473.0,550000.0,1162.7906976744187,1,3,1,0,0,друго,неизвестно,,,,,,,,,,,1,20,среден
Пазарджик област,гр. Пазарджик,Център,house,452.0,590000.0,1305.3097345132744,1,3,1,0,0,друго,неизвестно,,,,,,,,,,,1,20,среден
Пазарджик област,гр. Пазарджик,Център,commercial,816.0,600000.0,735.2941176470588,1,3,1,0,0,друго,неизвестно,,,,,,,,,,,1,20,среден
Пазарджик област,гр.Велинград,Център,commercial,209.0,409000.0,1956.9377990430621,1,5,1,0,0,друго,неизвестно,,,,,,,1.0,,,,1,1,нов
Пазарджик област,с.Елшица,няма,house,32.0,12900.0,403.125,1,3,1,0,0,друго,неизвестно,,,,,,,,,,,1,20,среден
Пазарджик област,гр.Велинград,Център,other,27.0,12999.0,481.44444444444446,0,3,0,0,1,друго,неизвестно,,,,,,,,,,,1,20,среден
Пазарджик област,гр.Велинград,Център,other,27.0,16000.0,592.5925925925926,1,4,1,0,0,друго,неизвестно,,,,,,,,,,,1,20,среден
Пазарджик област,гр.Батак,Център,house,120.0,18000.0,150.0,1,3,1,0,0,друго,неизвестно,,,,,,,,,,,1,20,среден
Пазарджик област,к.Цигов Чарк,няма,land/plot,344.0,18641.0,54.18895348837209,1,3,1,0,0,друго,неизвестно,,,,,,,,,,,1,20,среден
Пазарджик област,гр.Батак,Център,house,140.0,19600.0,140.0,1,3,1,0,0,друго,неизвестно,,,,,,,,,,,1,20,среден
Пазарджик област,гр.Стрелча,Център,other,50.0,22000.0,440.0,1,3,1,0,0,друго,неизвестно,,,,,,,,,,,1,20,среден
Пазарджик област,с.Главиница,няма,other,59.0,23000.0,389.8305084745763,1,3,1,0,0,друго,неизвестно,,,,,,,,,,,1,20,среден
Пазарджик област,с.Голямо Белово,няма,house,106.0,25000.0,235.8490566037736,1,3,1,0,0,друго,неизвестно,,,,,,,,,,,1,20,среден
Пазарджик област,гр.Батак,Център,house,59.0,25000.0,423.728813559322,1,3,1,0,0,друго,неизвестно,,,,,,,,,,,1,20,среден
Пазарджик област,с.Поибрене,няма,house,99.0,25565.0,258.2323232323232,1,3,1,0,0,друго,неизвестно,,,,,,,,,,,1,20,среден
Пазарджик област,с.Баня,няма,commercial,400.0,25565.0,63.9125,1,3,1,0,0,друго,неизвестно,,,,,,,,,,,1,20,среден
Пазарджик област,гр.Батак,Център,house,118.0,25565.0,216.65254237288136,1,3,1,0,0,друго,неизвестно,,,,,,,,,,,1,20,среден
Пазарджик област,гр.Ветрен,Център,house,130.0,28500.0,219.23076923076923,1,3,1,0,0,друго,неизвестно,,,,,,,,,,,1,20,среден
Пазарджик област,с.Ивайло,няма,land/plot,495.0,29000.0,58.58585858585859,1,3,1,0,0,друго,неизвестно,,,,,,,,,,,1,20,среден
Пазарджик област,гр.Белово,Център,land/plot,575.0,30000.0,52.17391304347826,1,3,1,0,0,друго,неизвестно,,,,,,,,,,,1,20,среден
Пазарджик област,гр.Велинград,Център,1 room,34.0,30300.0,891.1764705882352,1,4,1,0,0,друго,неизвестно,,,,,,,,,,,1,20,среден
Пазарджик област,к.Цигов Чарк,няма,land/plot,550.0,31000.0,56.36363636363637,1,3,1,0,0,друго,неизвестно,,,,,,,,,,,1,20,среден
Пазарджик област,гр.Пещера,Център,2 room,29.0,35000.0,1206.896551724138,0,4,1,0,0,друго,неизвестно,,,,,,,,1.0,,,1,20,среден
Пазарджик област,гр.Велинград,Център,1 room,27.0,35140.0,1301.4814814814815,3,5,0,0,1,друго,неизвестно,,,,,,,,,,1.0,1,20,среден
Пазарджик област,гр.Велинград,Център,1 room,28.0,35140.0,1255.0,3,5,0,0,1,друго,неизвестно,,,,,,,,,,,1,20,среден
Пазарджик област,гр.Велинград,Център,other,22.0,37230.0,1692.2727272727273,1,5,1,0,0,друго,неизвестно,,,,,,,,,,1.0,1,20,среден
Пазарджик област,гр.Велинград,Център,1 room,27.0,37950.0,1405.5555555555557,4,5,0,0,1,друго,неизвестно,,,,,,,,,,1.0,1,20,среден
Пазарджик област,гр.Велинград,Център,1 room,27.0,37950.0,1405.5555555555557,4,6,0,0,1,друго,неизвестно,,,,,,,,,,,1,20,среден
Пазарджик област,гр.Стрелча,Център,house,128.0,40903.0,319.5546875,1,3,1,0,0,друго,север,,,,,,,,,,,1,20,среден
Пазарджик област,гр.Велинград,Център,1 room,46.0,41150.0,894.5652173913044,1,4,1,0,0,друго,неизвестно,,,,,,,,,,,1,20,среден
Пазарджик област,гр.Велинград,Център,1 room,46.0,41700.0,906.5217391304348,1,4,1,0,0,друго,неизвестно,,,,,,,,,,,1,20,среден
Пазарджик област,с.Церово,няма,house,152.0,41990.0,276.25,1,3,1,0,0,друго,неизвестно,,,,,,,,,,,1,20,среден
Пазарджик област,гр.Велинград,Център,1 room,38.0,42635.0,1121.9736842105262,1,6,1,0,0,друго,неизвестно,,,,,,,,,,,1,20,среден
Пазарджик област,гр.Велинград,Център,1 room,40.0,44000.0,1100.0,2,3,0,0,1,друго,неизвестно,,,,,,,,,,,1,20,среден
Пазарджик област,гр.Велинград,Център,land/plot,888.0,44500.0,50.112612612612615,1,3,1,0,0,друго,неизвестно,,,,,,,,,,,1,20,среден
Пазарджик област,гр.Велинград,Център,1 room,45.0,44800.0,995.5555555555555,3,4,0,0,1,друго,неизвестно,,,,,,,,,,,1,20,среден
Пазарджик област,гр.Велинград,Център,1 room,45.0,44800.0,995.5555555555555,2,4,0,0,1,друго,неизвестно,,,,,,,,,,,1,20,среден
Пазарджик област,с.Симеоновец,няма,house,110.0,44990.0,409.0,1,3,1,0,0,друго,неизвестно,,,,,,,,,,,1,20,среден
Пазарджик област,гр.Батак,Център,other,141.0,45000.0,319.1489361702128,1,3,1,0,0,друго,неизвестно,,,,,,,,,,,1,20,среден
Пазарджик област,гр.Батак,Център,house,141.0,45000.0,319.1489361702128,1,3,1,0,0,друго,неизвестно,,,,,,,,,,,1,20,среден
Пазарджик област,гр.Стрелча,Център,house,48.0,45000.0,937.5,1,3,1,0,0,друго,неизвестно,,,,,,,,,,,1,20,среден
Пазарджик област,гр.Велинград,Център,land/plot,890.0,45000.0,50.561797752808985,1,3,1,0,0,друго,неизвестно,,,,,,,,,,,1,20,среден
Пазарджик област,гр.Пещера,Център,land/plot,345.0,45000.0,130.43478260869566,1,3,1,0,0,друго,неизвестно,,,,,,,,,,,1,20,среден
Пазарджик област,гр.Велинград,Център,other,20.0,45100.0,2255.0,1,5,1,0,0,друго,неизвестно,,,,,,,,,,1.0,1,20,среден
Пазарджик област,гр.Велинград,Център,1 room,48.0,47580.0,991.25,3,3,0,1,0,друго,неизвестно,,,,,,,,,,,1,20,среден
Пазарджик област,гр.Велинград,Център,2 room,54.0,48600.0,900.0,1,4,1,0,0,друго,неизвестно,,,,,,,,,,,1,20,среден
Пазарджик област,с.Ляхово,няма,house,73.0,49000.0,671.2328767123288,1,3,1,0,0,друго,неизвестно,,,1.0,,,,,,,,1,20,среден
Пазарджик област,гр.Велинград,Център,1 room,50.0,49500.0,990.0,3,4,0,0,1,друго,неизвестно,,,,,,,,,,,1,20,среден
Пазарджик област,гр.Велинград,Център,2 room,45.0,49969.0,1110.4222222222222,1,6,1,0,0,друго,неизвестно,,,,,,,,,,,1,20,среден
Пазарджик област,с.Пищигово,няма,house,110.0,49999.0,454.53636363636366,1,3,1,0,0,друго,север,,,,,,,,,,,1,20,среден
Пазарджик област,с.Бошуля,няма,other,296.0,50000.0,168.9189189189189,1,1,1,0,0,друго,неизвестно,,,,,1.0,,,,,,1,20,среден
Пазарджик област,гр.Пещера,Център,land/plot,572.0,50000.0,87.41258741258741,1,3,1,0,0,друго,неизвестно,,,,,,,,,,,1,20,среден
Плевен област,гр. Плевен,Кайлъка,villa,116.0,25000.0,215.51724137931035,0,1,0,0,1,друго,неизвестно,,,,,,,,,,,1,20,среден
Плевен област,гр. Плевен,Дружба 4,villa,30.0,25000.0,833.3333333333334,0,1,0,0,1,друго,неизвестно,,,,,,,,,,,1,20,среден
Плевен област,гр. Плевен,Дружба 2,garage/parking,23.0,26900.0,1169.5652173913043,2,2,0,1,0,друго,неизвестно,,,1.0,,,,,1.0,,,1,20,среден
Плевен област,гр. Плевен,9-Ти Квартал,garage/parking,18.0,30000.0,1666.6666666666667,1,5,1,0,0,друго,неизвестно,,,1.0,,,,,,,,1,20,среден
Плевен област,гр. Плевен,Център,garage/parking,20.0,30000.0,1500.0,1,5,1,0,0,друго,неизвестно,,,1.0,,,,,,,,1,20,среден
Плевен област,гр. Плевен,Център,house,175.0,35500.0,202.85714285714286,1,3,1,0,0,друго,неизвестно,,,,,,,,,,,1,20,среден
Плевен област,гр. Плевен,Дружба 2,land/plot,496.0,39680.0,80.0,1,3,1,0,0,друго,неизвестно,,,,,,,,,,,2,20,среден
Плевен област,гр. Плевен,Дружба 3,1 room,39.0,45500.0,1166.6666666666667,4,8,0,0,1,друго,неизвестно,,,,,,,,,,,1,20,среден
Плевен област,гр. Плевен,Мара Денчева,1 room,31.0,52000.0,1677.4193548387098,7,8,0,0,1,друго,неизвестно,1.0,,,,,,,,,,1,20,среден
Плевен област,гр. Плевен,Център,1 room,35.0,54500.0,1557.142857142857,3,11,0,0,1,друго,неизвестно,,,,,,,,,,,1,20,среден
Плевен област,гр. Плевен,Център,1 room,35.0,56000.0,1600.0,4,11,0,0,1,друго,неизвестно,,,,,,,,,,,1,20,среден
Плевен област,гр. Плевен,Дружба 2,land/plot,939.0,56340.0,60.0,1,3,1,0,0,друго,неизвестно,,,,,,,,,,,1,20,среден
Плевен област,гр. Плевен,Дружба 4,2 room,57.0,57400.0,1007.0175438596491,5,5,0,1,0,друго,неизвестно,,,,,,,,,,,1,20,среден
Плевен област,гр. Плевен,Сторгозия,2 room,57.0,58000.0,1017.5438596491229,8,8,0,1,0,друго,неизвестно,,,,,,,,,,,1,20,среден
Плевен област,гр. Плевен,Идеален Център,1 room,48.0,62036.0,1292.4166666666667,3,11,0,0,1,друго,неизвестно,,,,,,,,,,,1,20,среден
Плевен област,гр. Плевен,Градска Част,1 room,44.0,62116.0,1411.7272727272727,2,6,0,0,1,друго,неизвестно,,,,,,,,,,,1,20,среден
Плевен област,гр. Плевен,Градска Част,1 room,44.0,62118.0,1411.7727272727273,2,6,0,0,1,друго,неизвестно,,,,,,,,,,,1,20,среден
Плевен област,гр. Плевен,Градска Част,1 room,44.0,63003.0,1431.8863636363637,3,6,0,0,1,друго,неизвестно,,,,,,,,,,,1,20,среден
Плевен област,гр. Плевен,Градска Част,1 room,44.0,63003.0,1431.8863636363637,5,6,0,0,1,друго,неизвестно,,,,,,,,,,,1,20,среден
Плевен област,гр. Плевен,Градска Част,1 room,44.0,63003.0,1431.8863636363637,4,6,0,0,1,друго,неизвестно,,,,,,,,,,,1,20,среден
Плевен област,гр. Плевен,Градска Част,1 room,44.0,63005.0,1431.9318181818182,5,6,0,0,1,друго,неизвестно,,,,,,,,,,,1,20,среден
Плевен област,гр. Плевен,Градска Част,1 room,44.0,63005.0,1431.9318181818182,5,6,0,0,1,друго,неизвестно,,,,,,,,,,,1,20,среден
Плевен област,гр. Плевен,Градска Част,1 room,44.0,63005.0,1431.9318181818182,4,6,0,0,1,друго,неизвестно,,,,,,,,,,,1,20,среден
Плевен област,гр. Плевен,Дружба 2,land/plot,950.0,66500.0,70.0,1,3,1,0,0,друго,неизвестно,,,,,,,,,,,1,20,среден
Плевен област,гр. Плевен,Сторгозия,2 room,54.0,67550.0,1250.9259259259259,4,5,0,0,1,друго,неизвестно,,,,,,,,,,,1,20,среден
Плевен област,гр. Плевен,Сторгозия,2 room,53.0,68328.0,1289.2075471698113,4,5,0,0,1,друго,неизвестно,,,,,,,1.0,,,,2,1,нов
Плевен област,гр. Плевен,Дружба 1,2 room,59.0,69500.0,1177.9661016949153,3,5,0,0,1,друго,неизвестно,,,,,,,,,,,1,20,среден
Плевен област,гр. Плевен,Сторгозия,2 room,58.0,70500.0,1215.5172413793102,3,5,0,0,1,друго,неизвестно,,,,,,,,,,,1,20,среден
Плевен област,гр. Плевен,Дружба 1,2 room,59.0,71052.0,1204.2711864406779,2,5,0,0,1,друго,неизвестно,,,,,,,,,,,1,20,среден
Плевен област,гр. Плевен,Дружба 1,2 room,68.0,71495.0,1051.3970588235295,1,8,1,0,0,друго,неизвестно,,,,,,,,,,,1,20,среден
Плевен област,гр. Плевен,Дружба 1,2 room,68.0,72856.0,1071.4117647058824,2,8,0,0,1,друго,неизвестно,,,,,,,,,,,1,20,среден
Плевен област,гр. Плевен,Сторгозия,1 room,46.0,73000.0,1586.9565217391305,2,4,0,0,1,друго,неизвестно,,,,,,,,,,,1,20,среден
Плевен област,гр. Плевен,Вми,2 room,56.0,73359.0,1309.982142857143,5,5,0,1,0,друго,неизвестно,,,,,,,,,,,2,3,нов
Плевен област,гр. Плевен,Дружба 1,2 room,62.0,73800.0,1190.3225806451612,1,5,1,0,0,друго,неизвестно,,,,,,,,,,,1,20,среден
Плевен област,гр. Плевен,Център,2 room,55.0,74115.0,1347.5454545454545,8,11,0,0,1,друго,неизвестно,,,,,,,,,,,1,20,среден
Плевен област,гр. Плевен,Дружба 1,2 room,71.0,74172.0,1044.6760563380283,1,8,1,0,0,друго,неизвестно,,,,,,,,,,,1,20,среден
Плевен област,гр. Плевен,Градска Част,2 room,60.0,74775.0,1246.25,5,5,0,1,0,друго,неизвестно,,,,,,,,,,,1,20,среден
Плевен област,гр. Плевен,Дружба 1,2 room,68.0,74899.0,1101.4558823529412,3,8,0,0,1,друго,неизвестно,,,,,,,,,,,1,20,среден
Плевен област,гр. Плевен,Сторгозия,2 room,64.0,75000.0,1171.875,3,8,0,0,1,друго,неизвестно,,,,,,,,,,,1,20,среден
Плевен област,гр. Плевен,Център,house,199.0,75000.0,376.88442211055275,1,3,1,0,0,друго,неизвестно,,,,,,,,,,,1,20,среден
Плевен област,гр. Плевен,Дружба 1,2 room,72.0,75988.0,1055.388888888889,1,8,1,0,0,друго,неизвестно,,,,,,,,,,,1,20,среден
Плевен област,гр. Плевен,Дружба 1,2 room,72.0,75988.0,1055.388888888889,1,8,1,0,0,друго,неизвестно,,,,,,,,,,,1,20,среден
Плевен област,гр. Плевен,Дружба 1,2 room,72.0,75988.0,1055.388888888889,2,8,0,0,1,друго,неизвестно,,,,,,,,,,,1,20,среден
Плевен област,гр. Плевен,Идеален Център,2 room,59.0,76674.0,1299.5593220338983,3,11,0,0,1,друго,неизвестно,,,,,,,,,,,1,20,среден
Плевен област,гр. Плевен,Дружба 1,2 room,72.0,77436.0,1075.5,3,8,0,0,1,друго,неизвестно,,,,,,,,,,,1,20,среден
Плевен област,гр. Плевен,Дружба 1,2 room,71.0,77704.0,1094.4225352112676,2,8,0,0,1,друго,неизвестно,,,,,,,,,,,1,20,среден
Плевен област,гр. Плевен,Градска Част,2 room,65.0,78288.0,1204.4307692307693,1,5,1,0,0,друго,неизвестно,,,,,,,,,,,1,20,среден
Плевен област,гр. Плевен,Дружба 1,2 room,68.0,78304.0,1151.5294117647059,4,8,0,0,1,друго,неизвестно,,,,,,,,,,,1,20,среден
Плевен област,гр. Плевен,Дружба 1,2 room,71.0,79117.0,1114.3239436619717,3,8,0,0,1,друго,неизвестно,,,,,,,,,,,1,20,среден
Плевен област,гр. Плевен,Дружба 1,2 room,72.0,79607.0,1105.6527777777778,2,8,0,0,1,друго,неизвестно,,,,,,,,,,,1,20,среден
Плевен област,гр. Плевен,Дружба 1,2 room,72.0,79607.0,1105.6527777777778,4,8,0,0,1,друго,неизвестно,,,,,,,,,,,1,20,среден
Плевен област,гр. Плевен,Дружба 4,3 room,86.0,80000.0,930.2325581395348,6,7,0,0,1,друго,неизвестно,,,,,,,,,,,1,20,среден
Плевен област,гр. Плевен,Градска Част,2 room,60.0,80338.0,1338.9666666666667,3,5,0,0,1,друго,неизвестно,,,,,,,,,,,1,20,среден
Плевен област,гр. Плевен,Дружба 1,2 room,62.0,80561.0,1299.3709677419354,4,5,0,0,1,друго,неизвестно,,,,,,,,,,,1,3,нов
Плевен област,гр. Плевен,Дружба 1,2 room,62.0,80821.0,1303.5645161290322,4,5,0,0,1,друго,неизвестно,,,,,,,,,,,1,3,нов
Плевен област,гр. Плевен,Дружба 2,2 room,62.0,81000.0,1306.4516129032259,4,8,0,0,1,друго,неизвестно,,,,,,,,,,,1,20,среден
Плевен област,гр. Плевен,Дружба 1,2 room,70.0,81052.0,1157.8857142857144,5,5,0,1,0,друго,неизвестно,,,,,,,,,,,1,20,среден
Плевен област,гр. Плевен,Дружба 1,2 room,72.0,81054.0,1125.75,3,8,0,0,1,друго,неизвестно,,,,,,,,,,,1,20,среден
Плевен област,гр. Плевен,Дружба 1,2 room,71.0,81236.0,1144.1690140845071,4,8,0,0,1,друго,неизвестно,,,,,,,,,,,1,20,среден
Плевен област,гр. Плевен,Сторгозия,2 room,63.0,81432.0,1292.5714285714287,4,5,0,0,1,друго,запад,1.0,,,,,,1.0,,,,1,1,нов
Плевен област,гр. Плевен,Център,house,66.0,82000.0,1242.4242424242425,1,3,1,0,0,друго,неизвестно,,,,,,,,,,,1,20,среден
Плевен област,гр. Плевен,Дружба 1,2 room,72.0,82352.0,1143.7777777777778,8,8,0,1,0,друго,неизвестно,,,,,,,,,,,1,20,среден
Плевен област,гр. Плевен,Градска Част,2 room,64.0,82797.0,1293.703125,1,8,1,0,0,друго,неизвестно,,,,,,,,,,,1,20,среден
Плевен област,гр. Плевен,Дружба 1,2 room,72.0,82904.0,1151.4444444444443,5,8,0,0,1,друго,неизвестно,,,,,,,,,,,1,20,среден
Плевен област,гр. Плевен,Дружба 1,2 room,72.0,82904.0,1151.4444444444443,7,8,0,0,1,друго,неизвестно,,,,,,,,,,,1,20,среден
Плевен област,гр. Плевен,Градска Част,2 room,59.0,82908.0,1405.2203389830509,5,10,0,0,1,друго,неизвестно,,,,,,,,,,,1,20,среден
Плевен област,гр. Плевен,Мара Денчева,2 room,64.0,83044.0,1297.5625,2,8,0,0,1,друго,неизвестно,,,,,,,,,,,1,20,среден
Плевен област,гр. Плевен,Мара Денчева,2 room,64.0,83044.0,1297.5625,4,8,0,0,1,друго,неизвестно,,,,,,,,,,,1,20,среден
Плевен област,гр. Плевен,Мара Денчева,2 room,64.0,83044.0,1297.5625,5,8,0,0,1,друго,неизвестно,,,,,,,,,,,1,20,среден
Плевен област,гр. Плевен,Мара Денчева,2 room,64.0,83044.0,1297.5625,6,8,0,0,1,друго,неизвестно,,,,,,,,,,,1,20,среден
Плевен област,гр. Плевен,Дружба 1,2 room,72.0,83226.0,1155.9166666666667,4,8,0,0,1,друго,неизвестно,,,,,,,,,,,1,20,среден
Плевен област,гр. Плевен,Дружба 2,2 room,63.0,83619.0,1327.2857142857142,1,5,1,0,0,друго,неизвестно,,,,,,,,,,,1,20,среден
Плевен област,гр. Плевен,Дружба 2,2 room,63.0,83619.0,1327.2857142857142,1,5,1,0,0,друго,неизвестно,,,,,,,,,,,1,20,среден
Плевен област,гр. Плевен,Дружба 1,2 room,70.0,83868.0,1198.1142857142856,8,8,0,1,0,друго,неизвестно,,,,,,,,,,,1,20,среден
Плевен област,гр. Плевен,Дружба 1,1 room,67.0,84212.0,1256.8955223880596,8,8,0,1,0,друго,неизвестно,,,,,,,,,,,1,20,среден
Плевен област,гр. Плевен,Градска Част,3 room,72.0,84400.0,1172.2222222222222,10,14,0,0,1,друго,неизвестно,,,,,,,,,,,1,20,среден
Плевен област,гр. Плевен,Дружба 1,2 room,70.0,84432.0,1206.1714285714286,5,8,0,0,1,друго,неизвестно,,,,,,,,,,,1,20,среден
Плевен област,гр. Плевен,Градска Част,2 room,63.0,84659.0,1343.7936507936508,4,6,0,0,1,друго,неизвестно,,,,,,,,,,,1,20,среден
Плевен област,гр. Плевен,Градска Част,2 room,63.0,84659.0,1343.7936507936508,2,6,0,0,1,друго,неизвестно,,,,,,,,,,,1,20,среден
Плевен област,гр. Плевен,Дружба 1,2 room,68.0,84775.0,1246.6911764705883,7,8,0,0,1,друго,неизвестно,,,,,,,,,,,1,20,среден
Плевен област,гр. Плевен,Дружба 2,2 room,63.0,84886.0,1347.3968253968253,2,5,0,0,1,друго,неизвестно,,,,,,,,,,,1,20,среден
Плевен област,гр. Плевен,Дружба 2,2 room,63.0,84886.0,1347.3968253968253,2,5,0,0,1,друго,неизвестно,,,,,,,,,,,1,20,среден
Плевен област,гр. Плевен,Мара Денчева,house,61.0,85000.0,1393.4426229508197,1,3,1,0,0,друго,неизвестно,,,,,,,,,,,1,20,среден
Плевен област,гр. Плевен,Градска Част,2 room,64.0,85178.0,1330.90625,2,6,0,0,1,друго,неизвестно,,,,,,,,,,,1,20,среден
Плевен област,гр. Плевен,Градска Част,2 room,64.0,85178.0,1330.90625,3,6,0,0,1,друго,неизвестно,,,,,,,,,,,1,20,среден
Плевен област,гр. Плевен,Градска Част,2 room,63.0,85291.0,1353.8253968253969,5,6,0,0,1,друго,неизвестно,,,,,,,,,,,1,20,среден
Плевен област,гр. Плевен,Градска Част,2 room,63.0,85291.0,1353.8253968253969,5,6,0,0,1,друго,неизвестно,,,,,,,,,,,1,20,среден
Плевен област,гр. Плевен,Дружба 1,2 room,66.0,85345.0,1293.1060606060605,8,8,0,1,0,друго,неизвестно,,,,,,,,,,,1,20,среден
Плевен област,гр. Плевен,Градска Част,2 room,64.0,85814.0,1340.84375,5,6,0,0,1,друго,неизвестно,,,,,,,,,,,1,20,среден
Плевен област,гр. Плевен,Градска Част,2 room,64.0,85814.0,1340.84375,5,6,0,0,1,друго,неизвестно,,,,,,,,,,,1,20,среден
Плевен област,гр. Плевен,Градска Част,2 room,63.0,85845.0,1362.6190476190477,4,6,0,0,1,друго,неизвестно,,,,,,,,,,,1,20,среден
Плевен област,гр. Плевен,Вми,2 room,66.0,86372.0,1308.6666666666667,5,5,0,1,0,друго,неизвестно,,,,,,,,,,,1,20,среден
Плевен област,гр. Плевен,Мара Денчева,2 room,66.0,86398.0,1309.060606060606,2,8,0,0,1,друго,неизвестно,,,,,,,,,,,1,20,среден
Плевен област,гр. Плевен,Дружба 1,2 room,72.0,86508.0,1201.5,5,8,0,0,1,друго,неизвестно,,,,,,,,,,,1,20,среден
Плевен област,гр. Плевен,Дружба 1,2 room,72.0,86508.0,1201.5,7,8,0,0,1,друго,неизвестно,,,,,,,,,,,1,20,среден
Плевен област,гр. Плевен,Мара Денчева,2 room,67.0,86749.0,1294.7611940298507,8,8,0,1,0,друго,неизвестно,,,,,,,,,,,1,20,среден
Плевен област,гр. Плевен,Мара Денчева,2 room,67.0,86853.0,1296.313432835821,4,8,0,0,1,друго,неизвестно,,,,,,,,,,,1,20,среден
Плевен област,гр. Плевен,Мара Денчева,2 room,67.0,86853.0,1296.313432835821,5,8,0,0,1,друго,неизвестно,,,,,,,,,,,1,20,среден
Плевен област,гр. Плевен,Мара Денчева,2 room,67.0,86853.0,1296.313432835821,6,8,0,0,1,друго,неизвестно,,,,,,,,,,,1,20,среден
Плевен област,гр. Плевен,Мара Денчева,2 room,67.0,86957.0,1297.865671641791,2,8,0,0,1,друго,неизвестно,,,,,,,,,,,1,20,среден
Плевен област,гр. Плевен,Дружба 2,2 room,69.0,87389.0,1266.5072463768115,1,5,1,0,0,друго,неизвестно,,,,,,,,,,,1,20,среден
Плевен област,гр. Плевен,Дружба 2,2 room,69.0,87389.0,1266.5072463768115,1,5,1,0,0,друго,неизвестно,,,,,,,,,,,1,20,среден
Плевен област,гр. Плевен,Дружба 1,2 room,70.0,87950.0,1256.4285714285713,7,8,0,0,1,друго,неизвестно,,,,,,,,,,,1,20,среден
Плевен област,гр. Плевен,Мара Денчева,2 room,70.0,87975.0,1256.7857142857142,8,8,0,1,0,друго,неизвестно,,,,,,,,,,,1,20,среден
Плевен област,гр. Плевен,Мара Денчева,2 room,71.0,88675.0,1248.943661971831,7,8,0,0,1,друго,неизвестно,,,,,,,,,,,1,20,среден
Плевен област,гр. Плевен,Дружба 2,2 room,69.0,88766.0,1286.463768115942,2,5,0,0,1,друго,неизвестно,,,,,,,,,,,1,20,среден
Плевен област,гр. Плевен,Дружба 2,2 room,69.0,88766.0,1286.463768115942,2,5,0,0,1,друго,неизвестно,,,,,,,,,,,1,20,среден
Плевен област,гр. Плевен,9-Ти Квартал,2 room,74.0,89304.0,1206.8108108108108,2,5,0,0,1,друго,неизвестно,,,,,,,,,,,1,20,среден
Плевен област,гр. Плевен,9-Ти Квартал,2 room,74.0,89304.0,1206.8108108108108,4,5,0,0,1,друго,неизвестно,,,,,,,,,,,1,20,среден
Плевен област,гр. Плевен,Дружба 1,2 room,72.0,89512.0,1243.2222222222222,8,8,0,1,0,друго,неизвестно,,,,,,,,,,,1,20,среден
Плевен област,гр. Плевен,Център,2 room,65.0,90000.0,1384.6153846153845,8,9,0,0,1,друго,неизвестно,1.0,,,,,1.0,,,,,2,20,среден
Плевен област,гр. Плевен,Дружба 2,2 room,69.0,90142.0,1306.4057971014493,3,5,0,0,1,друго,неизвестно,,,,,,,,,,,1,20,среден
Плевен област,с.Каменец,няма,house,40.0,11000.0,275.0,1,3,1,0,0,друго,неизвестно,,,,,,,,,,,1,20,среден
Плевен област,Плевен област,няма,house,100.0,11000.0,110.0,1,3,1,0,0,друго,неизвестно,,,,,,,,,,,1,20,среден
Плевен област,с.Стежерово,няма,house,100.0,12500.0,125.0,1,3,1,0,0,друго,неизвестно,,,,,,,,,,,1,20,среден
Плевен област,с.Бохот,няма,house,109.0,21000.0,192.6605504587156,1,3,1,0,0,друго,неизвестно,,,,,,,,,,,1,20,среден
Плевен област,Плевен област,няма,house,200.0,22000.0,110.0,1,3,1,0,0,друго,неизвестно,,,,,,,,1.0,,,1,20,среден
Плевен област,Плевен област,няма,house,105.0,23000.0,219.04761904761904,1,3,1,0,0,друго,север,,,,,,,,,,,1,20,среден
Плевен област,с.Телиш,няма,house,75.0,30000.0,400.0,1,3,1,0,0,друго,неизвестно,,,,,,,,,,,1,20,среден
Плевен област,гр.Долна Митрополия,Център,land/plot,673.0,33650.0,50.0,1,3,1,0,0,друго,неизвестно,,,,,,,,,,,2,20,среден
Плевен област,с.Обнова,няма,house,100.0,35000.0,350.0,1,3,1,0,0,друго,неизвестно,,,,,,,,,,,1,20,среден
Плевен област,гр.Долна Митрополия,Център,land/plot,715.0,35750.0,50.0,1,3,1,0,0,друго,неизвестно,,,,,,,,,,,2,20,среден
Плевен област,Плевен област,няма,house,170.0,37500.0,220.58823529411765,1,3,1,0,0,друго,неизвестно,,,,,,,,,,,1,20,среден
Плевен област,гр.Долна Митрополия,Център,land/plot,774.0,38700.0,50.0,1,3,1,0,0,друго,неизвестно,,,,,,,,,,,2,20,среден
Плевен област,с.Градина,няма,house,71.0,39900.0,561.9718309859155,1,3,1,0,0,друго,неизвестно,,,,,,,,,,,1,20,среден
Плевен област,с.Телиш,няма,house,100.0,50000.0,500.0,1,3,1,0,0,друго,неизвестно,,,1.0,,,,,,,,1,20,среден
Плевен област,гр.Искър,Център,house,75.0,55000.0,733.3333333333334,1,3,1,0,0,друго,неизвестно,,,,,,,,1.0,,,1,20,среден
Плевен област,гр.Левски,Център,house,140.0,68513.0,489.37857142857143,1,2,1,0,0,друго,неизвестно,,,,,,,,,,,1,20,среден
Плевен област,с.Асеновци,няма,house,180.0,70000.0,388.8888888888889,1,3,1,0,0,друго,неизвестно,,,,,,,,,,,1,20,среден
Плевен област,гр.Гулянци,Център,house,120.0,85000.0,708.3333333333334,1,3,1,0,0,друго,неизвестно,,,,,,,,,,,1,20,среден
Плевен област,Плевен област,няма,house,300.0,90000.0,300.0,1,3,1,0,0,друго,неизвестно,,,,,,,,,,,1,20,среден
Плевен област,гр.Тръстеник,Център,house,162.0,210000.0,1296.2962962962963,1,3,1,0,0,друго,неизвестно,,,,,1.0,,,,,,1,20,среден
Плевен област,гр.Тръстеник,Център,house,184.0,210000.0,1141.304347826087,1,3,1,0,0,друго,неизвестно,,,1.0,,,,,,,,1,20,среден
Хасково област,гр. Хасково,Дружба,garage/parking,19.0,16000.0,842.1052631578947,1,3,1,0,0,друго,неизвестно,,,1.0,,,,,,,,1,20,среден
Хасково област,гр. Хасково,Тракийски,garage/parking,17.0,18100.0,1064.7058823529412,1,3,1,0,0,друго,неизвестно,,,1.0,,,,,,,,1,20,среден
Хасково област,гр. Хасково,Македонски,garage/parking,22.0,19100.0,868.1818181818181,1,3,1,0,0,друго,неизвестно,,,1.0,,,,,,,,1,20,среден
Хасково област,гр. Хасково,Възраждане,house,20.0,28000.0,1400.0,1,3,1,0,0,друго,неизвестно,,,,,,,,,,,1,20,среден
Хасково област,гр. Хасково,Дружба,garage/parking,25.0,31000.0,1240.0,1,3,1,0,0,друго,неизвестно,,,1.0,,,,,,,,1,20,среден
Хасково област,гр. Хасково,Кенана,land/plot,550.0,35000.0,63.63636363636363,1,3,1,0,0,друго,неизвестно,,,,,,,,,,,1,20,среден
Хасково област,гр. Хасково,Училищни,commercial,80.0,38000.0,475.0,0,4,0,0,1,друго,неизвестно,,,1.0,,,,,,,,1,20,среден
Хасково област,гр. Хасково,Орфей,land/plot,635.0,41275.0,65.0,1,3,1,0,0,друго,неизвестно,,,,,,,,,,,1,20,среден
Хасково област,гр. Хасково,Кенана,land/plot,880.0,50000.0,56.81818181818182,1,3,1,0,0,друго,неизвестно,,,,,,,,,,,1,20,среден
Хасково област,гр. Хасково,Индустриална Зона - Юг,land/plot,500.0,50000.0,100.0,1,3,1,0,0,друго,юг,,,,,,,,,,,1,20,среден
Хасково област,гр. Хасково,Тракийски,house,96.0,52000.0,541.6666666666666,2,2,0,1,0,друго,неизвестно,,,,,,,,,,,1,20,среден
Хасково област,гр. Хасково,Република,3 room,100.0,54000.0,540.0,2,3,0,0,1,друго,неизвестно,,,,,,,,,,,1,20,среден
Хасково област,гр. Хасково,Кенана,other,100.0,55000.0,550.0,1,3,1,0,0,друго,неизвестно,,,,,,,,,,,1,20,среден
Хасково област,гр. Хасково,Орфей,1 room,43.0,58000.0,1348.8372093023256,3,8,0,0,1,друго,неизвестно,,,,,,,,,,,1,20,среден
Хасково област,гр. Хасково,Училищни,other,39.0,58500.0,1500.0,0,3,0,0,1,друго,неизвестно,,,,,,,,,,,1,20,среден
Хасково област,гр. Хасково,Център,other,40.0,60000.0,1500.0,1,3,1,0,0,друго,неизвестно,,,,,,,,1.0,,,1,20,среден
Хасково област,гр. Хасково,Дружба,other,68.0,60000.0,882.3529411764706,0,2,1,0,0,друго,неизвестно,,,,,,,,,,,1,20,среден
Хасково област,гр. Хасково,Куба,2 room,59.0,62465.0,1058.7288135593221,4,6,0,0,1,друго,неизвестно,,,,,,,,,,,1,20,среден
Хасково област,гр. Хасково,Училищни,2 room,56.0,64000.0,1142.857142857143,9,11,0,0,1,друго,неизвестно,,,,,,,,,,,1,20,среден
Хасково област,гр. Хасково,Младежки Хълм,2 room,61.0,64155.0,1051.72131147541,1,4,1,0,0,друго,неизвестно,,,,,,,,,,,1,20,среден
Хасково област,гр. Хасково,Куба,house,23.0,64699.0,2813.0,1,3,1,0,0,друго,неизвестно,,,,,,,,,,,1,20,среден
Хасково област,гр. Хасково,Камени,house,68.0,66000.0,970.5882352941177,1,2,1,0,0,друго,неизвестно,,,,,,,,,,,1,20,среден
Хасково област,гр. Хасково,Възраждане,2 room,69.0,67000.0,971.0144927536232,7,7,0,1,0,друго,неизвестно,,,,,,,,,,,1,20,среден
Хасково област,гр. Хасково,Училищни,2 room,55.0,71500.0,1300.0,2,4,0,0,1,друго,неизвестно,,,,,,,,,,,1,20,среден
Хасково област,гр. Хасково,Младежки Хълм,2 room,68.0,72429.0,1065.1323529411766,2,4,0,0,1,друго,неизвестно,,,,,,,,,,,1,20,среден
Хасково област,гр. Хасково,Дружба,3 room,68.0,73000.0,1073.5294117647059,6,6,0,1,0,друго,неизвестно,,,,,,,,,,,1,20,среден
Хасково област,гр. Хасково,Дружба,2 room,63.0,74000.0,1174.6031746031747,4,8,0,0,1,друго,неизвестно,,,,,,,,,,,1,20,среден
Хасково област,гр. Хасково,Възраждане,2 room,63.0,75000.0,1190.4761904761904,12,12,0,1,0,друго,неизвестно,,,,,,,,,,,1,20,среден
Хасково област,гр. Хасково,Куба,2 room,59.0,76700.0,1300.0,2,5,0,0,1,друго,неизвестно,,,,,,,,,,,1,20,среден
Хасково област,гр. Хасково,Младежки Хълм,2 room,60.0,78387.0,1306.45,1,4,1,0,0,друго,неизвестно,,,1.0,,,,,,,,1,20,среден
Хасково област,гр. Хасково,Дружба,house,146.0,79000.0,541.0958904109589,1,3,1,0,0,друго,неизвестно,,,,,,,,,,,1,20,среден
Хасково област,гр. Хасково,Република,house,130.0,80000.0,615.3846153846154,1,3,1,0,0,друго,неизвестно,,,,,,,,,,,1,20,среден
Хасково област,гр. Хасково,Център,2 room,64.0,80563.0,1258.796875,2,7,0,0,1,друго,неизвестно,,,,,,,1.0,,,1.0,1,1,нов
Хасково област,гр. Хасково,Македонски,house,149.0,83000.0,557.0469798657718,1,3,1,0,0,друго,неизвестно,,,,,,,,,,,1,20,среден
Хасково област,гр. Хасково,Училищни,2 room,42.0,85000.0,2023.8095238095239,2,4,0,0,1,друго,неизвестно,,,,,,,,1.0,,,1,20,среден
Хасково област,гр. Хасково,Куба,2 room,78.0,85000.0,1089.7435897435898,2,4,0,0,1,друго,неизвестно,,,,,,,,,,,1,20,среден
Хасково област,гр. Хасково,Младежки Хълм,2 room,66.0,86916.0,1316.909090909091,1,4,1,0,0,друго,неизвестно,,,1.0,,,,,,,,1,20,среден
Хасково област,гр. Хасково,Индустриална Зона - Изток,house,116.0,90000.0,775.8620689655172,1,3,1,0,0,друго,изток,,,,,,,,,,,1,20,среден
Хасково област,гр. Хасково,Куба,3 room,85.0,90027.0,1059.1411764705883,1,6,1,0,0,друго,неизвестно,,,,,,,,,,,1,20,среден
Хасково област,гр. Хасково,Република,multi-room,111.0,93000.0,837.8378378378378,1,3,1,0,0,друго,неизвестно,,,,,,,,,,,1,20,среден
Хасково област,гр. Хасково,Воеводски,2 room,72.0,94600.0,1313.888888888889,2,3,0,0,1,друго,неизвестно,,,,,,,,,,,1,20,среден
Хасково област,гр. Хасково,Орфей,2 room,80.0,97092.0,1213.65,5,5,0,1,0,друго,неизвестно,,,,,,,,,,,1,20,среден
Хасково област,гр. Хасково,Орфей,2 room,80.0,97092.0,1213.65,4,5,0,1,0,друго,неизвестно,,,,,,,,,,,1,20,среден
Хасково област,гр. Хасково,Любен Каравелов,3 room,94.0,98700.0,1050.0,6,8,0,0,1,друго,неизвестно,,,,,,,,,,,1,20,среден
Хасково област,гр. Хасково,Център,multi-room,85.0,98900.0,1163.5294117647059,3,4,0,0,1,друго,неизвестно,,,,,,,,,,,1,20,среден
Хасково област,гр. Хасково,Червена Стена,3 room,110.0,100000.0,909.0909090909091,3,3,0,1,0,друго,неизвестно,,,,,,,,,,,1,20,среден
Хасково област,гр. Хасково,Бадема,3 room,81.0,101500.0,1253.0864197530864,1,9,1,0,0,друго,юг-запад,,,,,,,,,,1.0,1,20,среден
Хасково област,гр. Хасково,Младежки Хълм,house,117.0,107500.0,918.8034188034188,1,3,1,0,0,друго,неизвестно,,,,,,,,,,,1,20,среден
Хасково област,гр. Хасково,Бадема,3 room,89.0,107676.0,1209.8426966292134,2,9,0,0,1,друго,север-запад,,,,,,,,,,1.0,1,20,среден
Хасково област,гр. Хасково,Бадема,3 room,89.0,107676.0,1209.8426966292134,2,9,0,0,1,друго,север-запад,,,,,,,,,,1.0,1,20,среден
Хасково област,гр. Хасково,Бадема,3 room,89.0,107676.0,1209.8426966292134,1,9,1,0,0,друго,север-запад,,,,,,,,,,1.0,1,20,среден
Хасково област,гр. Хасково,Бадема,3 room,89.0,107676.0,1209.8426966292134,1,9,1,0,0,друго,север-запад,,,,,,,,,,1.0,1,20,среден
Хасково област,гр. Хасково,Овчарски,house,109.0,110000.0,1009.1743119266055,2,3,0,0,1,друго,неизвестно,,,,,,,,,,,1,20,среден
Хасково област,гр. Хасково,Бадема,3 room,106.0,111688.0,1053.6603773584907,2,5,0,0,1,друго,неизвестно,,,,,,,,,,,1,20,среден
Хасково област,гр. Хасково,Бадема,3 room,106.0,111688.0,1053.6603773584907,4,5,0,0,1,друго,неизвестно,,,,,,,,,,,1,20,среден
Хасково област,гр. Хасково,Дружба,2 room,74.0,115000.0,1554.054054054054,6,8,0,0,1,друго,неизвестно,,,,,,,,,,,1,20,среден
Хасково област,гр. Хасково,Център,3 room,98.0,117000.0,1193.8775510204082,10,10,0,1,0,друго,неизвестно,,,,,,,,,,,1,20,среден
Хасково област,гр. Хасково,Хисаря,house,67.0,118000.0,1761.1940298507463,1,3,1,0,0,друго,неизвестно,,,,,,,,,,,1,20,среден
Хасково област,гр. Хасково,Младежки Хълм,3 room,100.0,119000.0,1190.0,2,4,0,0,1,друго,неизвестно,,,,,,,,,,,1,20,среден
Хасково област,гр. Хасково,Младежки Хълм,3 room,93.0,120987.0,1300.9354838709678,1,4,1,0,0,друго,неизвестно,,,1.0,,,,,,,,1,20,среден
Хасково област,гр. Хасково,Куба,house,100.0,125000.0,1250.0,1,3,1,0,0,друго,неизвестно,,,,,,,,,,,1,20,среден
Хасково област,гр. Хасково,Тракийски,house,86.0,125000.0,1453.4883720930231,2,3,0,0,1,друго,неизвестно,,,,,,,,,,,1,20,среден
Хасково област,гр. Хасково,Бадема,3 room,97.0,126607.0,1305.2268041237114,1,9,1,0,0,друго,юг-изток,,,,,,,,,,1.0,1,20,среден
Хасково област,гр. Хасково,Училищни,3 room,108.0,127500.0,1180.5555555555557,6,7,0,0,1,друго,неизвестно,,,,,,,,,,,1,20,среден
Хасково област,гр. Хасково,Център,other,94.0,130000.0,1382.9787234042553,8,8,0,1,0,панел,неизвестно,1.0,,,,1.0,,,,,,3,45,стар
Хасково област,гр. Хасково,Училищни,3 room,110.0,132000.0,1200.0,4,5,0,0,1,друго,неизвестно,,,,,,,,,,,1,20,среден
Хасково област,гр. Хасково,Училищни,3 room,112.0,134400.0,1200.0,1,5,1,0,0,друго,неизвестно,,,,,,,,,,,1,20,среден
Хасково област,гр. Хасково,Болярово,house,149.0,135000.0,906.0402684563759,1,3,1,0,0,друго,неизвестно,,,,,,,,,,,1,20,среден
Хасково област,гр. Хасково,Болярово,house,74.0,135000.0,1824.3243243243244,2,2,0,1,0,друго,неизвестно,,,,,,,,,,,1,20,среден
Хасково област,гр. Хасково,Младежки Хълм,3 room,100.0,140866.0,1408.66,1,4,1,0,0,друго,неизвестно,,,1.0,,,,,,,,1,20,среден
Хасково област,гр. Хасково,Тракийски,house,112.0,143000.0,1276.7857142857142,1,3,1,0,0,друго,неизвестно,,,,,,,,,,,1,20,среден
Хасково област,гр. Хасково,Орфей,3 room,121.0,145524.0,1202.6776859504132,5,5,0,1,0,друго,неизвестно,,,,,,,,,,,1,20,среден
Хасково област,гр. Хасково,Център,3 room,122.0,146616.0,1201.7704918032787,1,11,1,0,0,друго,неизвестно,,,,,,,,,,,1,20,среден
Хасково област,гр. Хасково,Дружба,3 room,89.0,148000.0,1662.9213483146068,2,4,0,0,1,друго,неизвестно,,,1.0,,,,,,,,1,20,среден
Хасково област,гр. Хасково,Орфей,other,300.0,150000.0,500.0,2,2,0,1,0,друго,неизвестно,,,,,,,,,,,1,20,среден
Хасково област,гр. Хасково,Орфей,other,300.0,150000.0,500.0,2,2,0,1,0,друго,неизвестно,,,,,,,,,,,1,20,среден
Хасково област,гр. Хасково,Болярово,house,105.0,150000.0,1428.5714285714287,1,3,1,0,0,друго,неизвестно,,,,,,,,,,,1,20,среден
Хасково област,гр. Хасково,Училищни,3 room,126.0,151200.0,1200.0,4,5,0,0,1,друго,неизвестно,,,,,,,,,,,1,20,среден
Хасково област,гр. Хасково,Любен Каравелов,land/plot,355.0,155000.0,436.61971830985914,1,3,1,0,0,друго,неизвестно,,,,,,,,,,,1,20,среден
Хасково област,гр. Хасково,Любен Каравелов,house,100.0,155000.0,1550.0,1,3,1,0,0,друго,неизвестно,,,,,,,,,,,1,20,среден
Хасково област,гр. Хасково,Овчарски,3 room,84.0,165000.0,1964.2857142857142,3,4,0,0,1,друго,неизвестно,,,,,,,,,,,2,10,скорошен
Хасково област,гр. Хасково,Училищни,3 room,110.0,168000.0,1527.2727272727273,3,5,0,0,1,друго,неизвестно,,,,,,,,,,,1,26,среден
Хасково област,гр. Хасково,Овчарски,house,202.0,169000.0,836.6336633663366,1,3,1,0,0,друго,неизвестно,,,1.0,,,,,,,,1,20,среден
Хасково област,гр. Хасково,Куба,other,144.0,178952.0,1242.7222222222222,4,5,0,0,1,друго,неизвестно,,,,,,,,,,,1,20,среден
Хасково област,гр. Хасково,Младежки Хълм,other,113.0,179000.0,1584.070796460177,0,4,0,0,1,друго,неизвестно,,,1.0,,,,,,,,3,20,среден
Хасково област,гр. Хасково,Камени,house,240.0,180000.0,750.0,1,3,1,0,0,друго,неизвестно,,,1.0,,,,,,,,1,20,среден
Хасково област,гр. Хасково,Училищни,house,98.0,180000.0,1836.734693877551,2,3,0,0,1,друго,неизвестно,,,,,,,,,,,1,20,среден
Хасково област,гр. Хасково,Център,3 room,97.0,180000.0,1855.6701030927834,3,3,0,1,0,друго,неизвестно,,,,,,,,1.0,,,1,20,среден
Хасково област,гр. Хасково,Кенана,land/plot,1000.0,200000.0,200.0,1,3,1,0,0,друго,неизвестно,,,,,,,,,,,1,20,среден
Хасково област,гр. Хасково,Македонски,3 room,124.0,205000.0,1653.225806451613,2,5,0,0,1,друго,неизвестно,,,,,1.0,,,,,,1,20,среден
Хасково област,гр. Хасково,Училищни,multi-room,193.0,212300.0,1100.0,5,5,0,1,0,друго,неизвестно,,,,,,,,,,,1,20,среден
Хасково област,гр. Хасково,Болярово,house,583.0,220000.0,377.35849056603774,1,3,1,0,0,друго,неизвестно,,,,,,,,,,,1,20,среден
Хасково област,гр. Хасково,Дружба,other,387.0,220000.0,568.4754521963824,0,3,0,0,1,друго,неизвестно,,,,,,,,,,,1,20,среден
Хасково област,гр. Хасково,Овчарски,house,180.0,225000.0,1250.0,1,3,1,0,0,друго,неизвестно,,,,,,,,,,,1,20,среден
Хасково област,гр. Хасково,Кенана,house,150.0,230000.0,1533.3333333333333,1,3,1,0,0,друго,неизвестно,,,,,,,,,,,1,20,среден
Хасково област,гр. Хасково,Любен Каравелов,multi-room,169.0,235188.0,1391.6449704142012,3,3,0,1,0,друго,неизвестно,,,,,,,,,,,1,20,среден
Хасково област,гр. Хасково,Овчарски,house,144.0,249000.0,1729.1666666666667,1,3,1,0,0,друго,неизвестно,,,,,,,,,,,1,20,среден
Хасково област,гр. Хасково,Камени,multi-room,180.0,250000.0,1388.888888888889,2,2,0,1,0,друго,неизвестно,,,,,,,,,,,1,20,среден
Хасково област,гр. Хасково,Болярово,house,248.0,269500.0,1086.6935483870968,1,3,1,0,0,друго,неизвестно,,,,,,,,,,,1,20,среден
Хасково област,гр. Хасково,Индустриална Зона - Изток,other,360.0,270000.0,750.0,1,3,1,0,0,друго,изток,,,,,,,,,,,1,20,среден
Хасково област,гр. Хасково,Камени,multi-room,305.0,271930.0,891.5737704918033,3,5,0,0,1,друго,неизвестно,,,,,,,,,,,1,20,среден
Хасково област,гр. Хасково,Куба,house,262.0,340600.0,1300.0,1,3,1,0,0,друго,неизвестно,,,,,,,,,,,1,20,среден
Хасково област,гр. Хасково,Младежки Хълм,house,258.0,350000.0,1356.5891472868218,1,3,1,0,0,друго,неизвестно,,,,,,,,,,,1,20,среден
Хасково област,гр. Хасково,Куба,house,262.0,366800.0,1400.0,1,3,1,0,0,друго,неизвестно,,,,,,,,,,,1,20,среден
Хасково област,гр. Хасково,Куба,house,262.0,366800.0,1400.0,1,3,1,0,0,друго,неизвестно,,,,,1.0,,,,,1.0,1,20,среден
Хасково област,гр. Хасково,Дружба,house,290.0,420000.0,1448.2758620689656,1,3,1,0,0,друго,неизвестно,,,,,,,,,,,1,20,среден
Хасково област,гр. Хасково,Център,commercial,180.0,490000.0,2722.222222222222,1,3,1,0,0,друго,неизвестно,,,,,,,,,,,1,20,среден
Хасково област,гр. Хасково,Център,commercial,457.0,590000.0,1291.0284463894968,1,6,1,0,0,друго,неизвестно,,,,,1.0,,,,,,1,20,среден
Хасково област,Хасково област,няма,house,128.0,9000.0,70.3125,1,3,1,0,0,друго,неизвестно,,,,,,,,,,,1,20,среден
Хасково област,гр.Тополовград,Център,house,120.0,12800.0,106.66666666666667,1,3,1,0,0,друго,неизвестно,,,,,,,,,,,1,20,среден
Хасково област,с.Сталево,няма,house,70.0,23000.0,328.57142857142856,1,3,1,0,0,друго,неизвестно,,,,,,,,,,,1,20,среден
Хасково област,с.Сталево,няма,house,68.0,23000.0,338.2352941176471,1,3,1,0,0,друго,неизвестно,,,,,,,,,,,1,20,среден
Хасково област,гр.Свиленград,Център,house,90.0,23000.0,255.55555555555554,1,3,1,0,0,друго,неизвестно,,,,,,,,,,,1,20,среден
Хасково област,с.Бодрово,няма,house,100.0,26500.0,265.0,1,3,1,0,0,друго,неизвестно,,,,,,,,,,,1,20,среден
Хасково област,с.Бодрово,няма,house,100.0,26500.0,265.0,1,3,1,0,0,друго,неизвестно,,,,,,,,,,,1,20,среден
Хасково област,с.Левка,няма,house,120.0,29000.0,241.66666666666666,1,3,1,0,0,друго,неизвестно,,,1.0,,,,,,,,1,20,среден
Хасково област,гр.Димитровград,Център,1 room,33.0,32200.0,975.7575757575758,3,3,0,1,0,друго,неизвестно,,,,,,,,,,,1,20,среден
Хасково област,с.Голямо Асеново,няма,house,100.0,32234.0,322.34,1,3,1,0,0,друго,неизвестно,,,,,,,,,,,1,20,среден
Хасково област,с.Минерални Бани,няма,land/plot,600.0,35000.0,58.333333333333336,1,3,1,0,0,друго,неизвестно,,,,,,,,,,,1,20,среден
Хасково област,гр.Симеоновград,Център,3 room,84.0,35000.0,416.6666666666667,2,4,0,0,1,друго,неизвестно,,,,,,,,,,,1,20,среден
Хасково област,гр.Маджарово,Център,2 room,42.0,36000.0,857.1428571428571,3,3,0,1,0,друго,неизвестно,,,,,,,,,,,1,20,среден
Хасково област,с.Каснаково,няма,house,68.0,39000.0,573.5294117647059,1,3,1,0,0,друго,неизвестно,,,,,,,,,,,1,20,среден
Хасково област,гр.Тополовград,Център,multi-room,170.0,40903.0,240.60588235294117,4,5,0,0,1,друго,неизвестно,,,1.0,,,,,,,,1,20,среден
Хасково област,с.Минерални Бани,няма,land/plot,735.0,44100.0,60.0,1,3,1,0,0,друго,неизвестно,,,,,,,,,,,1,20,среден
Хасково област,гр.Тополовград,Център,house,140.0,44300.0,316.42857142857144,1,3,1,0,0,друго,неизвестно,,,,,,,,,,,1,20,среден
Хасково област,с.Срем,няма,house,60.0,45000.0,750.0,1,3,1,0,0,друго,неизвестно,,,,,,,,,,,1,20,среден
Хасково област,с.Конуш,няма,land/plot,880.0,45000.0,51.13636363636363,1,3,1,0,0,друго,неизвестно,,,,,,,,,,,1,20,среден
Хасково област,с.Студена,няма,house,150.0,45000.0,300.0,1,3,1,0,0,друго,неизвестно,,,,,,,,,,,1,20,среден
Хасково област,гр.Димитровград,Център,1 room,39.0,48000.0,1230.7692307692307,7,8,0,0,1,панел,неизвестно,,,,,,,,,,,1,45,стар
Хасково област,с.Минерални Бани,няма,land/plot,854.0,51240.0,60.0,1,3,1,0,0,друго,неизвестно,,,,,,,,,,,1,20,среден
Хасково област,с.Минерални Бани,няма,1 room,47.0,56808.0,1208.6808510638298,1,6,1,0,0,друго,неизвестно,,,,,,,,,,,1,20,среден
Хасково област,с.Минерални Бани,няма,2 room,58.0,58210.0,1003.6206896551724,1,5,1,0,0,друго,неизвестно,,,,,,,,,,,1,20,среден
Хасково област,с.Мезек,няма,house,100.0,65000.0,650.0,1,3,1,0,0,друго,неизвестно,,,,,,,,,,,1,20,среден
Хасково област,с.Младиново,няма,house,150.0,65000.0,433.3333333333333,1,3,1,0,0,друго,неизвестно,,,,,,,,,,,1,26,среден
Хасково област,с.Минерални Бани,няма,2 room,65.0,65310.0,1004.7692307692307,1,5,1,0,0,друго,неизвестно,,,,,,,,,,,1,20,среден
Хасково област,с.Минерални Бани,няма,2 room,67.0,67290.0,1004.3283582089553,2,5,0,0,1,друго,неизвестно,,,,,,,,,,,1,20,среден
Хасково област,гр.Маджарово,Център,2 room,42.0,69000.0,1642.857142857143,1,3,1,0,0,друго,неизвестно,,,,,1.0,,,,,,1,20,среден
Хасково област,гр.Димитровград,Център,other,123.0,70000.0,569.1056910569106,2,4,0,0,1,друго,неизвестно,,,,,,,,,,,1,20,среден
Хасково област,с.Минерални Бани,няма,2 room,72.0,72070.0,1000.9722222222222,1,5,1,0,0,друго,неизвестно,,,,,,,,,,,1,20,среден
Хасково област,с.Книжовник,няма,house,121.0,75000.0,619.8347107438017,1,3,1,0,0,друго,неизвестно,,,,,,,,,,,1,20,среден
Хасково област,с.Въгларово,няма,house,104.0,75000.0,721.1538461538462,1,3,1,0,0,друго,неизвестно,,,,,,,,,,,1,20,среден
Хасково област,с.Александрово,няма,house,130.0,75000.0,576.9230769230769,1,3,1,0,0,друго,неизвестно,,,,,,,,,,,1,20,среден
Хасково област,гр.Тополовград,Център,other,140.0,80000.0,571.4285714285714,1,3,1,0,0,друго,неизвестно,,,,,,,,,,,1,20,среден
Хасково област,гр.Димитровград,Център,house,120.0,80000.0,666.6666666666666,1,3,1,0,0,друго,неизвестно,,,,,,,,,,,1,20,среден
Хасково област,гр.Димитровград,Център,2 room,68.0,82140.0,1207.9411764705883,1,4,1,0,0,друго,неизвестно,,,,,,,,,,,1,20,среден
Хасково област,гр.Тополовград,Център,other,270.0,84000.0,311.1111111111111,1,2,1,0,0,друго,неизвестно,,,,,,,,,,,1,20,среден
Хасково област,с.Минерални Бани,няма,2 room,71.0,85380.0,1202.5352112676057,1,6,1,0,0,друго,неизвестно,,,,,,,,,,,1,20,среден
Хасково област,гр.Димитровград,Център,2 room,71.0,85524.0,1204.5633802816901,2,4,0,0,1,друго,неизвестно,,,,,,,,,,,1,20,среден
Хасково област,с.Минерални Бани,няма,other,88.0,88620.0,1007.0454545454545,0,5,1,0,0,друго,неизвестно,,,,,,,,,,,1,20,среден
Хасково област,с.Минерални Бани,няма,2 room,88.0,88870.0,1009.8863636363636,2,5,0,0,1,друго,неизвестно,,,,,,,,,,,1,20,среден
Хасково област,с.Минерални Бани,няма,2 room,75.0,90672.0,1208.96,1,6,1,0,0,друго,неизвестно,,,,,,,,,,,1,20,среден
Хасково област,гр.Димитровград,Център,2 room,76.0,91764.0,1207.421052631579,2,4,0,0,1,друго,неизвестно,,,,,,,,,,,1,20,среден
Хасково област,гр.Димитровград,Център,2 room,76.0,91764.0,1207.421052631579,2,4,0,0,1,друго,неизвестно,,,,,,,,,,,1,20,среден
Хасково област,гр.Любимец,Център,house,110.0,100000.0,909.0909090909091,1,3,1,0,0,друго,неизвестно,,,,,,,,,,,1,20,среден
Хасково област,с.Динево,няма,house,100.0,106000.0,1060.0,1,3,1,0,0,друго,неизвестно,,,,,,,,,,,1,20,среден
Хасково област,гр.Димитровград,Център,2 room,90.0,109104.0,1212.2666666666667,2,4,0,0,1,друго,неизвестно,,,,,,,,,,,1,20,среден
Хасково област,гр.Димитровград,Център,3 room,95.0,114660.0,1206.9473684210527,1,4,1,0,0,друго,неизвестно,,,,,,,,,,,1,20,среден
Шумен област,гр. Шумен,Широк център,garage/parking,13.0,8000.0,615.3846153846154,0,3,0,0,1,друго,неизвестно,,,1.0,,,,,,,,1,20,среден
Шумен област,гр. Шумен,Широк център,garage/parking,15.0,20000.0,1333.3333333333333,0,5,0,0,1,друго,неизвестно,,,1.0,,,,,,,,1,20,среден
Шумен област,гр. Шумен,Широк център,garage/parking,13.0,20000.0,1538.4615384615386,0,5,0,0,1,друго,неизвестно,,,1.0,,,,,,,,1,20,среден
Шумен област,гр. Шумен,Широк център,garage/parking,14.0,20500.0,1464.2857142857142,0,3,0,0,1,друго,неизвестно,,,1.0,,,,,,,,1,20,среден
Шумен област,гр. Шумен,Херсон,garage/parking,13.0,21000.0,1615.3846153846155,0,3,0,0,1,друго,неизвестно,,,1.0,,,,,,,,1,20,среден
Шумен област,гр. Шумен,Център,garage/parking,16.0,21500.0,1343.75,1,5,1,0,0,друго,неизвестно,,,1.0,,,,,,,,1,20,среден
Шумен област,гр. Шумен,Център,garage/parking,19.0,23000.0,1210.5263157894738,0,1,0,0,1,друго,неизвестно,,,1.0,,,,,,,,1,20,среден
Шумен област,гр. Шумен,Боян Българанов 2,garage/parking,22.0,24000.0,1090.909090909091,0,3,0,0,1,друго,неизвестно,,,1.0,,,,,,,,1,20,среден
Шумен област,гр. Шумен,Боян Българанов 2,garage/parking,22.0,24500.0,1113.6363636363637,0,1,0,0,1,друго,неизвестно,,,1.0,,,,,,,,1,20,среден
Шумен област,гр. Шумен,Център,garage/parking,18.0,25000.0,1388.888888888889,1,5,1,0,0,друго,неизвестно,,,1.0,,,,,,,,1,20,среден
Шумен област,гр. Шумен,Център,garage/parking,17.0,25000.0,1470.5882352941176,0,1,0,0,1,друго,неизвестно,,,1.0,,,,,,,,1,20,среден
Шумен област,гр. Шумен,Тракия,garage/parking,21.0,26000.0,1238.095238095238,0,3,0,0,1,друго,неизвестно,,,1.0,,,,,,,,1,20,среден
Шумен област,гр. Шумен,Широк център,garage/parking,18.0,26600.0,1477.7777777777778,0,3,0,0,1,друго,неизвестно,,,1.0,,,,,,,,1,20,среден
Шумен област,гр. Шумен,Тракия,other,25.0,27000.0,1080.0,0,3,0,0,1,друго,неизвестно,,,,,,,,,,,1,20,среден
Шумен област,гр. Шумен,Широк център,land/plot,250.0,30678.0,122.712,1,3,1,0,0,друго,неизвестно,,,,,,,,,,,1,20,среден
Шумен област,гр. Шумен,Боян Българанов 2,land/plot,497.0,31700.0,63.78269617706238,1,3,1,0,0,друго,неизвестно,,,,,,,,,,,1,20,среден
Шумен област,гр. Шумен,Тракия,commercial,38.0,32000.0,842.1052631578947,1,1,1,0,0,друго,неизвестно,,,,,,,,,,,1,20,среден
Шумен област,гр. Шумен,Център,other,13.0,32000.0,2461.5384615384614,1,1,1,0,0,друго,неизвестно,,,,,,,,,,,1,20,среден
Шумен област,гр. Шумен,Тракия,1 room,18.0,32000.0,1777.7777777777778,3,5,0,0,1,друго,неизвестно,,,,,,,,,,,1,20,среден
Шумен област,гр. Шумен,Тракия,commercial,32.0,33000.0,1031.25,0,4,1,0,0,друго,неизвестно,,,,,,,,,,,1,20,среден
Шумен област,гр. Шумен,Широк център,land/plot,500.0,33000.0,66.0,1,3,1,0,0,друго,неизвестно,,,,,,,,,,,1,20,среден
Шумен област,гр. Шумен,Дивдядово,land/plot,618.0,35000.0,56.63430420711974,1,3,1,0,0,друго,неизвестно,,,,,,,,,,,2,20,среден
Шумен област,гр. Шумен,Дивдядово,land/plot,618.0,35000.0,56.63430420711974,1,3,1,0,0,друго,неизвестно,,,,,,,,,,,2,20,среден
Шумен област,гр. Шумен,Дивдядово,house,25.0,35739.0,1429.56,1,3,1,0,0,друго,неизвестно,,,,,,,,,,,1,20,среден
Шумен област,гр. Шумен,Дивдядово,villa,58.0,36000.0,620.6896551724138,1,3,1,0,0,друго,неизвестно,,,,,,,,,,,1,20,среден
Шумен област,гр. Шумен,Херсон,commercial,25.0,36000.0,1440.0,0,1,0,0,1,друго,неизвестно,,,,,,,,,,,1,20,среден
Шумен област,гр. Шумен,Център,commercial,25.0,38000.0,1520.0,1,3,1,0,0,друго,неизвестно,,,,,,,,,,,1,20,среден
Шумен област,гр. Шумен,Дивдядово,villa,58.0,38000.0,655.1724137931035,0,2,0,0,1,друго,неизвестно,,,,,,,,,,,1,20,среден
Шумен област,гр. Шумен,Гривица,land/plot,300.0,41000.0,136.66666666666666,1,3,1,0,0,друго,неизвестно,,,,,,,,,,,1,20,среден
Шумен област,гр. Шумен,Широк център,garage/parking,18.0,41000.0,2277.777777777778,1,3,1,0,0,друго,неизвестно,,,1.0,,,,,,,,1,20,среден
Шумен област,гр. Шумен,Дивдядово,land/plot,400.0,41200.0,103.0,1,3,1,0,0,друго,неизвестно,,,,,,,,,,,2,20,среден
Шумен област,гр. Шумен,Еверест,land/plot,340.0,42000.0,123.52941176470588,1,3,1,0,0,друго,неизвестно,,,,,,,,,,,2,20,среден
Шумен област,гр. Шумен,Херсон,house,87.0,43000.0,494.2528735632184,1,3,1,0,0,друго,неизвестно,,,,,,,,,,,1,20,среден
Шумен област,гр. Шумен,в.з. Под манастира,land/plot,820.0,43000.0,52.4390243902439,1,3,1,0,0,друго,неизвестно,,,,,,,,,,,1,20,среден
Шумен област,гр. Шумен,Център,commercial,25.0,45000.0,1800.0,0,1,0,0,1,друго,неизвестно,,,,,,,,,,,2,3,нов
Шумен област,гр. Шумен,Широк център,land/plot,735.0,47000.0,63.945578231292515,1,3,1,0,0,друго,неизвестно,,,,,,,,,,,1,20,среден
Шумен област,гр. Шумен,в.з. Под манастира,villa,16.0,47000.0,2937.5,0,2,0,0,1,друго,неизвестно,,,,,,,,,,,1,20,среден
Шумен област,гр. Шумен,Макак,land/plot,900.0,47500.0,52.77777777777778,1,3,1,0,0,друго,неизвестно,,,,,,,,,,,2,20,среден
Шумен област,гр. Шумен,Тракия,1 room,27.0,48573.0,1799.0,8,14,0,0,1,друго,север,,,,,,,,,,,1,20,среден
Шумен област,гр. Шумен,Дивдядово,land/plot,485.0,50000.0,103.09278350515464,1,3,1,0,0,друго,неизвестно,,,,,,,,,,,1,20,среден
Шумен област,гр. Шумен,Център,commercial,25.0,50000.0,2000.0,0,1,0,0,1,друго,неизвестно,,,,,,,,,,,2,3,нов
Шумен област,гр. Шумен,Еверест,villa,50.0,50000.0,1000.0,0,2,0,0,1,друго,неизвестно,,,,,,,,,,,1,20,среден
Шумен област,гр. Шумен,Дивдядово,land/plot,500.0,50000.0,100.0,1,3,1,0,0,друго,неизвестно,,,,,,,,,,,1,20,среден
Шумен област,гр. Шумен,Център,commercial,25.0,51440.0,2057.6,1,3,1,0,0,друго,неизвестно,,,,,,,,,,,1,20,среден
Шумен област,гр. Шумен,Център,other,50.0,52000.0,1040.0,2,2,0,1,0,друго,неизвестно,,,,,,,,,,,1,20,среден
Шумен област,гр. Шумен,Център,other,21.0,53000.0,2523.809523809524,1,1,1,0,0,друго,неизвестно,,,1.0,,,,,,,,1,20,среден
Шумен област,гр. Шумен,Гривица,land/plot,376.0,53500.0,142.2872340425532,1,3,1,0,0,друго,неизвестно,,,,,,,,,,,1,20,среден
Шумен област,гр. Шумен,Боян Българанов 1,1 room,41.0,53600.0,1307.3170731707316,7,8,0,0,1,друго,неизвестно,,,,,,,,,,,1,20,среден
Шумен област,гр. Шумен,Тракия,garage/parking,37.0,54000.0,1459.4594594594594,0,3,0,0,1,друго,неизвестно,,,1.0,,,,,,,,2,3,нов
Шумен област,гр. Шумен,Лозево,villa,40.0,57000.0,1425.0,0,1,0,0,1,друго,неизвестно,,,,,,,,,,,1,20,среден
Шумен област,гр. Шумен,Боян Българанов 2,2 room,41.0,57428.0,1400.6829268292684,2,2,0,1,0,друго,неизвестно,,,,,,,,,,,1,20,среден
Шумен област,гр. Шумен,Добруджа,2 room,45.0,59990.0,1333.111111111111,3,5,0,0,1,друго,неизвестно,1.0,,,,,,,,,,3,20,среден
Шумен област,гр. Шумен,Добруджа,2 room,45.0,59990.0,1333.111111111111,2,5,0,0,1,друго,неизвестно,,,,,,,,,,,3,20,среден
Шумен област,гр. Шумен,Добруджа,2 room,43.0,59990.0,1395.1162790697674,3,5,0,0,1,друго,неизвестно,1.0,,,,,,,,,,3,20,среден
Шумен област,гр. Шумен,Добруджа,2 room,44.0,59990.0,1363.409090909091,3,5,0,0,1,друго,неизвестно,1.0,,,,,,,,,,3,20,среден
Шумен област,гр. Шумен,Добруджа,2 room,45.0,60000.0,1333.3333333333333,2,5,0,0,1,друго,неизвестно,,,,,,,,,,,1,20,среден
Шумен област,гр. Шумен,Боян Българанов 2,1 room,42.0,60000.0,1428.5714285714287,1,7,1,0,0,друго,неизвестно,,,,,,,,,,,1,20,среден
Шумен област,гр. Шумен,Боян Българанов 1,1 room,41.0,61500.0,1500.0,5,9,0,0,1,друго,неизвестно,,,,,,,,,,,2,3,нов
Шумен област,гр. Шумен,Тракия,1 room,40.0,62000.0,1550.0,7,8,0,0,1,друго,неизвестно,,,,,,,,,,,1,20,среден
Шумен област,гр. Шумен,Тракия,1 room,40.0,62000.0,1550.0,1,8,1,0,0,друго,неизвестно,,,,,,,,,,,1,20,среден
Шумен област,гр. Шумен,Широк център,other,50.0,62500.0,1250.0,0,3,0,0,1,друго,неизвестно,,,,,,,1.0,,1.0,,2,1,нов
Шумен област,гр. Шумен,Добруджа,1 room,47.0,63000.0,1340.4255319148936,2,6,0,0,1,друго,неизвестно,,,,,,,,,,,1,20,среден
Шумен област,гр. Шумен,Боян Българанов 1,villa,20.0,63911.0,3195.55,0,2,0,0,1,друго,неизвестно,,,,,,,,,,,1,20,среден
Шумен област,гр. Шумен,Тракия,1 room,41.0,65000.0,1585.3658536585365,2,8,0,0,1,друго,неизвестно,,,,,,,,,,,1,20,среден
Шумен област,гр. Шумен,Широк център,garage/parking,53.0,66000.0,1245.2830188679245,0,5,0,0,1,друго,неизвестно,,,1.0,,,,,,,,1,20,среден
Шумен област,гр. Шумен,Еверест,2 room,65.0,66470.0,1022.6153846153846,3,8,0,0,1,друго,неизвестно,,,,,,,,,,,1,20,среден
Шумен област,гр. Шумен,Тракия,1 room,42.0,66500.0,1583.3333333333333,5,8,0,0,1,друго,неизвестно,,,,,1.0,,,,,,1,20,среден
Шумен област,гр. Шумен,Боян Българанов 2,1 room,42.0,67000.0,1595.2380952380952,1,7,1,0,0,друго,неизвестно,,,,,,,,,,,1,20,среден
Шумен област,гр. Шумен,Боян Българанов 1,1 room,42.0,67000.0,1595.2380952380952,6,7,0,0,1,панел,неизвестно,,,,,,,,,,,1,45,стар
Шумен област,гр. Шумен,Боян Българанов 2,2 room,62.0,68000.0,1096.774193548387,1,8,1,0,0,друго,неизвестно,,,,,,,,,,,1,20,среден
Шумен област,гр. Шумен,Боян Българанов 2,2 room,65.0,68000.0,1046.1538461538462,1,7,1,0,0,друго,неизвестно,,,,,,,,,,,1,20,среден
Шумен област,гр. Шумен,Гривица,land/plot,242.0,68500.0,283.05785123966945,1,3,1,0,0,друго,неизвестно,,,,,,,,,,,1,20,среден
Шумен област,гр. Шумен,Идустр.зона Тракия,land/plot,1000.0,70000.0,70.0,1,3,1,0,0,друго,неизвестно,,,,,,,,,,,1,20,среден
Шумен област,гр. Шумен,Еверест,villa,60.0,70000.0,1166.6666666666667,1,2,1,0,0,друго,неизвестно,,,,,,,,,,,1,20,среден
Шумен област,гр. Шумен,Център,other,48.0,70000.0,1458.3333333333333,2,2,0,1,0,друго,неизвестно,,,,1.0,,,,,,,1,20,среден
Шумен област,гр. Шумен,Боян Българанов 1,1 room,40.0,70000.0,1750.0,5,7,0,0,1,панел,неизвестно,,,,,1.0,,,,,,1,45,стар
Шумен област,гр. Шумен,Добруджа,1 room,40.0,71000.0,1775.0,1,8,1,0,0,друго,неизвестно,,,,,,,,,,,1,20,среден
Шумен област,гр. Шумен,Дивдядово,land/plot,630.0,72000.0,114.28571428571429,1,3,1,0,0,друго,неизвестно,,,,,,,,,,,1,20,среден
Шумен област,гр. Шумен,Център,other,53.0,72000.0,1358.4905660377358,1,4,1,0,0,друго,юг,,,,,,,,,,,1,20,среден
Шумен област,гр. Шумен,в.з. Топхане,villa,60.0,72000.0,1200.0,0,2,0,0,1,друго,неизвестно,,,,,,,,,,,1,20,среден
Шумен област,гр. Шумен,Тракия,1 room,42.0,73500.0,1750.0,5,8,0,0,1,друго,неизвестно,,,,,,,,,,,1,20,среден
Шумен област,гр. Шумен,Добруджа,1 room,42.0,73600.0,1752.3809523809523,2,2,0,1,0,друго,неизвестно,,,,,,,,,,,1,20,среден
Шумен област,гр. Шумен,Добруджа,1 room,42.0,74000.0,1761.904761904762,2,7,0,0,1,друго,неизвестно,,,,,,,,,,,1,20,среден
Шумен област,гр. Шумен,Болница,1 room,42.0,74500.0,1773.8095238095239,4,7,0,0,1,друго,неизвестно,,,,,,,,,,,1,20,среден
Шумен област,гр. Шумен,Еверест,2 room,62.0,75000.0,1209.6774193548388,8,8,0,1,0,друго,неизвестно,,,,,,,,,,,1,20,среден
Шумен област,гр. Шумен,Добруджа,1 room,40.0,75000.0,1875.0,1,7,1,0,0,друго,неизвестно,,,,,,,,,,,1,20,среден
Шумен област,гр. Шумен,в.з. Под манастира,villa,15.0,75000.0,5000.0,0,1,0,0,1,друго,неизвестно,,,,,,,,,,,1,20,среден
Шумен област,гр. Шумен,Еверест,2 room,62.0,75000.0,1209.6774193548388,8,8,0,1,0,панел,неизвестно,,,,,,,,,,,1,45,стар
Шумен област,гр. Шумен,Болница,2 room,64.0,77000.0,1203.125,6,7,0,0,1,друго,неизвестно,1.0,,,,,,,,,,1,20,среден
Шумен област,гр. Шумен,Арена,land/plot,353.0,77000.0,218.13031161473089,1,3,1,0,0,друго,неизвестно,,,,,,,,,,,1,20,среден
Шумен област,гр. Шумен,Център,other,57.0,77000.0,1350.877192982456,1,4,1,0,0,друго,юг,,,,,,,,,,,1,20,среден
Шумен област,гр. Шумен,Тракия,2 room,64.0,77000.0,1203.125,3,5,0,0,1,друго,неизвестно,,,,,,,,,,,2,3,нов
Шумен област,гр. Шумен,Болница,2 room,64.0,77500.0,1210.9375,6,7,0,0,1,друго,неизвестно,,,,,,,,,,,1,20,среден
Шумен област,гр. Шумен,Център,house,60.0,78000.0,1300.0,2,2,0,1,0,друго,неизвестно,,,,,,,,,,,1,20,среден
Шумен област,гр. Шумен,Дивдядово,house,138.0,78000.0,565.2173913043479,1,3,1,0,0,друго,неизвестно,,,,,,,,,,,1,20,среден
Шумен област,гр. Шумен,Център,house,60.0,78000.0,1300.0,2,2,0,1,0,друго,неизвестно,,,,,,,,,,,1,20,среден
Шумен област,гр. Шумен,Център,1 room,40.0,79000.0,1975.0,4,5,0,0,1,друго,неизвестно,,,,,,,,,,,1,20,среден
Шумен област,гр. Шумен,Център,house,87.0,79250.0,910.919540229885,2,2,0,1,0,друго,неизвестно,,,,,,,,,,,1,20,среден
Шумен област,гр. Шумен,в.з. Под манастира,villa,44.0,79500.0,1806.8181818181818,0,2,0,0,1,друго,неизвестно,,,,,,,,,,,1,20,среден
Шумен област,гр. Шумен,Тракия,2 room,60.0,79500.0,1325.0,3,5,0,0,1,друго,неизвестно,,,,,,,,,,,1,20,среден
Шумен област,гр. Шумен,Добруджа,commercial,54.0,79900.0,1479.6296296296296,0,1,0,0,1,друго,неизвестно,,,,,,,,,,,1,20,среден
Шумен област,гр. Шумен,Тракия,1 room,41.0,80000.0,1951.219512195122,1,8,1,0,0,друго,неизвестно,,,,,,,,,,,1,20,среден
Шумен област,гр. Шумен,Център,1 room,46.0,80000.0,1739.1304347826087,2,6,0,0,1,друго,неизвестно,,,,,,,,,,,1,20,среден
Шумен област,гр. Шумен,Боян Българанов 1,land/plot,800.0,80000.0,100.0,1,3,1,0,0,друго,неизвестно,,,,,,,,,,,1,20,среден
Шумен област,гр. Шумен,Дивдядово,land/plot,627.0,80000.0,127.59170653907496,1,3,1,0,0,друго,неизвестно,,,,,,,,,,,1,20,среден
Шумен област,гр. Шумен,Тракия,1 room,41.0,80000.0,1951.219512195122,1,3,1,0,0,друго,неизвестно,,,,,,,,,,,1,20,среден
Шумен област,гр. Шумен,Тракия,1 room,41.0,80000.0,1951.219512195122,1,8,1,0,0,друго,неизвестно,,,,,,,,,,,1,20,среден
Шумен област,гр. Шумен,Боян Българанов 1,2 room,62.0,81000.0,1306.4516129032259,7,8,0,0,1,друго,неизвестно,,,,,,,,,,,1,20,среден
Шумен област,гр. Шумен,Боян Българанов 1,2 room,62.0,81000.0,1306.4516129032259,7,8,0,0,1,друго,неизвестно,,,,,,,,,,,1,20,среден
Шумен област,гр. Шумен,Боян Българанов 2,2 room,62.0,81370.0,1312.4193548387098,7,8,0,0,1,друго,неизвестно,,,,,,,,,,,1,20,среден
Шумен област,гр. Шумен,Тракия,commercial,58.0,81810.0,1410.5172413793102,0,6,0,0,1,друго,неизвестно,,,,,,,,,,,2,3,нов
Шумен област,гр. Шумен,Тракия,2 room,61.0,82000.0,1344.2622950819673,5,5,0,1,0,друго,неизвестно,,,,,,,,,,,2,3,нов
Шумен област,Шумен област,няма,house,293.0,506880.0,1729.9658703071673,1,3,1,0,0,друго,неизвестно,,,,,,,,,,1.0,1,20,среден
Шумен област,с.Векилски,няма,house,60.0,4500.0,75.0,1,3,1,0,0,друго,неизвестно,,,,,,,,,,,1,20,среден
Шумен област,с.Златар,няма,house,155.0,10000.0,64.51612903225806,1,3,1,0,0,друго,неизвестно,,,,,,,,,,,1,20,среден
Шумен област,с.Златар,няма,house,180.0,10226.0,56.81111111111111,1,3,1,0,0,друго,неизвестно,,,,,,,,,,,1,20,среден
Шумен област,с.Кълново,няма,house,32.0,11200.0,350.0,1,3,1,0,0,друго,неизвестно,,,,,,,,1.0,,,1,20,среден
Шумен област,с.Златар,няма,house,100.0,12782.0,127.82,1,3,1,0,0,друго,неизвестно,,,,,,,,,,,1,20,среден
Шумен област,с.Салманово,няма,house,45.0,13000.0,288.8888888888889,1,3,1,0,0,друго,неизвестно,,,,,,,,,,,1,20,среден
Шумен област,с.Салманово,няма,house,62.0,13000.0,209.67741935483872,1,3,1,0,0,друго,неизвестно,,,,,,,,,,,1,20,среден
Шумен област,с.Черенча,няма,house,75.0,15000.0,200.0,1,3,1,0,0,друго,неизвестно,,,1.0,,,,,,,,1,20,среден
Шумен област,с.Върбак,няма,house,200.0,17000.0,85.0,1,3,1,0,0,друго,неизвестно,,,,,,,,,,,1,20,среден
Шумен област,гр.Смядово,Център,house,50.0,18000.0,360.0,1,3,1,0,0,друго,неизвестно,,,,,,,,,,,1,20,среден
Шумен област,с.Овчарово,няма,house,90.0,18500.0,205.55555555555554,1,3,1,0,0,друго,неизвестно,,,,,,,,,,,1,20,среден
Шумен област,гр.Велики Преслав,Център,commercial,23.0,20000.0,869.5652173913044,0,1,0,0,1,друго,неизвестно,,,,,,,,,,,1,20,среден
Шумен област,с.Веселиново,няма,house,120.0,21000.0,175.0,1,3,1,0,0,друго,неизвестно,,,,,,,,,,,1,20,среден
Шумен област,с.Средня,няма,house,46.0,21000.0,456.5217391304348,1,3,1,0,0,друго,неизвестно,,,,,,,,,,,1,20,среден
Шумен област,с.Златар,няма,house,87.0,22000.0,252.8735632183908,1,3,1,0,0,друго,неизвестно,,,,,,,,,,,1,20,среден
Шумен област,с.Мировци,няма,house,80.0,22000.0,275.0,1,3,1,0,0,друго,неизвестно,,,,,,,,,,,1,20,среден
Шумен област,с.Лиси Връх,няма,house,150.0,25000.0,166.66666666666666,1,3,1,0,0,друго,неизвестно,,,,,,,,,,,3,20,среден
Шумен област,с.Лиси Връх,няма,house,150.0,25000.0,166.66666666666666,1,3,1,0,0,друго,неизвестно,,,,,,,,,,,1,26,среден
Шумен област,с.Ивански,няма,house,60.0,26000.0,433.3333333333333,1,3,1,0,0,друго,неизвестно,,,,,,,,,,,1,20,среден
Шумен област,с.Лозево,няма,land/plot,520.0,27000.0,51.92307692307692,1,3,1,0,0,друго,неизвестно,,,,,,,,,,,2,20,среден
Шумен област,с.Лозево,няма,land/plot,520.0,27000.0,51.92307692307692,1,3,1,0,0,друго,неизвестно,,,,,,,,,,,1,20,среден
Шумен област,гр.Смядово,Център,2 room,37.0,27500.0,743.2432432432432,2,4,0,0,1,друго,неизвестно,,,,,,,,,,,1,20,среден
Шумен област,с.Велино,няма,house,90.0,28118.0,312.4222222222222,1,3,1,0,0,друго,неизвестно,,,,,,,,,,,1,20,среден
Шумен област,с.Осмар,няма,land/plot,470.0,29000.0,61.702127659574465,1,3,1,0,0,друго,неизвестно,,,,,,,,,,,1,20,среден
Шумен област,гр.Велики Преслав,Център,land/plot,545.0,29000.0,53.211009174311926,1,3,1,0,0,друго,неизвестно,,,,,,,,,,,1,20,среден
Шумен област,с.Веселиново,няма,house,145.0,29200.0,201.3793103448276,1,3,1,0,0,друго,неизвестно,,,,,,,,,,,1,20,среден
Шумен област,с.Янково,няма,house,209.0,30000.0,143.54066985645932,1,3,1,0,0,друго,неизвестно,,,,,,,,,,,1,20,среден
Шумен област,с.Радко-Димитриево,няма,land/plot,586.0,30000.0,51.19453924914676,1,3,1,0,0,друго,неизвестно,,,,,,,,,,,2,20,среден
Шумен област,с.Драгоево,няма,house,95.0,30000.0,315.7894736842105,1,3,1,0,0,друго,неизвестно,,,,,,,,,,,1,20,среден
Шумен област,с.Памукчии,няма,house,53.0,30000.0,566.0377358490566,1,3,1,0,0,друго,неизвестно,,,,,,,,,,,1,20,среден
Шумен област,с.Благово,няма,house,135.0,30678.0,227.24444444444444,1,3,1,0,0,друго,неизвестно,,,1.0,,,,,,,,1,20,среден
Шумен област,с.Драгоево,няма,house,100.0,31700.0,317.0,1,3,1,0,0,друго,неизвестно,,,1.0,,,,,,,,1,20,среден
Шумен област,с.Мараш,няма,land/plot,543.0,33000.0,60.773480662983424,1,3,1,0,0,друго,неизвестно,,,,,,,,,,,1,20,среден
Шумен област,с.Дибич,няма,land/plot,680.0,35000.0,51.470588235294116,1,3,1,0,0,друго,неизвестно,,,,,,,,,,,1,20,среден
Шумен област,с.Златар,няма,house,102.0,35000.0,343.1372549019608,1,3,1,0,0,друго,неизвестно,,,,,,,,,,,1,20,среден
Шумен област,с.Новосел,няма,house,140.0,35000.0,250.0,1,3,1,0,0,друго,неизвестно,,,,,,,,,,,1,20,среден
Шумен област,гр.Смядово,Център,2 room,58.0,37000.0,637.9310344827586,3,5,0,0,1,друго,неизвестно,,,,,,,,,,,1,20,среден
Шумен област,с.Драгоево,няма,house,100.0,37000.0,370.0,1,3,1,0,0,друго,неизвестно,,,,,,,,,,,1,20,среден
Шумен област,с.Веселиново,няма,house,92.0,38000.0,413.04347826086956,1,3,1,0,0,друго,неизвестно,,,,,,,,,,,1,20,среден
Шумен област,с.Зайчино Ореше,няма,house,200.0,38000.0,190.0,1,3,1,0,0,друго,неизвестно,,,,,,,,,,,1,20,среден
Шумен област,гр.Каспичан,Център,house,70.0,38347.0,547.8142857142857,1,3,1,0,0,друго,неизвестно,,,,,,,,,,,1,20,среден
Шумен област,с.Салманово,няма,house,120.0,38500.0,320.8333333333333,1,3,1,0,0,друго,неизвестно,,,1.0,,,,,,,,1,20,среден
Шумен област,гр.Плиска,Център,house,94.0,40000.0,425.531914893617,1,3,1,0,0,друго,неизвестно,,,,,,,,,,,1,20,среден
Шумен област,с.Дибич,няма,land/plot,600.0,40000.0,66.66666666666667,1,3,1,0,0,друго,неизвестно,,,,,,,,,,,1,20,среден
Шумен област,с.Ивански,няма,house,84.0,40000.0,476.1904761904762,1,3,1,0,0,друго,неизвестно,,,,,,,,,,,1,20,среден
Шумен област,с.Златна Нива,няма,house,80.0,40000.0,500.0,1,3,1,0,0,друго,неизвестно,,,,,,,,,,,1,20,среден
Шумен област,гр.Смядово,Център,house,72.0,42000.0,583.3333333333334,1,3,1,0,0,друго,неизвестно,,,,,,,,,,,1,20,среден
Шумен област,с.Новосел,няма,house,135.0,42000.0,311.1111111111111,1,3,1,0,0,друго,неизвестно,,,,,,,,,,,1,26,среден
Добрич област,гр. Добрич,Център,1 room,39.0,49000.0,1256.4102564102564,4,4,0,1,0,друго,неизвестно,,,,,,,,,,,1,20,среден
Добрич област,гр. Добрич,Дружба 1,2 room,65.0,63000.0,969.2307692307693,6,7,0,0,1,панел,неизвестно,,,,,1.0,,,,,,1,45,стар
Добрич област,гр. Добрич,Балик,2 room,70.0,68000.0,971.4285714285714,1,6,1,0,0,друго,неизвестно,,,,,,,,,,,1,20,среден
Добрич област,гр. Добрич,Строител,3 room,90.0,73000.0,811.1111111111111,2,6,0,0,1,панел,юг-север-изток-запад,,,,,,,,,,,2,45,стар
Добрич област,гр. Добрич,Център,2 room,45.0,76000.0,1688.888888888889,1,3,1,0,0,друго,неизвестно,,,,,,,,,,,1,20,среден
Добрич област,гр. Добрич,Дружба 3,3 room,90.0,79000.0,877.7777777777778,9,14,0,0,1,друго,неизвестно,,,,,,,,,,,3,20,среден
Добрич област,гр. Добрич,Дружба 3,3 room,97.0,79800.0,822.680412371134,14,14,0,1,0,друго,неизвестно,,,,,,,,,,,1,20,среден
Добрич област,гр. Добрич,Център,house,90.0,85000.0,944.4444444444445,1,3,1,0,0,друго,неизвестно,,,,,,,,,,,1,20,среден
Добрич област,гр. Добрич,Христо Ботев,house,80.0,85000.0,1062.5,1,3,1,0,0,друго,неизвестно,,,1.0,,,,,,,,1,20,среден
Добрич област,гр. Добрич,Център,other,107.0,85000.0,794.392523364486,1,4,1,0,0,друго,неизвестно,,,,,,,,,,,1,20,среден
Добрич област,гр. Добрич,Център,house,100.0,92033.0,920.33,1,3,1,0,0,друго,неизвестно,,,,,,,,,,,1,20,среден
Добрич област,гр. Добрич,Център,house,70.0,99000.0,1414.2857142857142,1,3,1,0,0,друго,неизвестно,,,,,,,,,,,1,20,среден
Добрич област,гр. Добрич,Център,3 room,93.0,100000.0,1075.268817204301,4,4,0,1,0,друго,неизвестно,,,,,,,,,,,1,20,среден
Добрич област,гр. Добрич,Център,2 room,82.0,105000.0,1280.4878048780488,2,6,0,0,1,друго,неизвестно,,,,,,,,,,,1,20,среден
Добрич област,гр. Добрич,Център,3 room,110.0,110000.0,1000.0,5,5,0,1,0,тухла,неизвестно,,,1.0,,,,,,,,1,18,среден
Добрич област,гр. Добрич,Център,3 room,98.0,110000.0,1122.4489795918366,4,6,0,0,1,друго,неизвестно,,,,,,,,,,,1,20,среден
Добрич област,гр. Добрич,Център,other,94.0,110000.0,1170.212765957447,3,5,0,0,1,друго,неизвестно,,,,,,,,,,,1,20,среден
Добрич област,гр. Добрич,Център,3 room,90.0,115000.0,1277.7777777777778,4,5,0,0,1,друго,неизвестно,,,,,,,,,,,1,20,среден
Добрич област,гр. Добрич,Христо Ботев,multi-room,195.0,120000.0,615.3846153846154,2,3,0,0,1,друго,неизвестно,,,,,,,,,,,1,20,среден
Добрич област,гр. Добрич,Център,other,110.0,120000.0,1090.909090909091,2,2,0,1,0,друго,неизвестно,,,,,,,,,,,1,20,среден
Добрич област,гр. Добрич,Център,3 room,109.0,129500.0,1188.073394495413,4,5,0,0,1,друго,неизвестно,,,,,,,1.0,,,,1,1,нов
Добрич област,гр. Добрич,Център,3 room,108.0,129900.0,1202.7777777777778,3,4,0,0,1,друго,неизвестно,1.0,,,,,,,,,,1,3,нов
Добрич област,гр. Добрич,Център,house,140.0,129990.0,928.5,1,3,1,0,0,друго,неизвестно,,,,,,,,,,,1,20,среден
Добрич област,гр. Добрич,Център,other,110.0,135000.0,1227.2727272727273,3,3,0,1,0,друго,неизвестно,,,1.0,,,,,,,,1,20,среден
Добрич област,гр. Добрич,Център,other,116.0,135000.0,1163.7931034482758,5,6,0,0,1,друго,неизвестно,,,1.0,,,,,,,,2,20,среден
Добрич област,гр. Добрич,Център,other,97.0,139000.0,1432.9896907216496,3,5,0,0,1,тухла,неизвестно,,,1.0,,,,,,,,1,18,среден
Добрич област,гр. Добрич,Център,house,185.0,140000.0,756.7567567567568,1,3,1,0,0,друго,неизвестно,,,,,,,,,,,1,20,среден
Добрич област,гр. Добрич,Център,multi-room,107.0,150000.0,1401.8691588785048,3,3,0,1,0,друго,неизвестно,,,,,,,,,,,1,20,среден
Добрич област,гр. Добрич,Център,3 room,94.0,159500.0,1696.8085106382978,2,2,0,1,0,друго,неизвестно,,,,,,,,,,,1,20,среден
Добрич област,гр. Добрич,Добротица,commercial,139.0,160000.0,1151.0791366906474,1,8,1,0,0,друго,неизвестно,,,,,,,,,,,1,20,среден
Добрич област,гр. Добрич,Център,house,468.0,212000.0,452.991452991453,1,3,1,0,0,друго,неизвестно,,,,,,,,,,,1,20,среден
Добрич област,гр. Добрич,Дружба 1,house,120.0,230000.0,1916.6666666666667,1,3,1,0,0,друго,неизвестно,,,,,,,,,,,1,20,среден
Добрич област,гр. Добрич,Център,multi-room,148.0,235000.0,1587.837837837838,3,5,0,0,1,друго,неизвестно,,,1.0,,,,,,,,1,20,среден
Добрич област,гр. Добрич,Център,other,240.0,363000.0,1512.5,1,5,1,0,0,друго,неизвестно,,,,,,,,,,,1,20,среден
Добрич област,гр. Добрич,Център,other,575.0,850000.0,1478.2608695652175,1,5,1,0,0,друго,неизвестно,,,,,,,,,,1.0,1,20,среден
Добрич област,гр. Добрич,Център,other,194.0,1550000.0,7989.690721649485,1,3,1,0,0,друго,неизвестно,,,,,,,,,,,1,20,среден
Добрич област,с.Кранево,няма,1 room,38.0,49900.0,1313.157894736842,2,5,0,0,1,друго,неизвестно,,,,,,,,,,,1,20,среден
Добрич област,с.Дуранкулак,няма,house,136.0,120000.0,882.3529411764706,1,3,1,0,0,друго,неизвестно,,,,,1.0,,,,,,2,3,нов
Добрич област,с.Одринци,няма,house,130.0,135000.0,1038.4615384615386,1,3,1,0,0,друго,неизвестно,,,,,,,,,,,2,12,скорошен
Добрич област,с.Изворово,няма,house,82.0,8500.0,103.65853658536585,1,3,1,0,0,друго,неизвестно,,,,,,,,,,,1,20,среден
Добрич област,Добрич област,няма,house,72.0,15900.0,220.83333333333334,1,3,1,0,0,друго,неизвестно,,,,,,,,,,,1,20,среден
Добрич област,Добрич област,няма,house,135.0,17300.0,128.14814814814815,1,3,1,0,0,друго,неизвестно,,,,,,,,,,,1,20,среден
Добрич област,к.к.Албена,няма,1 room,21.0,20500.0,976.1904761904761,2,3,0,0,1,друго,неизвестно,,,,,1.0,,,,,,1,20,среден
Добрич област,с.Преспа,няма,house,50.0,22000.0,440.0,1,3,1,0,0,друго,неизвестно,,,,,,,,,,,1,20,среден
Добрич област,с.Дъбовик,няма,house,85.0,24000.0,282.3529411764706,1,3,1,0,0,друго,неизвестно,,,,,,,,,,,1,20,среден
Добрич област,с.Видно,няма,house,62.0,25000.0,403.2258064516129,1,3,1,0,0,друго,неизвестно,,,,,,,,1.0,,,1,20,среден
Добрич област,с.Кранево,няма,land/plot,509.0,26900.0,52.848722986247544,1,3,1,0,0,друго,неизвестно,,,,,,,,,,,2,20,среден
Добрич област,Добрич област,няма,house,66.0,27000.0,409.09090909090907,1,3,1,0,0,друго,неизвестно,,,,,,,,,,,1,20,среден
Добрич област,гр.Балчик,Център,commercial,25.0,29000.0,1160.0,1,7,1,0,0,друго,неизвестно,,,,,,,,,,1.0,1,20,среден
Добрич област,с.Житен,няма,house,91.0,29000.0,318.68131868131866,1,3,1,0,0,друго,неизвестно,,,,,,,,,,,1,20,среден
Добрич област,с.Пчелник,няма,house,110.0,30000.0,272.72727272727275,1,3,1,0,0,друго,неизвестно,,,1.0,,,,,,,,1,20,среден
Добрич област,гр.Балчик,Център,land/plot,530.0,30000.0,56.60377358490566,1,3,1,0,0,друго,неизвестно,,,,,,,,,,,1,20,среден
Добрич област,с.Дъбрава,няма,house,102.0,30000.0,294.11764705882354,1,3,1,0,0,друго,неизвестно,,,,,,,,,,,1,20,среден
Добрич област,с.Житен,няма,house,76.0,35000.0,460.5263157894737,1,3,1,0,0,друго,неизвестно,,,,,,,,,,,1,20,среден
Добрич област,гр.Балчик,Център,land/plot,666.0,35000.0,52.552552552552555,1,3,1,0,0,друго,неизвестно,,,,,,,,,,,1,20,среден
Добрич област,с.Езерец,няма,land/plot,420.0,35000.0,83.33333333333333,1,3,1,0,0,друго,неизвестно,,,,,,,,,,,1,20,среден
Добрич област,с.Царичино,няма,land/plot,680.0,35000.0,51.470588235294116,1,3,1,0,0,друго,неизвестно,,,,,,,,,,,1,20,среден
Добрич област,гр.Каварна,Център,house,34.0,35500.0,1044.1176470588234,1,3,1,0,0,друго,неизвестно,,,,,,,,,,,1,20,среден
Добрич област,гр.Балчик,Център,land/plot,700.0,36000.0,51.42857142857143,1,3,1,0,0,друго,неизвестно,,,,,,,,,,,1,20,среден
Добрич област,с.Рогачево,няма,land/plot,480.0,36000.0,75.0,1,3,1,0,0,друго,неизвестно,,,,,,,,,,,1,20,среден
Добрич област,гр.Балчик,Център,land/plot,550.0,37000.0,67.27272727272727,1,3,1,0,0,друго,неизвестно,,,,,,,,,,,1,20,среден
Добрич област,с.Захари-Стояново,няма,house,92.0,39000.0,423.9130434782609,1,3,1,0,0,друго,неизвестно,,,,,,,,,,,1,20,среден
Добрич област,гр.Балчик,Център,land/plot,280.0,39000.0,139.28571428571428,1,3,1,0,0,друго,неизвестно,,,,,,,,,,,1,20,среден
Добрич област,гр.Каварна,Център,commercial,138.0,39500.0,286.231884057971,0,3,0,0,1,друго,неизвестно,,,,,,,,,,,1,20,среден
Добрич област,гр.Каварна,Център,land/plot,578.0,39850.0,68.9446366782007,1,3,1,0,0,друго,неизвестно,,,,,,,,,,,1,20,среден
Добрич област,с.Змеево,няма,house,138.0,40000.0,289.8550724637681,1,3,1,0,0,друго,неизвестно,,,,,,,,,,,1,20,среден
Добрич област,с.Сенокос,няма,house,100.0,40000.0,400.0,1,3,1,0,0,друго,неизвестно,,,,,,,,,,,1,20,среден
Добрич област,с.Кранево,няма,2 room,50.0,40000.0,800.0,5,5,0,1,0,друго,неизвестно,,,,,,,,,,,1,15,среден
Добрич област,гр.Балчик,Център,land/plot,504.0,40000.0,79.36507936507937,1,3,1,0,0,друго,неизвестно,,,,,,,,,,,1,20,среден
Добрич област,с.Кранево,няма,land/plot,524.0,40000.0,76.33587786259542,1,3,1,0,0,друго,неизвестно,,,,,,,,,,,1,20,среден
Добрич област,гр.Балчик,Център,land/plot,377.0,40900.0,108.48806366047745,1,3,1,0,0,друго,неизвестно,,,,,,,,,,,1,20,среден
Добрич област,с.Василево,няма,house,93.0,42200.0,453.76344086021504,1,3,1,0,0,друго,неизвестно,,,,,,,,,,,1,20,среден
Добрич област,гр.Балчик,Център,1 room,40.0,43000.0,1075.0,3,3,0,1,0,друго,неизвестно,,,,,,,,,,,1,20,среден
Добрич област,гр.Балчик,Център,other,32.0,44500.0,1390.625,1,5,1,0,0,друго,неизвестно,,,,,,,,,,,1,20,среден
Добрич област,с.Божаново,няма,house,78.0,44500.0,570.5128205128206,1,3,1,0,0,друго,неизвестно,,,,,,,,,,,1,20,среден
Добрич област,с.Кранево,няма,land/plot,546.0,44900.0,82.23443223443223,1,3,1,0,0,друго,неизвестно,,,,,,,,,,,1,20,среден
Добрич област,с.Кранево,няма,1 room,35.0,44900.0,1282.857142857143,2,4,0,0,1,друго,неизвестно,,,,,1.0,,,,,,1,2,нов
Добрич област,гр.Балчик,Център,land/plot,509.0,45000.0,88.40864440078586,1,3,1,0,0,друго,неизвестно,,,,,,,,,,,1,20,среден
Добрич област,гр.Балчик,Център,2 room,75.0,45000.0,600.0,2,5,0,0,1,друго,неизвестно,1.0,,,,,,,,,,1,20,среден
Добрич област,гр.Балчик,Център,land/plot,270.0,45000.0,166.66666666666666,1,3,1,0,0,друго,неизвестно,,,,,,,,,,,1,20,среден
Добрич област,с.Змеево,няма,house,68.0,45000.0,661.7647058823529,1,3,1,0,0,друго,неизвестно,,,,,,,,,,,1,20,среден
Добрич област,с.Божурец,няма,3 room,100.0,45000.0,450.0,1,3,1,0,0,друго,север,,,,,,,,,,,1,20,среден
Добрич област,гр.Балчик,Център,land/plot,880.0,45000.0,51.13636363636363,1,3,1,0,0,друго,неизвестно,,,,,,,,,,,1,20,среден
Добрич област,с.Стожер,няма,house,49.0,47000.0,959.1836734693877,1,3,1,0,0,друго,неизвестно,,,,,,,,,,,1,20,среден
Добрич област,гр.Балчик,Център,2 room,71.0,49500.0,697.1830985915493,2,5,0,0,1,друго,неизвестно,1.0,,,,,,,,,,1,20,среден
Сливен област,гр. Сливен,Дружба,1 room,40.0,58000.0,1450.0,8,8,0,1,0,панел,неизвестно,,,,,,,,,,,3,45,стар
Сливен област,гр. Сливен,Стадион Хаджи Димитър,house,127.0,105000.0,826.7716535433071,1,3,1,0,0,друго,неизвестно,,,,,,,,,,,1,20,среден
Сливен област,гр. Сливен,Център,house,310.0,175000.0,564.516129032258,1,3,1,0,0,друго,неизвестно,,,,,,,,,,,1,20,среден
Сливен област,гр. Сливен,Ново Село,house,194.0,285000.0,1469.0721649484535,1,3,1,0,0,друго,неизвестно,,,,,,,,,,,1,20,среден
Сливен област,гр. Сливен,Център,house,171.0,570000.0,3333.3333333333335,1,3,1,0,0,друго,неизвестно,,,,,,,,,,,1,20,среден
Сливен област,гр. Сливен,Център,house,922.0,715000.0,775.4880694143167,1,3,1,0,0,друго,неизвестно,,,,,,,,,,1.0,1,20,среден
Сливен област,гр. Сливен,Център,other,800.0,1200000.0,1500.0,1,1,1,0,0,друго,неизвестно,,,,,,,,,,,1,20,среден
Сливен област,гр. Сливен,Център,other,751.0,1913450.0,2547.8695073235685,1,3,1,0,0,друго,неизвестно,,,,,,,,,,,1,20,среден
Сливен област,с.Жеравна,няма,land/plot,557.0,29000.0,52.06463195691203,1,3,1,0,0,друго,неизвестно,,,,,,,,,,,1,20,среден
Сливен област,с.Баня,няма,house,130.0,83000.0,638.4615384615385,1,3,1,0,0,друго,неизвестно,,,,,,,,,,,1,26,среден
Сливен област,с.Катунище,няма,house,80.0,99500.0,1243.75,1,3,1,0,0,друго,неизвестно,,,,,,,,,,,1,20,среден
Сливен област,с.Жеравна,няма,house,96.0,199900.0,2082.2916666666665,1,3,1,0,0,друго,неизвестно,,,,,,,,,,,1,20,среден
Сливен област,с.Жеравна,няма,house,244.0,299900.0,1229.0983606557377,1,3,1,0,0,друго,неизвестно,,,,,,,,,,,1,20,среден
Сливен област,гр.Твърдица,Център,house,518.0,380000.0,733.5907335907336,1,3,1,0,0,друго,неизвестно,,,,,,,,,,,1,20,среден
Сливен област,гр.Твърдица,Център,other,518.0,380000.0,733.5907335907336,0,2,0,0,1,друго,неизвестно,,,,,,,,,,,1,20,среден
Сливен област,гр.Котел,Център,house,225.0,500000.0,2222.222222222222,1,3,1,0,0,друго,неизвестно,,,,,,,,,,,1,20,среден
Сливен област,Сливен област,няма,house,542.0,595000.0,1097.7859778597785,1,3,1,0,0,друго,неизвестно,,,,,,,,,,,1,11,скорошен
Сливен област,с.Крушаре,няма,other,420.0,650000.0,1547.6190476190477,1,3,1,0,0,друго,неизвестно,,,,,1.0,,,,,,1,20,среден
Перник област,гр. Перник,Димова Махала,2 room,61.0,130000.0,2131.1475409836066,6,8,0,0,1,друго,юг-север,,,,,,,,1.0,,,3,20,среден
Перник област,гр. Перник,Ралица,house,85.0,175000.0,2058.823529411765,1,3,1,0,0,друго,неизвестно,,,,,,,,,,,1,20,среден
Перник област,гр. Перник,Каменина,house,152.0,38000.0,250.0,1,3,1,0,0,друго,неизвестно,,,,,,,,1.0,,,1,20,среден
Перник област,гр. Перник,Шумачка махала,house,80.0,50000.0,625.0,1,3,1,0,0,друго,неизвестно,,,,,,,,,,,1,20,среден
Перник област,гр. Перник,Могиличе,2 room,51.0,54000.0,1058.8235294117646,2,2,0,1,0,друго,неизвестно,,,,,,,,,,,1,20,среден
Перник област,гр. Перник,Клепало,house,55.0,55000.0,1000.0,1,2,1,0,0,друго,неизвестно,,,,,,,,,,,1,20,среден
Перник област,гр. Перник,Църква,land/plot,800.0,56000.0,70.0,1,3,1,0,0,друго,неизвестно,,,,,,,,,,,1,20,среден
Перник област,гр. Перник,Изток,house,70.0,69000.0,985.7142857142857,2,2,0,1,0,друго,изток,,,,,,,,,,,1,20,среден
Перник област,гр. Перник,Димова Махала,2 room,57.0,75000.0,1315.7894736842106,3,6,0,0,1,друго,неизвестно,,,,,,,,,,,1,20,среден
Перник област,гр. Перник,Изток,1 room,41.0,77000.0,1878.0487804878048,3,8,0,0,1,панел,изток,,,,,,,,,,,3,45,стар
Перник област,гр. Перник,Могиличе,3 room,72.0,78000.0,1083.3333333333333,0,6,0,0,1,друго,неизвестно,,,,,,,,,,,1,20,среден
Перник област,гр. Перник,Могиличе,2 room,66.0,79900.0,1210.6060606060605,2,8,0,0,1,друго,неизвестно,,,,,,,,,,,1,20,среден
Перник област,гр. Перник,Твърди Ливади,2 room,63.0,79900.0,1268.2539682539682,3,3,0,1,0,друго,неизвестно,,,,,,,,,,,1,20,среден
Перник област,гр. Перник,Димова Махала,2 room,58.0,85000.0,1465.5172413793102,8,8,0,1,0,друго,неизвестно,,,,,,,,,,,1,20,среден
Перник област,гр. Перник,Изток,3 room,71.0,90000.0,1267.605633802817,4,4,0,1,0,друго,изток,,,,,,,,,,,1,20,среден
Перник област,гр. Перник,Могиличе,land/plot,703.0,91400.0,130.01422475106685,1,3,1,0,0,друго,изток,,,,,,,,,,,1,20,среден
Перник област,гр. Перник,Център,3 room,88.0,92000.0,1045.4545454545455,1,8,1,0,0,панел,неизвестно,,,,,,,,,,,1,45,стар
Перник област,гр. Перник,Църква,house,71.0,92900.0,1308.4507042253522,2,2,0,1,0,друго,неизвестно,,,,,,,,,,,1,20,среден
Перник област,гр. Перник,Център,2 room,60.0,100000.0,1666.6666666666667,1,4,1,0,0,друго,неизвестно,,,,,,,,,,,1,20,среден
Перник област,гр. Перник,Изток,3 room,69.0,103000.0,1492.7536231884058,7,8,0,0,1,друго,изток,,,,,,,,,,,1,20,среден
Перник област,гр. Перник,Ладовица,2 room,67.0,105575.0,1575.7462686567164,3,5,0,0,1,друго,неизвестно,,,1.0,,,,,,,,3,20,среден
Перник област,гр. Перник,Изток,3 room,66.0,110000.0,1666.6666666666667,3,8,0,0,1,друго,изток,,,,,,,,,,,1,20,среден
Перник област,гр. Перник,Църква,house,130.0,110000.0,846.1538461538462,1,3,1,0,0,друго,неизвестно,,,,,1.0,,,,,,1,20,среден
Перник област,гр. Перник,Димова Махала,3 room,105.0,110000.0,1047.6190476190477,1,5,1,0,0,друго,неизвестно,,,,,,,,,,,1,58,стар
Перник област,гр. Перник,Църква,house,130.0,111000.0,853.8461538461538,1,3,1,0,0,тухла,неизвестно,,,,,,,,,,,1,66,стар
Перник област,гр. Перник,Хумни Дол,3 room,68.0,119000.0,1750.0,4,7,0,0,1,друго,неизвестно,,,,,,,,,,,1,20,среден
Перник област,гр. Перник,Изток,3 room,88.0,120000.0,1363.6363636363637,8,8,0,1,0,друго,изток,,,,,,,,,,,1,20,среден
Перник област,гр. Перник,Център,3 room,81.0,125000.0,1543.20987654321,2,4,0,0,1,друго,неизвестно,,,,,,,,,,,1,20,среден
Перник област,гр. Перник,Ладовица,3 room,102.0,132095.0,1295.049019607843,3,5,0,0,1,друго,неизвестно,,,1.0,,,,,,,,3,20,среден
Перник област,гр. Перник,Калкас,house,120.0,139000.0,1158.3333333333333,1,3,1,0,0,друго,неизвестно,,,,,,,,,,,1,20,среден
Перник област,гр. Перник,Център,2 room,64.0,140000.0,2187.5,4,5,0,0,1,друго,изток,1.0,,,,,,,,,,2,3,нов
Перник област,гр. Перник,Център,3 room,71.0,149900.0,2111.2676056338028,1,4,1,0,0,друго,неизвестно,,,,,,,,,,1.0,1,20,среден
Перник област,гр. Перник,Църква,house,122.0,150000.0,1229.5081967213114,1,3,1,0,0,друго,неизвестно,,,1.0,,1.0,,,,,,1,20,среден
Перник област,гр. Перник,Изток,other,295.0,150000.0,508.47457627118644,1,3,1,0,0,друго,изток,,,,,,,,,,,1,20,среден
Перник област,гр. Перник,Църква,house,150.0,150000.0,1000.0,1,3,1,0,0,друго,неизвестно,,,,,,,,,,,1,20,среден
Перник област,гр. Перник,Байкушева Махала,house,127.0,155000.0,1220.4724409448818,1,3,1,0,0,друго,неизвестно,,,,,,,,,,,1,20,среден
Перник област,гр. Перник,Център,3 room,100.0,156250.0,1562.5,2,5,0,0,1,друго,неизвестно,,,,,,,1.0,,,,1,1,нов
Перник област,гр. Перник,Кристал,house,120.0,160000.0,1333.3333333333333,1,3,1,0,0,тухла,неизвестно,,,,,,,,,,,1,10,скорошен
Перник област,гр. Перник,Изток,3 room,102.0,166000.0,1627.450980392157,3,3,0,1,0,друго,изток,,,,,,,,,,,1,20,среден
Перник област,гр. Перник,Център,3 room,104.0,168060.0,1615.9615384615386,3,5,0,0,1,друго,неизвестно,,,,,,,1.0,,,,1,1,нов
Перник област,гр. Перник,Ралица,house,85.0,175000.0,2058.823529411765,1,3,1,0,0,друго,неизвестно,,,,,,,,,,,1,20,среден
Перник област,гр. Перник,Могиличе,house,230.0,185000.0,804.3478260869565,1,3,1,0,0,друго,изток,,,,,,,,,,,1,20,среден
Перник област,гр. Перник,Църква,house,120.0,210000.0,1750.0,1,3,1,0,0,друго,неизвестно,,,,,,,,,,,1,20,среден
Перник област,гр. Перник,Църква,house,135.0,210000.0,1555.5555555555557,1,3,1,0,0,друго,неизвестно,,,,,,,,,,,1,20,среден
Перник област,гр. Перник,Център,house,127.0,229900.0,1810.236220472441,1,3,1,0,0,друго,неизвестно,,,,,,,,,,,1,20,среден
Перник област,гр. Перник,Мошино,3 room,117.0,240000.0,2051.2820512820513,4,5,0,0,1,друго,неизвестно,,,,,1.0,,,,,1.0,2,3,нов
Перник област,гр. Перник,Изток,3 room,90.0,250000.0,2777.777777777778,1,8,1,0,0,друго,изток,,,,,,,,,,,1,20,среден
Перник област,гр. Перник,Изток,other,90.0,250000.0,2777.777777777778,1,8,1,0,0,друго,изток,,,,,,,,,,,1,20,среден
Перник област,гр. Перник,Ралица,house,252.0,250000.0,992.063492063492,1,3,1,0,0,друго,неизвестно,,,,,,,,,,,1,20,среден
Перник област,гр. Перник,Център,other,140.0,260000.0,1857.142857142857,1,6,1,0,0,друго,неизвестно,,,,,,,,,,,1,20,среден
Перник област,гр. Перник,Център,house,200.0,275000.0,1375.0,1,3,1,0,0,друго,неизвестно,,,,,,,,,,,1,20,среден
Перник област,гр. Перник,Байкушева Махала,house,247.0,285000.0,1153.8461538461538,1,3,1,0,0,друго,неизвестно,,,,,,,,,,,1,20,среден
Перник област,гр. Перник,Център,land/plot,274.0,300000.0,1094.890510948905,1,3,1,0,0,друго,неизвестно,,,,,,,,,,,2,20,среден
Перник област,гр. Перник,Изток,land/plot,918.0,320000.0,348.5838779956427,1,3,1,0,0,друго,изток,,,,,,,,,,,1,20,среден
Перник област,гр. Перник,Център,commercial,200.0,320000.0,1600.0,1,2,1,0,0,друго,изток,,,,,,,,,,,1,19,среден
Перник област,гр. Перник,Байкушева Махала,house,354.0,424000.0,1197.7401129943503,1,3,1,0,0,друго,неизвестно,,,,,,,,,,,1,20,среден
Перник област,с.Кладница,няма,house,186.0,930000.0,5000.0,1,3,1,0,0,друго,неизвестно,,,,,,,,,,,1,20,среден
Перник област,с.Мещица,няма,house,630.0,1400000.0,2222.222222222222,1,3,1,0,0,друго,неизвестно,,,,,,,,,,,1,20,среден
Перник област,с.Банкя,няма,house,35.0,7500.0,214.28571428571428,1,3,1,0,0,друго,запад,,,,,,,,,,,1,20,среден
Перник област,с.Мурено,няма,house,39.0,8155.0,209.10256410256412,1,3,1,0,0,друго,запад,,,,,,,,,,,1,20,среден
Перник област,с.Проданча,няма,house,80.0,9459.0,118.2375,1,3,1,0,0,друго,север-запад,,,,,,,,,,,1,26,среден
Перник област,с.Глоговица,няма,house,40.0,13000.0,325.0,1,3,1,0,0,друго,запад,,,,,,,,,,,1,20,среден
Перник област,с.Косача,няма,house,50.0,13805.0,276.1,1,3,1,0,0,друго,юг-запад,,,,,,,,,,,1,20,среден
Перник област,с.Банище,няма,house,80.0,15288.0,191.1,1,3,1,0,0,друго,запад,,,,,,,,,,,1,20,среден
Перник област,с.Борнарево,няма,house,22.0,17895.0,813.4090909090909,1,3,1,0,0,друго,неизвестно,,,,,,,,,,,1,20,среден
Перник област,с.Поцърненци,няма,house,55.0,19173.0,348.6,1,3,1,0,0,друго,юг-запад,,,,,,,,,,,1,20,среден
Перник област,с.Жедна,няма,house,42.0,19940.0,474.76190476190476,1,3,1,0,0,друго,неизвестно,,,,,,,,1.0,,,1,58,стар
Перник област,гр.Земен,Център,house,70.0,21000.0,300.0,1,3,1,0,0,друго,неизвестно,,,,,,,,,,,1,26,среден
Перник област,с.Светля,няма,house,70.0,23900.0,341.42857142857144,1,3,1,0,0,друго,неизвестно,,,,,,,,,,,1,20,среден
Перник област,с.Пещера,няма,house,56.0,24031.0,429.125,1,3,1,0,0,друго,неизвестно,,,,,,,,,,,1,20,среден
Перник област,с.Горни Романци,няма,house,50.0,25000.0,500.0,1,3,1,0,0,друго,запад,,,,,,,,,,,1,20,среден
Перник област,с.Бабица,няма,house,84.0,26000.0,309.5238095238095,1,3,1,0,0,друго,запад,,,,,,,,,,,1,20,среден
Перник област,гр.Трън,Център,house,75.0,27000.0,360.0,1,3,1,0,0,друго,неизвестно,,,,,,,,,,,1,20,среден
Перник област,с.Горна Диканя,няма,land/plot,410.0,30000.0,73.17073170731707,1,3,1,0,0,друго,неизвестно,,,,,,,,,,,1,20,среден
Перник област,с.Зелениград,няма,house,75.0,30000.0,400.0,1,3,1,0,0,друго,север-запад,,,,,,,,,,,1,20,среден
Перник област,с.Калище,няма,house,70.0,31700.0,452.85714285714283,1,3,1,0,0,тухла,неизвестно,,,,,,,,,,,2,18,среден
Перник област,с.Егълница,няма,villa,20.0,31700.0,1585.0,1,1,1,0,0,друго,неизвестно,,,,,,,,,,,1,20,среден
Перник област,с.Егълница,няма,house,70.0,34000.0,485.7142857142857,1,3,1,0,0,друго,неизвестно,,,,,,,,,,,1,20,среден
Перник област,Перник област,няма,house,55.0,35000.0,636.3636363636364,1,3,1,0,0,друго,неизвестно,,,,,,,,,,,1,20,среден
Перник област,с.Лобош,няма,house,90.0,35000.0,388.8888888888889,1,3,1,0,0,тухла,юг-запад,,,,,,,,,,,1,18,среден
Перник област,с.Ръжавец,няма,house,131.0,38587.0,294.55725190839695,1,3,1,0,0,друго,неизвестно,,,,,,,,,,,1,20,среден
Перник област,с.Долни Раковец,няма,house,72.0,39881.0,553.9027777777778,1,3,1,0,0,тухла,неизвестно,,,,,,,,,,,1,18,среден
Перник област,с.Николаево,няма,house,50.0,44482.0,889.64,1,3,1,0,0,друго,неизвестно,,,,,,,,,,,1,29,среден
Перник област,гр.Брезник,Център,land/plot,514.0,45000.0,87.54863813229572,1,3,1,0,0,друго,неизвестно,,,,,,,,,,,1,20,среден
Перник област,с.Борнарево,няма,house,100.0,46000.0,460.0,1,3,1,0,0,друго,неизвестно,,,,,,,,,,,1,20,среден
Перник област,с.Гърло,няма,house,63.0,48500.0,769.8412698412699,1,3,1,0,0,друго,север-запад,,,,,,,,,,,1,20,среден
Перник област,с.Ярловци,няма,house,286.0,48900.0,170.979020979021,1,3,1,0,0,друго,неизвестно,,,,,,,,,,,1,26,среден
Перник област,Перник област,няма,house,150.0,50000.0,333.3333333333333,1,3,1,0,0,друго,неизвестно,,,,,,,,,,,1,20,среден
Перник област,с.Гърло,няма,house,62.0,50000.0,806.4516129032259,1,3,1,0,0,друго,запад,,,,,,,,,,,1,20,среден
Перник област,с.Гълъбник,няма,house,60.0,50000.0,833.3333333333334,1,3,1,0,0,друго,неизвестно,,,,,,,,,,,1,20,среден
Перник област,с.Гърло,няма,house,150.0,52000.0,346.6666666666667,1,3,1,0,0,тухла,запад,,,,,,,,,,,1,56,стар
Перник област,с.Борнарево,няма,house,92.0,52000.0,565.2173913043479,1,3,1,0,0,друго,неизвестно,,,,,,,,,,,1,20,среден
Перник област,Перник област,няма,land/plot,990.0,53000.0,53.535353535353536,1,3,1,0,0,друго,неизвестно,,,,,,,,,,,1,20,среден
Перник област,Перник област,няма,house,60.0,53000.0,883.3333333333334,1,3,1,0,0,друго,неизвестно,,,,,,,,,,,1,20,среден
Перник област,с.Глоговица,няма,house,144.0,53900.0,374.30555555555554,1,3,1,0,0,друго,запад,,,,,,,,,,,1,20,среден
Перник област,с.Борнарево,няма,house,82.0,55000.0,670.7317073170732,1,3,1,0,0,друго,неизвестно,,,,,,,,,,,1,20,среден
Перник област,гр.Брезник,Център,house,150.0,55000.0,366.6666666666667,1,3,1,0,0,тухла,запад,,,,,,,,,,,1,10,скорошен
Перник област,с.Поцърненци,няма,house,134.0,55000.0,410.44776119402985,1,3,1,0,0,друго,юг-запад,,,,,,,,,,,1,20,среден
Перник област,с.Филиповци,няма,house,75.0,55900.0,745.3333333333334,1,3,1,0,0,друго,неизвестно,,,,,,,,,,,1,20,среден
Перник област,с.Калище,няма,house,128.0,59000.0,460.9375,1,3,1,0,0,друго,неизвестно,,,,,,,,,,,1,20,среден
Перник област,с.Филиповци,няма,house,120.0,61500.0,512.5,1,3,1,0,0,друго,неизвестно,,,,,,,,,,,1,20,среден
Перник област,с.Ковачевци,няма,house,78.0,63000.0,807.6923076923077,1,3,1,0,0,тухла,юг-запад,,,,,,,,,,,1,18,среден
Перник област,Перник област,няма,land/plot,800.0,64500.0,80.625,1,3,1,0,0,друго,неизвестно,,,,,,,,,,,1,20,среден
Перник област,с.Николаево,няма,house,118.0,65000.0,550.8474576271186,1,3,1,0,0,тухла,неизвестно,,,,,,,,,,,1,13,среден
Перник област,с.Кленовик,няма,house,120.0,66000.0,550.0,1,3,1,0,0,тухла,юг-запад,,,,,,,,,,,1,10,скорошен
Враца област,с.Синьо Бърдо,няма,house,100.0,38000.0,380.0,1,3,1,0,0,друго,неизвестно,,,,,,,,,,,3,20,среден
Враца област,с.Върбешница,няма,house,50.0,23008.0,460.16,1,3,1,0,0,тухла,неизвестно,,,,,,,,,,,1,18,среден
Враца област,с.Върбешница,няма,land/plot,665.0,36000.0,54.13533834586466,1,3,1,0,0,друго,неизвестно,,,,,,,,,,,2,20,среден
Враца област,с.Лиляче,няма,house,60.0,49000.0,816.6666666666666,1,3,1,0,0,тухла,неизвестно,,,1.0,,,,,,,,1,18,среден
Враца област,с.Чирен,няма,house,92.0,51339.0,558.0326086956521,1,1,1,0,0,тухла,неизвестно,,,,,,,,,,,1,18,среден
Враца област,с.Голямо Пещене,няма,house,74.0,55000.0,743.2432432432432,1,3,1,0,0,тухла,неизвестно,,,,,,,,,,,1,10,скорошен
Враца област,с.Руска Бела,няма,house,70.0,63000.0,900.0,1,3,1,0,0,друго,неизвестно,,,,,,,,,,,1,20,среден
Враца област,с.Нефела,няма,commercial,535.0,80000.0,149.53271028037383,1,3,1,0,0,друго,неизвестно,,,,,,,,,,,1,20,среден
Враца област,гр.Мездра,Център,house,121.0,85000.0,702.4793388429752,1,3,1,0,0,друго,неизвестно,,,1.0,,,,,,,,3,20,среден
Враца област,гр.Мездра,Център,house,121.0,85000.0,702.4793388429752,1,3,1,0,0,друго,неизвестно,,,,,,,,,,,1,20,среден
Враца област,Хайредин,няма,2 room,67.0,103600.0,1546.2686567164178,2,4,0,0,1,друго,изток,,,,,,,,,,,1,20,среден
Враца област,Мездра,няма,2 room,73.0,109900.0,1505.4794520547946,6,9,0,0,1,друго,изток,,,,,,,,,,,1,20,среден
Враца област,с.Паволче,няма,house,147.0,118000.0,802.7210884353741,1,3,1,0,0,друго,неизвестно,,,,,,,,,,,1,20,среден
Враца област,Враца,няма,house,106.0,128000.0,1207.5471698113208,1,3,1,0,0,друго,неизвестно,,,1.0,,,,,,,,1,20,среден
Враца област,Мизия,няма,2 room,73.0,145000.0,1986.3013698630136,1,5,1,0,0,друго,изток,,,,,,,,,,,1,20,среден
Враца област,гр.Козлодуй,Център,3 room,100.0,155000.0,1550.0,11,13,0,0,1,друго,неизвестно,,,,,,,,,,,3,20,среден
Враца област,с.Згориград,няма,house,298.0,160000.0,536.9127516778524,1,3,1,0,0,тухла,неизвестно,,,1.0,,,,,,,,1,43,стар
Враца област,Хайредин,няма,2 room,82.0,212000.0,2585.3658536585367,0,9,0,0,1,друго,изток,,,,,,,,,,,1,20,среден
Враца област,с.Згориград,няма,house,113.0,220000.0,1946.9026548672566,1,3,1,0,0,тухла,неизвестно,,,,,,,,,,,1,50,стар
Враца област,гр.Мездра,Център,house,194.0,224999.0,1159.7886597938145,1,3,1,0,0,друго,неизвестно,,,,,,,,,,,1,20,среден
Враца област,с.Челопек,няма,house,149.0,248000.0,1664.4295302013422,1,3,1,0,0,друго,неизвестно,,,,,,,,,,,1,20,среден
Враца област,гр.Бяла Слатина,Център,other,466.0,330000.0,708.1545064377682,0,4,0,0,1,друго,неизвестно,,,,,,,,,,,1,20,среден
Габрово област,гр. Габрово,Трендафил 1,garage/parking,18.0,16361.0,908.9444444444445,1,3,1,0,0,друго,неизвестно,,,1.0,,,1.0,,,,,1,20,среден
Габрово област,гр. Габрово,Дядо Дянко,house,60.0,25565.0,426.0833333333333,2,2,0,1,0,друго,неизвестно,,,,,,,,,,,1,20,среден
Габрово област,гр. Габрово,Център,house,120.0,30000.0,250.0,1,3,1,0,0,друго,неизвестно,,,,,,,,,,,1,20,среден
Габрово област,гр. Габрово,Център,house,70.0,33500.0,478.57142857142856,1,3,1,0,0,друго,неизвестно,,,,,,,,,,,1,20,среден
Габрово област,гр. Габрово,Център,house,82.0,35500.0,432.9268292682927,1,3,1,0,0,друго,неизвестно,,,,,,,,,,,1,20,среден
Габрово област,гр. Габрово,Младост,1 room,38.0,39000.0,1026.3157894736842,7,8,0,0,1,друго,неизвестно,,,,,,,,,,,1,20,среден
Габрово област,гр. Габрово,Дядо Дянко,2 room,66.0,40600.0,615.1515151515151,5,5,0,1,0,друго,неизвестно,,,,,,,,,,,1,20,среден
Габрово област,гр. Габрово,Хаджицонев Мост,house,72.0,43460.0,603.6111111111111,1,2,1,0,0,друго,неизвестно,,,,,,,,,,,1,20,среден
Габрово област,гр. Габрово,Център,other,38.0,47500.0,1250.0,1,4,1,0,0,друго,неизвестно,,,,,,,,,,,1,20,среден
Габрово област,гр. Габрово,Център,3 room,80.0,48573.0,607.1625,2,3,0,0,1,друго,неизвестно,,,,,,,,,,,1,20,среден
Габрово област,гр. Габрово,Център,house,156.0,50000.0,320.5128205128205,1,3,1,0,0,друго,неизвестно,,,,,,,,,,,1,20,среден
Габрово област,гр. Габрово,Дядо Дянко,3 room,87.0,50362.0,578.8735632183908,5,5,0,1,0,друго,неизвестно,,,,,,,,,,,1,20,среден
Габрово област,гр. Габрово,Дядо Дянко,other,700.0,51129.0,73.04142857142857,1,2,1,0,0,друго,неизвестно,,,,,,,,,,,1,20,среден
Габрово област,гр. Габрово,Център,house,130.0,54500.0,419.2307692307692,1,3,1,0,0,друго,неизвестно,,,,,,,,,,,1,20,среден
Габрово област,гр. Габрово,Дядо Дянко,3 room,86.0,61355.0,713.4302325581396,4,12,0,0,1,друго,неизвестно,,,,,,,,,,,1,20,среден
Габрово област,гр. Габрово,Младост,2 room,64.0,61360.0,958.75,6,10,0,0,1,друго,неизвестно,,,,,,,,,,,1,20,среден
Габрово област,гр. Габрово,Бичкиня,3 room,82.0,63000.0,768.2926829268292,4,6,0,0,1,друго,неизвестно,,,,,,,,,,,2,0,нов
Габрово област,гр. Габрово,Етъра,house,64.0,65500.0,1023.4375,1,3,1,0,0,друго,неизвестно,,,,,,,,,,,1,20,среден
Габрово област,гр. Габрово,Център,other,53.0,66250.0,1250.0,1,4,1,0,0,друго,неизвестно,,,,,,,,,,,1,20,среден
Габрово област,гр. Габрово,Център,2 room,59.0,68000.0,1152.542372881356,1,3,1,0,0,друго,неизвестно,,,,,,,,,,,1,20,среден
Габрово област,гр. Габрово,Център,house,108.0,70000.0,648.1481481481482,1,3,1,0,0,друго,неизвестно,,,,,,,,,,,1,20,среден
Габрово област,гр. Габрово,Дядо Дянко,3 room,87.0,72000.0,827.5862068965517,5,5,0,1,0,друго,неизвестно,,,,,,,,,,,1,20,среден
Габрово област,гр. Габрово,Център,house,110.0,72500.0,659.0909090909091,1,2,1,0,0,друго,неизвестно,,,,,,,,,,,1,20,среден
Габрово област,гр. Габрово,Бичкиня,3 room,80.0,78000.0,975.0,1,4,1,0,0,друго,неизвестно,,,,,,,,,,,1,20,среден
Габрово област,гр. Габрово,Бичкиня,house,600.0,79699.0,132.83166666666668,1,3,1,0,0,друго,неизвестно,,,,,,,,,,,1,20,среден
Габрово област,гр. Габрово,Център,house,115.0,80000.0,695.6521739130435,1,3,1,0,0,друго,неизвестно,,,,,,,,,,,1,20,среден
Габрово област,гр. Габрово,Сарани,house,171.0,82000.0,479.53216374269005,1,3,1,0,0,друго,неизвестно,,,,,,,,,,,1,20,среден
Габрово област,гр. Габрово,Център,house,110.0,82000.0,745.4545454545455,1,3,1,0,0,друго,неизвестно,,,,,,,,,,,1,20,среден
Габрово област,гр. Габрово,Център,2 room,81.0,83000.0,1024.6913580246915,3,5,0,0,1,друго,неизвестно,,,,,,,,,,,1,20,среден
Габрово област,гр. Габрово,Център,3 room,76.0,83000.0,1092.1052631578948,3,8,0,0,1,друго,неизвестно,1.0,,,,,,,,,,1,20,среден
Габрово област,гр. Габрово,Златарите,house,165.0,89995.0,545.4242424242424,1,3,1,0,0,друго,неизвестно,,,,,,,,,,,1,20,среден
Габрово област,гр. Габрово,Бичкиня,3 room,68.0,91520.0,1345.8823529411766,5,5,0,1,0,друго,неизвестно,,,,,1.0,,,1.0,,,1,20,среден
Габрово област,гр. Габрово,Център,2 room,60.0,98168.0,1636.1333333333334,1,5,1,0,0,друго,неизвестно,,,,,,,,1.0,,,1,20,среден
Габрово област,гр. Габрово,Център,3 room,75.0,100000.0,1333.3333333333333,3,4,0,0,1,друго,неизвестно,,,,,,,,1.0,,,1,20,среден
Габрово област,гр. Габрово,Център,house,165.0,112500.0,681.8181818181819,1,3,1,0,0,друго,неизвестно,,,,,,,,,,,2,3,нов
Габрово област,гр. Габрово,Център,house,110.0,125000.0,1136.3636363636363,1,3,1,0,0,друго,неизвестно,,,,,,,,,,,1,20,среден
Габрово област,гр. Габрово,Център,3 room,98.0,130000.0,1326.530612244898,4,8,0,0,1,друго,неизвестно,,,,,,,,,,,1,20,среден
Габрово област,гр. Габрово,Хаджицонев Мост,3 room,116.0,133900.0,1154.3103448275863,1,5,1,0,0,друго,неизвестно,,,,,,,,,,,1,20,среден
Габрово област,гр. Габрово,Център,house,200.0,152000.0,760.0,1,3,1,0,0,друго,неизвестно,,,,,,,,,,,1,20,среден
Габрово област,гр. Габрово,Център,3 room,127.0,158750.0,1250.0,3,4,0,0,1,друго,неизвестно,,,,,,,,,,,1,20,среден
Габрово област,гр. Габрово,Център,other,332.0,161500.0,486.4457831325301,1,3,1,0,0,друго,неизвестно,,,,,,,,,,,1,20,среден
Габрово област,гр. Габрово,Център,3 room,150.0,187500.0,1250.0,2,4,0,0,1,друго,неизвестно,,,,,,,,,,,1,20,среден
Габрово област,гр. Габрово,Център,house,425.0,190000.0,447.05882352941177,1,3,1,0,0,друго,неизвестно,,,,,,,,,,,1,20,среден
Габрово област,гр. Габрово,Център,house,154.0,199000.0,1292.2077922077922,1,3,1,0,0,друго,неизвестно,,,,,,,,,,,1,20,среден
Габрово област,гр. Габрово,Център,other,200.0,200000.0,1000.0,1,3,1,0,0,друго,неизвестно,,,,,,,,,,,1,20,среден
Габрово област,гр. Габрово,Център,other,110.0,200000.0,1818.1818181818182,1,3,1,0,0,друго,неизвестно,,,,,,,1.0,,,1.0,1,1,нов
Габрово област,гр. Габрово,Център,other,223.0,200000.0,896.8609865470852,1,1,1,0,0,друго,неизвестно,,,,,,,,,,,1,20,среден
Габрово област,гр. Габрово,Център,house,166.0,205000.0,1234.9397590361446,1,3,1,0,0,друго,неизвестно,,,,,,,,,,,1,20,среден
Габрово област,гр. Габрово,Център,house,166.0,209630.0,1262.8313253012047,1,3,1,0,0,друго,неизвестно,,,,,,,,,,,1,20,среден
Габрово област,гр. Габрово,Център,house,130.0,215000.0,1653.8461538461538,1,3,1,0,0,друго,неизвестно,,,1.0,,,,,,,,1,20,среден
Габрово област,гр. Габрово,Дядо Дянко,house,305.0,240000.0,786.8852459016393,1,3,1,0,0,друго,неизвестно,,,,,,,,,,,1,20,среден
Габрово област,гр. Габрово,Център,house,348.0,240000.0,689.6551724137931,1,3,1,0,0,друго,неизвестно,,,,,,,,,,,2,12,скорошен
Габрово област,гр. Габрово,Център,other,678.0,330000.0,486.72566371681415,1,3,1,0,0,друго,неизвестно,,,,,,,,,,,1,20,среден
Габрово област,гр. Габрово,Център,other,421.0,375000.0,890.7363420427554,1,3,1,0,0,друго,неизвестно,,,,,,,,,,,1,20,среден
Габрово област,гр. Габрово,Трендафил 1,other,125.0,422000.0,3376.0,1,3,1,0,0,друго,неизвестно,,,,,,,,,,,1,20,среден
Габрово област,гр. Габрово,Беленци,house,300.0,500000.0,1666.6666666666667,1,3,1,0,0,друго,неизвестно,,,,,,,,,,,1,20,среден
Габрово област,гр.Севлиево,Център,3 room,82.0,83900.0,1023.170731707317,6,7,0,0,1,друго,неизвестно,,,,,,,,,,,1,20,среден
Габрово област,гр.Дряново,Център,house,80.0,7000.0,87.5,1,3,1,0,0,друго,неизвестно,,,,,,,,,,,1,20,среден
Габрово област,с.Добромирка,няма,house,140.0,7669.0,54.77857142857143,1,3,1,0,0,друго,неизвестно,,,,,,,,,,,1,20,среден
Габрово област,с.Добромирка,няма,house,86.0,8500.0,98.83720930232558,1,3,1,0,0,друго,неизвестно,,,,,,,,,,,1,20,среден
Габрово област,гр.Севлиево,Център,villa,17.0,9000.0,529.4117647058823,1,3,1,0,0,друго,неизвестно,,,,,,,,,,,1,20,среден
Габрово област,гр.Трявна,Център,house,80.0,9300.0,116.25,1,3,1,0,0,друго,неизвестно,,,,,,,,,,,1,20,среден
Габрово област,гр.Севлиево,Център,house,82.0,9500.0,115.85365853658537,1,3,1,0,0,друго,неизвестно,,,,,,,,,,,1,20,среден
Габрово област,гр.Севлиево,Център,house,35.0,9500.0,271.42857142857144,1,3,1,0,0,друго,неизвестно,,,,,,,,,,,1,20,среден
Габрово област,с.Добромирка,няма,house,180.0,9500.0,52.77777777777778,1,3,1,0,0,друго,неизвестно,,,,,,,,,,,1,20,среден
Габрово област,Габрово област,няма,house,150.0,10000.0,66.66666666666667,1,3,1,0,0,друго,изток-запад,,,,,,,,,,,1,20,среден
Габрово област,с.Агатово,няма,house,80.0,10226.0,127.825,1,3,1,0,0,друго,неизвестно,,,,,,,,,,,1,20,среден
Габрово област,с.Иванковци,няма,house,40.0,11250.0,281.25,1,3,1,0,0,друго,неизвестно,,,,,,,,,,,1,20,среден
Габрово област,гр.Трявна,Център,house,100.0,11500.0,115.0,1,3,1,0,0,друго,неизвестно,,,,,,,,,,,1,20,среден
Габрово област,гр.Севлиево,Център,house,23.0,12000.0,521.7391304347826,1,3,1,0,0,друго,неизвестно,,,,,,,,,,,1,20,среден
Габрово област,с.Царева Ливада,няма,house,85.0,12200.0,143.52941176470588,1,2,1,0,0,друго,неизвестно,,,,,,,,,,,1,20,среден
Габрово област,Габрово област,няма,house,130.0,12750.0,98.07692307692308,1,3,1,0,0,друго,неизвестно,,,,,,,,,,,1,20,среден
Габрово област,с.Агатово,няма,house,100.0,13000.0,130.0,1,3,1,0,0,друго,неизвестно,,,,,,,,,,,1,20,среден
Габрово област,с.Буря,няма,house,80.0,13000.0,162.5,1,3,1,0,0,друго,неизвестно,,,,,,,,,,,1,20,среден
Габрово област,Габрово област,няма,house,100.0,14000.0,140.0,1,3,1,0,0,друго,неизвестно,,,,,,,,,,,1,20,среден
Габрово област,гр.Севлиево,Център,house,108.0,14316.0,132.55555555555554,1,3,1,0,0,друго,неизвестно,,,,,,,,,,,1,20,среден
Габрово област,с.Дамяново,няма,house,72.0,14800.0,205.55555555555554,1,3,1,0,0,друго,неизвестно,,,,,,,,,,,1,20,среден
Габрово област,Габрово област,няма,house,186.0,15000.0,80.64516129032258,1,3,1,0,0,друго,неизвестно,,,,,,,,,,,1,20,среден
Габрово област,Габрово област,няма,house,120.0,15500.0,129.16666666666666,1,3,1,0,0,друго,неизвестно,,,,,,,,,,,1,20,среден
Габрово област,гр.Трявна,Център,house,100.0,16500.0,165.0,1,3,1,0,0,друго,неизвестно,,,,,,,,,,,1,20,среден
Габрово област,гр.Дряново,Център,house,60.0,17500.0,291.6666666666667,1,3,1,0,0,друго,неизвестно,,,,,,,,,,,1,20,среден
Габрово област,с.Денчевци,няма,house,80.0,18000.0,225.0,1,3,1,0,0,друго,юг-запад,,,,,,,,,,,1,20,среден
Габрово област,с.Дамяново,няма,house,65.0,18000.0,276.9230769230769,1,3,1,0,0,друго,неизвестно,,,,,,,,,,,1,20,среден
Габрово област,с.Градище,няма,house,85.0,19000.0,223.52941176470588,1,3,1,0,0,друго,неизвестно,,,,,,,,,,,1,20,среден
Габрово област,гр.Севлиево,Център,house,96.0,19500.0,203.125,1,3,1,0,0,друго,неизвестно,,,,,,,,,,,1,20,среден
Габрово област,гр.Дряново,Център,house,80.0,19500.0,243.75,1,2,1,0,0,друго,неизвестно,,,,,,,,,,,1,20,среден
Габрово област,гр.Севлиево,Център,house,166.0,19500.0,117.46987951807229,1,3,1,0,0,друго,неизвестно,,,,,,,,,,,1,20,среден
Габрово област,с.Добромирка,няма,house,130.0,20000.0,153.84615384615384,1,3,1,0,0,друго,неизвестно,,,,,,,,,,,1,20,среден
Габрово област,с.Добромирка,няма,house,93.0,20000.0,215.05376344086022,1,3,1,0,0,друго,неизвестно,,,,,,,,,,,1,20,среден
Габрово област,с.Градище,няма,house,80.0,20452.0,255.65,1,3,1,0,0,друго,неизвестно,,,,,,,,,,,1,20,среден
Габрово област,с.Боазът,няма,house,154.0,20452.0,132.80519480519482,1,3,1,0,0,друго,неизвестно,,,,,,,,,,,1,20,среден
Габрово област,гр.Дряново,Център,house,220.0,21000.0,95.45454545454545,1,3,1,0,0,друго,неизвестно,,,,,,,,,,,1,20,среден
Габрово област,с.Соколово,няма,house,60.0,21986.0,366.43333333333334,1,3,1,0,0,друго,неизвестно,,,,,,,,,,,1,20,среден
Габрово област,с.Хирево,няма,house,100.0,22000.0,220.0,1,3,1,0,0,друго,неизвестно,,,,,,,,,,,1,20,среден
Габрово област,гр.Севлиево,Център,villa,50.0,22000.0,440.0,1,1,1,0,0,друго,неизвестно,,,,,,,,1.0,,,1,20,среден
Габрово област,с.Боазът,няма,house,100.0,22000.0,220.0,1,3,1,0,0,друго,неизвестно,,,,,,,,,,,1,20,среден
Габрово област,с.Гайкини,няма,house,80.0,22000.0,275.0,1,3,1,0,0,друго,неизвестно,,,,,,,,,,,1,20,среден
Габрово област,гр.Дряново,Център,villa,75.0,22000.0,293.3333333333333,1,2,1,0,0,друго,неизвестно,,,,,,,,,,,1,20,среден
Габрово област,с.Радевци,няма,house,120.0,22000.0,183.33333333333334,1,3,1,0,0,друго,неизвестно,,,,,,,,,,,1,20,среден
Габрово област,гр.Севлиево,Център,other,39.0,23400.0,600.0,1,5,1,0,0,друго,неизвестно,,,,,,,,,,,1,20,среден
Габрово област,с.Велковци,няма,house,120.0,23500.0,195.83333333333334,1,3,1,0,0,друго,неизвестно,,,,,,,,,,,1,20,среден
Габрово област,гр.Севлиево,Център,house,184.0,23500.0,127.71739130434783,1,3,1,0,0,друго,неизвестно,,,,,,,,,,,1,20,среден
Габрово област,Габрово област,няма,house,130.0,24000.0,184.6153846153846,1,3,1,0,0,друго,неизвестно,,,,,,,,,,,1,20,среден
Габрово област,с.Дамяново,няма,house,160.0,24000.0,150.0,1,3,1,0,0,друго,неизвестно,,,,,,,,,,,1,20,среден
Габрово област,гр.Севлиево,Център,house,120.0,24000.0,200.0,1,3,1,0,0,друго,неизвестно,,,,,,,,,,,1,20,среден
Ловеч област,гр. Ловеч,Вароша,house,123.0,100000.0,813.0081300813008,1,3,1,0,0,друго,неизвестно,,,,,,,,,,,3,20,среден
Ловеч област,гр. Ловеч,Център,house,150.0,11000.0,73.33333333333333,1,3,1,0,0,друго,неизвестно,,,,,,,,,,,1,20,среден
Ловеч област,гр. Ловеч,Център,house,37.0,13000.0,351.35135135135135,1,3,1,0,0,друго,неизвестно,,,,,,,,,,,1,20,среден
Ловеч област,гр. Ловеч,Център,house,192.0,14000.0,72.91666666666667,1,3,1,0,0,друго,север,,,,,,,,,,,1,20,среден
Ловеч област,гр. Ловеч,Вароша,house,82.0,14900.0,181.70731707317074,1,2,1,0,0,друго,неизвестно,,,,,,,,,,,1,20,среден
Ловеч област,гр. Ловеч,Център,house,120.0,15500.0,129.16666666666666,1,3,1,0,0,друго,неизвестно,,,,,,,,,,,1,20,среден
Ловеч област,гр. Ловеч,Център,other,59.0,50150.0,850.0,1,4,1,0,0,друго,неизвестно,,,,,,,,,,,1,20,среден
Ловеч област,гр. Ловеч,Център,other,72.0,63750.0,885.4166666666666,1,4,1,0,0,друго,неизвестно,,,,,,,,,,,1,20,среден
Ловеч област,гр. Ловеч,Младост,2 room,65.0,80000.0,1230.7692307692307,8,8,0,1,0,друго,неизвестно,,,,,,,,,,,1,20,среден
Ловеч област,гр. Ловеч,Червен Бряг,2 room,72.0,80000.0,1111.111111111111,1,3,1,0,0,друго,неизвестно,,,,,,,,,,,1,20,среден
Ловеч област,гр. Ловеч,Червен Бряг,2 room,62.0,85000.0,1370.967741935484,4,8,0,0,1,друго,неизвестно,,,,,,,,,,,1,20,среден
Ловеч област,гр. Ловеч,Център,3 room,76.0,85000.0,1118.421052631579,2,8,0,0,1,друго,неизвестно,,,,,,,,,,,1,20,среден
Ловеч област,гр. Ловеч,Вароша,house,120.0,85000.0,708.3333333333334,1,3,1,0,0,друго,неизвестно,,,,,,,,,,,1,20,среден
Ловеч област,гр. Ловеч,Център,house,92.0,89500.0,972.8260869565217,1,3,1,0,0,друго,неизвестно,,,,,,,,,,,1,20,среден
Ловеч област,гр. Ловеч,Център,commercial,750.0,106000.0,141.33333333333334,1,1,1,0,0,друго,неизвестно,,,,,,,,,,,1,20,среден
Ловеч област,гр. Ловеч,Център,3 room,92.0,110000.0,1195.6521739130435,3,3,0,1,0,друго,неизвестно,,,,,,,,,,,1,20,среден
Ловеч област,гр. Ловеч,Център,other,131.0,111350.0,850.0,1,4,1,0,0,друго,неизвестно,,,,,,,,,,,1,20,среден
Ловеч област,гр. Ловеч,Център,3 room,89.0,130000.0,1460.6741573033707,2,2,0,1,0,друго,неизвестно,,,,,,,,,,,1,20,среден
Ловеч област,гр. Ловеч,Център,multi-room,120.0,142000.0,1183.3333333333333,4,4,0,1,0,друго,неизвестно,,,,,,,,,,,1,20,среден
Ловеч област,гр. Ловеч,Център,house,132.0,180000.0,1363.6363636363637,1,3,1,0,0,друго,неизвестно,,,,,,,,,,,1,20,среден
Ловеч област,гр. Ловеч,Гозница,house,258.0,315000.0,1220.9302325581396,1,3,1,0,0,друго,неизвестно,,,,,,,,,,,1,20,среден
Ловеч област,с.Голяма Желязна,няма,house,110.0,51150.0,465.0,1,3,1,0,0,друго,неизвестно,,,,,,,,,,,1,20,среден
Ловеч област,с.Голяма Желязна,няма,house,172.0,102300.0,594.7674418604652,1,3,1,0,0,друго,неизвестно,,,,,,,,,,,1,20,среден
Ловеч област,гр.Априлци,Център,house,240.0,14000.0,58.333333333333336,1,3,1,0,0,друго,неизвестно,,,,,,,,,,,1,20,среден
Ловеч област,с.Горно Павликене,няма,house,72.0,20000.0,277.77777777777777,1,3,1,0,0,друго,неизвестно,,,,,,,,,,,1,20,среден
Ловеч област,с.Ъглен,няма,house,230.0,20452.0,88.92173913043479,1,3,1,0,0,друго,неизвестно,,,,,,,,,,,1,20,среден
Ловеч област,с.Голям Извор,няма,house,90.0,21474.0,238.6,1,3,1,0,0,друго,неизвестно,,,,,,,,,,,1,20,среден
Ловеч област,Ловеч област,няма,house,124.0,21500.0,173.38709677419354,1,3,1,0,0,друго,неизвестно,,,,,,,,,,,1,20,среден
Ловеч област,с.Горско Сливово,няма,villa,100.0,22000.0,220.0,1,2,1,0,0,друго,неизвестно,,,,,,,,,,,1,20,среден
Ловеч област,гр.Априлци,Център,house,116.0,22500.0,193.9655172413793,1,3,1,0,0,друго,неизвестно,,,,,,,,,,,1,20,среден
Ловеч област,Ловеч област,няма,house,110.0,22900.0,208.1818181818182,1,3,1,0,0,друго,неизвестно,,,,,,,,,,,1,20,среден
Ловеч област,Ловеч област,няма,house,106.0,24500.0,231.1320754716981,1,3,1,0,0,друго,неизвестно,,,,,,,,,,,1,20,среден
Ловеч област,гр.Троян,Център,house,82.0,25000.0,304.8780487804878,1,3,1,0,0,друго,неизвестно,,,,,,,,,,,1,20,среден
Ловеч област,с.Рибарица,няма,house,88.0,26500.0,301.1363636363636,1,3,1,0,0,друго,неизвестно,,,,,,,,,,,1,20,среден
Ловеч област,с.Терзийско,няма,house,110.0,27000.0,245.45454545454547,1,3,1,0,0,друго,неизвестно,,,,,,,,,,,1,20,среден
Ловеч област,с.Борима,няма,house,200.0,27300.0,136.5,1,3,1,0,0,друго,неизвестно,,,,,,,,,,,1,20,среден
Ловеч област,гр.Априлци,Център,house,137.0,28000.0,204.37956204379563,1,3,1,0,0,друго,неизвестно,,,,,,,,,,,1,20,среден
Ловеч област,с.Батулци,няма,house,100.0,29500.0,295.0,1,3,1,0,0,друго,неизвестно,,,,,,,,,,,1,20,среден
Ловеч област,с.Черни Вит,няма,house,154.0,30000.0,194.80519480519482,1,3,1,0,0,друго,неизвестно,,,,,,,,,,,1,20,среден
Ловеч област,гр.Троян,Център,house,134.0,32000.0,238.80597014925374,1,3,1,0,0,друго,неизвестно,,,,,,,,,,,1,20,среден
Ловеч област,гр.Троян,Център,house,234.0,32500.0,138.88888888888889,1,3,1,0,0,друго,неизвестно,,,,,,,,,,,1,20,среден
Ловеч област,с.Чифлик,няма,house,52.0,32500.0,625.0,1,3,1,0,0,друго,неизвестно,,,,,,,,,,,1,20,среден
Ловеч област,гр.Априлци,Център,house,82.0,33000.0,402.4390243902439,1,3,1,0,0,друго,неизвестно,,,,,,,,,,,1,20,среден
Ловеч област,гр.Троян,Център,house,100.0,33500.0,335.0,1,3,1,0,0,друго,неизвестно,,,,,,,,,,,1,20,среден
Ловеч област,гр.Троян,Център,house,100.0,33900.0,339.0,1,3,1,0,0,друго,неизвестно,,,,,,,,,,,1,20,среден
Ловеч област,гр.Летница,Център,house,43.0,33995.0,790.5813953488372,1,3,1,0,0,друго,неизвестно,,,,,,,,,,,1,20,среден
Ловеч област,с.Борима,няма,house,112.0,34900.0,311.60714285714283,1,3,1,0,0,друго,север,,,,,,,,,,,1,20,среден
Ловеч област,гр.Априлци,Център,house,120.0,35000.0,291.6666666666667,1,3,1,0,0,друго,неизвестно,,,,,,,,,,,1,20,среден
Ловеч област,с.Смочан,няма,house,293.0,35000.0,119.45392491467577,1,3,1,0,0,друго,неизвестно,,,,,,,,,,,3,20,среден
Ловеч област,с.Дебнево,няма,house,109.0,35000.0,321.10091743119267,1,3,1,0,0,друго,неизвестно,,,,,,,,,,,1,20,среден
Ловеч област,с.Голяма Брестница,няма,house,120.0,38500.0,320.8333333333333,1,3,1,0,0,друго,неизвестно,,,,,,,,,,,1,20,среден
Ловеч област,с.Абланица,няма,house,120.0,40000.0,333.3333333333333,1,3,1,0,0,друго,неизвестно,,,,,,,,,,,1,20,среден
Ловеч област,с.Сопот,няма,house,61.0,43500.0,713.1147540983607,1,3,1,0,0,друго,неизвестно,,,,,,,,,,,1,20,среден
Ловеч област,с.Черни Вит,няма,house,117.0,44000.0,376.0683760683761,1,3,1,0,0,друго,неизвестно,,,,,,,,,,,1,20,среден
Ловеч област,гр.Априлци,Център,house,160.0,44500.0,278.125,1,3,1,0,0,друго,неизвестно,,,,,,,,,,,1,20,среден
Ловеч област,гр.Ябланица,Център,house,150.0,46000.0,306.6666666666667,1,3,1,0,0,друго,неизвестно,,,,,,,,,,,1,20,среден
Ловеч област,с.Рибарица,няма,land/plot,870.0,48000.0,55.172413793103445,1,3,1,0,0,друго,неизвестно,,,,,,,,,,,1,20,среден
Ловеч област,Ловеч област,няма,house,136.0,49900.0,366.9117647058824,1,3,1,0,0,друго,неизвестно,,,,,,,,,,,1,20,среден
Ловеч област,Ловеч област,няма,house,91.0,50000.0,549.4505494505495,1,3,1,0,0,друго,неизвестно,,,,,,,,,,,1,20,среден
Ловеч област,с.Рибарица,няма,house,126.0,50000.0,396.8253968253968,1,3,1,0,0,друго,неизвестно,,,,,,,,,,,1,20,среден
Ловеч област,с.Балабанско,няма,house,134.0,50000.0,373.13432835820896,1,3,1,0,0,друго,неизвестно,,,,,,,,,,,1,20,среден
Ловеч област,с.Старо Село,няма,house,168.0,54000.0,321.42857142857144,1,3,1,0,0,друго,неизвестно,,,,,,,,,,,1,20,среден
Ловеч област,гр.Троян,Център,house,80.0,56500.0,706.25,1,3,1,0,0,друго,неизвестно,,,,,,,,,,,1,20,среден
Ловеч област,с.Голяма Брестница,няма,house,90.0,57000.0,633.3333333333334,1,3,1,0,0,друго,неизвестно,,,,,,,,,,,1,20,среден
Ловеч област,гр.Априлци,Център,house,122.0,59500.0,487.7049180327869,1,3,1,0,0,друго,неизвестно,,,,,,,,,,,1,20,среден
Ловеч област,гр.Априлци,Център,house,122.0,60000.0,491.8032786885246,1,3,1,0,0,друго,неизвестно,,,,,,,,,,,1,20,среден
Ловеч област,с.Торос,няма,house,328.0,60000.0,182.9268292682927,1,3,1,0,0,друго,неизвестно,,,,,,,,,,,1,20,среден
Ловеч област,гр.Тетевен,Център,house,113.0,60000.0,530.9734513274336,1,3,1,0,0,друго,неизвестно,,,,,,,,,,,1,20,среден
Ловеч област,Ловеч област,няма,house,84.0,62500.0,744.047619047619,1,3,1,0,0,друго,неизвестно,,,1.0,,,,,,,,1,20,среден
Ловеч област,Ловеч област,няма,house,122.0,62900.0,515.5737704918033,1,3,1,0,0,друго,неизвестно,,,,,,,,,,,1,20,среден
Монтана област,гр. Монтана,Център,land/plot,450.0,33270.0,73.93333333333334,1,3,1,0,0,друго,неизвестно,,,,,,,,,,,1,20,среден
Монтана област,с.Доктор-Йосифово,няма,house,120.0,12500.0,104.16666666666667,1,3,1,0,0,друго,неизвестно,,,,,,,,,,,1,20,среден
Монтана област,с.Сумер,няма,villa,30.0,12782.0,426.06666666666666,1,2,1,0,0,друго,неизвестно,,,,,,,,,,,1,20,среден
Монтана област,с.Долна Рикса,няма,house,96.0,15500.0,161.45833333333334,1,3,1,0,0,тухла,неизвестно,,,,,,,,,,,1,18,среден
Монтана област,с.Сталийска Махала,няма,house,50.0,16500.0,330.0,1,3,1,0,0,друго,неизвестно,,,,,,,,,,,1,20,среден
Монтана област,гр.Вършец,Център,house,74.0,25565.0,345.47297297297297,1,3,1,0,0,друго,неизвестно,,,,,,,,,,,1,20,среден
Монтана област,гр.Лом,Център,house,90.0,26000.0,288.8888888888889,1,3,1,0,0,друго,неизвестно,,,,,,,,,,,1,20,среден
Монтана област,с.Горно Озирово,няма,house,86.0,30000.0,348.83720930232556,1,3,1,0,0,тухла,неизвестно,,,,,,,,,,,1,18,среден
Монтана област,Монтана област,няма,house,172.0,35000.0,203.48837209302326,1,3,1,0,0,друго,неизвестно,,,,,,,,,,,1,20,среден
Монтана област,с.Горно Озирово,няма,house,140.0,51129.0,365.20714285714286,1,3,1,0,0,тухла,неизвестно,,,,,,,,,,,1,10,скорошен
Монтана област,Монтана област,няма,house,120.0,57000.0,475.0,1,3,1,0,0,друго,неизвестно,,,,,,,,,,,1,20,среден
Монтана област,с.Белимел,няма,house,155.0,65000.0,419.35483870967744,1,3,1,0,0,друго,неизвестно,,,,,,,,,,,1,20,среден
Монтана област,гр.Вършец,Център,house,115.0,85000.0,739.1304347826087,2,2,0,1,0,друго,неизвестно,,,,,,,,,,,1,20,среден
Монтана област,гр.Берковица,Център,house,100.0,98000.0,980.0,1,1,1,0,0,друго,неизвестно,,,,,,,,,,,3,20,среден
Монтана област,гр.Лом,Център,other,112.0,110000.0,982.1428571428571,1,4,1,0,0,друго,неизвестно,,,1.0,,,,,,,,3,20,среден
Монтана област,с.Котеновци,няма,house,160.0,150000.0,937.5,1,3,1,0,0,друго,неизвестно,,,,,,,,,,,1,20,среден
Монтана област,гр.Вършец,Център,house,202.0,160000.0,792.0792079207921,1,3,1,0,0,друго,неизвестно,,,,,,,,,,,1,20,среден
Разград област,гр. Разград,Орел,2 room,56.0,65000.0,1160.7142857142858,7,7,0,1,0,друго,неизвестно,,,,,,,,,,,3,20,среден
Разград област,гр. Разград,Индустриална Зона,1 room,38.0,65000.0,1710.5263157894738,2,2,0,1,0,друго,неизвестно,,,,,,,,,,,1,20,среден
Разград област,гр. Разград,Орел,2 room,64.0,76693.0,1198.328125,4,4,0,1,0,друго,неизвестно,,,,,,,,,,,1,20,среден
Разград област,гр. Разград,Център,house,120.0,90000.0,750.0,1,3,1,0,0,друго,неизвестно,,,,,,,,,,,2,20,среден
Разград област,гр. Разград,Център,2 room,86.0,113000.0,1313.953488372093,3,3,0,1,0,друго,неизвестно,,,,,,,,,,,1,20,среден
Разград област,гр. Разград,Център,house,128.0,230081.0,1797.5078125,2,2,0,1,0,друго,неизвестно,,,,,,,,,,,1,20,среден
Силистра област,гр. Силистра,Изток,commercial,31.0,17895.0,577.258064516129,1,3,1,0,0,друго,изток,,,,,,,,,,,1,20,среден
Силистра област,гр. Силистра,Изток,3 room,120.0,78000.0,650.0,2,4,0,0,1,друго,изток,,,,,,,,,,,1,47,стар
Силистра област,гр. Силистра,Юг,3 room,70.0,117000.0,1671.4285714285713,11,11,0,1,0,друго,юг,,,,,,,,,,,1,20,среден
Силистра област,с.Попкралево,няма,house,70.0,12000.0,171.42857142857142,1,3,1,0,0,друго,неизвестно,,,,,,,,1.0,,,3,20,среден
Силистра област,гр.Тутракан,Център,house,54.0,27000.0,500.0,1,3,1,0,0,друго,неизвестно,,,,,,,,,,,1,20,среден
Силистра област,с.Попкралево,няма,house,70.0,32000.0,457.14285714285717,1,3,1,0,0,друго,неизвестно,,,,,,,,,,,3,20,среден
Смолян област,гр. Смолян,Стар Център,land/plot,150.0,10000.0,66.66666666666667,1,3,1,0,0,друго,неизвестно,,,,,,,,,,,2,20,среден
Смолян област,гр. Смолян,Център,land/plot,464.0,33350.0,71.875,1,3,1,0,0,друго,неизвестно,,,,,,,,,,,1,5,скорошен
Смолян област,гр. Смолян,Смолян,house,160.0,79000.0,493.75,1,3,1,0,0,друго,неизвестно,,,,,,,,,,,1,20,среден
Смолян област,гр. Смолян,в.з. Смолян,2 room,54.0,93000.0,1722.2222222222222,3,3,0,1,0,друго,неизвестно,,,,,,,,,,,1,20,среден
Смолян област,гр. Смолян,Център,3 room,65.0,96100.0,1478.4615384615386,1,4,1,0,0,друго,неизвестно,,,,,,,,,,,1,20,среден
Смолян област,гр. Смолян,Устово,3 room,65.0,97000.0,1492.3076923076924,4,4,0,1,0,друго,неизвестно,,,,,,,,,,,1,20,среден
Смолян област,гр. Смолян,Устово,commercial,250.0,123000.0,492.0,2,2,0,1,0,друго,неизвестно,,,,,,,,,,,1,20,среден
Смолян област,гр. Смолян,Западни райони,house,95.0,190000.0,2000.0,1,3,1,0,0,друго,запад,,,,,,,,,,,1,20,среден
Смолян област,гр. Смолян,Център,other,229.0,206000.0,899.5633187772926,1,4,1,0,0,друго,неизвестно,,,,,,,,,,,1,20,среден
Смолян област,гр. Смолян,Западни райони,house,178.0,290000.0,1629.2134831460673,1,3,1,0,0,друго,запад,,,,,,,,,,,1,20,среден
Смолян област,гр. Смолян,Център,house,800.0,500000.0,625.0,1,3,1,0,0,друго,неизвестно,,,,,,,,,,,2,19,среден
Смолян област,гр. Смолян,Стар Център,other,658.0,850000.0,1291.793313069909,1,2,1,0,0,друго,неизвестно,,,,,,,,,,,1,20,среден
Смолян област,с.Киселчово,няма,house,304.0,985000.0,3240.1315789473683,1,3,1,0,0,друго,неизвестно,,,,,,,,,,1.0,1,20,среден
Смолян област,с.Стърница,няма,house,160.0,13350.0,83.4375,1,3,1,0,0,друго,неизвестно,,,,,,,,,,,1,20,среден
Смолян област,с.Виево,няма,house,138.0,14500.0,105.07246376811594,1,3,1,0,0,друго,неизвестно,,,,,,,,,,,1,20,среден
Смолян област,гр.Чепеларе,Център,land/plot,373.0,26500.0,71.0455764075067,1,3,1,0,0,друго,север,,,,,,,,,,,1,20,среден
Смолян област,с.Давидково,няма,house,400.0,30000.0,75.0,1,3,1,0,0,друго,неизвестно,,,,,,,,,,,1,20,среден
Смолян област,К.К.Пампорово,няма,1 room,27.0,32760.0,1213.3333333333333,1,5,1,0,0,друго,неизвестно,,,,,,,,,,,1,3,нов
Смолян област,К.К.Пампорово,няма,1 room,34.0,36000.0,1058.8235294117646,1,5,1,0,0,друго,неизвестно,,,,,1.0,,,,,,1,20,среден
Смолян област,гр.Девин (Настан),Център,house,281.0,39500.0,140.5693950177936,1,3,1,0,0,друго,неизвестно,,,,,,,,,,,1,20,среден
Смолян област,К.К.Пампорово,няма,1 room,36.0,43000.0,1194.4444444444443,1,1,1,0,0,друго,неизвестно,,,,,,,,,,,1,20,среден
Смолян област,с.Забърдо,няма,house,360.0,43000.0,119.44444444444444,1,3,1,0,0,друго,неизвестно,,,,,,,,,,,1,20,среден
Смолян област,с.Забърдо,няма,house,360.0,43000.0,119.44444444444444,1,3,1,0,0,друго,неизвестно,,,,,,,,,,,1,20,среден
Смолян област,К.К.Пампорово,няма,1 room,45.0,43000.0,955.5555555555555,1,5,1,0,0,друго,неизвестно,,,,,1.0,,,,,1.0,1,20,среден
Смолян област,гр.Чепеларе,Център,house,120.0,44000.0,366.6666666666667,3,3,0,1,0,друго,неизвестно,,,,,,,,,,,1,20,среден
Смолян област,с.Арда,няма,commercial,130.0,44000.0,338.46153846153845,1,3,1,0,0,друго,неизвестно,,,,,,,,,,,1,20,среден
Смолян област,с.Лясково,няма,house,210.0,45000.0,214.28571428571428,1,3,1,0,0,друго,север,,,,,,,,,,,1,20,среден
Смолян област,К.К.Пампорово,няма,2 room,51.0,45000.0,882.3529411764706,1,5,1,0,0,друго,неизвестно,,,,,,,,,,,1,20,среден
Смолян област,с.Кутела,няма,house,90.0,49500.0,550.0,1,3,1,0,0,друго,неизвестно,,,,,,,,,,,1,20,среден
Смолян област,К.К.Пампорово,няма,3 room,78.0,50000.0,641.025641025641,4,4,0,1,0,друго,неизвестно,,,,,,,,,,,1,20,среден
Смолян област,К.К.Пампорово,няма,2 room,69.0,50000.0,724.6376811594203,4,4,0,1,0,друго,неизвестно,,,,,,,,,,,1,20,среден
Смолян област,К.К.Пампорово,няма,1 room,47.0,50296.0,1070.127659574468,1,6,1,0,0,друго,неизвестно,,,,,,,,,,,1,3,нов
Смолян област,К.К.Пампорово,няма,2 room,70.0,52500.0,750.0,1,6,1,0,0,друго,неизвестно,,,,,,,,,,,1,20,среден
Смолян област,К.К.Пампорово,няма,1 room,52.0,53000.0,1019.2307692307693,3,3,0,1,0,друго,неизвестно,,,,,,,,,,,1,20,среден
Смолян област,К.К.Пампорово,няма,2 room,69.0,55000.0,797.1014492753624,3,3,0,1,0,друго,неизвестно,,,,,,,,,,,1,20,среден
Смолян област,К.К.Пампорово,няма,other,80.0,55990.0,699.875,1,5,1,0,0,друго,неизвестно,,,,,,,,,,,1,20,среден
Смолян област,К.К.Пампорово,няма,2 room,80.0,56000.0,700.0,1,5,1,0,0,друго,неизвестно,,,,,,,,,,,1,20,среден
Смолян област,К.К.Пампорово,няма,2 room,85.0,57000.0,670.5882352941177,1,5,1,0,0,друго,неизвестно,,,,,,,,,,,1,20,среден
Смолян област,К.К.Пампорово,няма,1 room,47.0,57013.0,1213.0425531914893,1,6,1,0,0,друго,неизвестно,,,,,,,,,,,1,3,нов
Смолян област,К.К.Пампорово,няма,2 room,70.0,58000.0,828.5714285714286,1,5,1,0,0,друго,неизвестно,,,,,1.0,,,,,,1,20,среден
Смолян област,К.К.Пампорово,няма,2 room,88.0,60000.0,681.8181818181819,2,2,0,1,0,друго,неизвестно,,,,,,,,,,,1,20,среден
Смолян област,с.Забърдо,няма,house,260.0,62000.0,238.46153846153845,1,3,1,0,0,друго,неизвестно,,,,,,,,,,,1,20,среден
Смолян област,К.К.Пампорово,няма,2 room,61.0,62000.0,1016.3934426229508,6,6,0,1,0,друго,неизвестно,,,,,,,,,,,1,20,среден
Смолян област,с.Стойките,няма,2 room,62.0,65000.0,1048.3870967741937,3,3,0,1,0,друго,неизвестно,,,,,,,,,,,1,20,среден
Смолян област,К.К.Пампорово,няма,3 room,84.0,65000.0,773.8095238095239,1,5,1,0,0,друго,неизвестно,,,,,1.0,,,,,,1,20,среден
Смолян област,с.Стойките,няма,3 room,96.0,65000.0,677.0833333333334,2,2,0,1,0,друго,неизвестно,,,,,,,,,,,1,20,среден
Смолян област,К.К.Пампорово,няма,2 room,87.0,69000.0,793.1034482758621,1,4,1,0,0,друго,неизвестно,,,,,1.0,,,,,,1,20,среден
Смолян област,с.Баните,няма,house,162.0,70000.0,432.0987654320988,1,3,1,0,0,друго,неизвестно,,,,,,,,,,,1,20,среден
Смолян област,К.К.Пампорово,няма,2 room,62.0,71400.0,1151.6129032258063,1,5,1,0,0,друго,неизвестно,,,,,,,,,,,1,3,нов
Смолян област,К.К.Пампорово,няма,commercial,29.0,73000.0,2517.2413793103447,1,1,1,0,0,друго,неизвестно,,,,,,,,,,,1,20,среден
Смолян област,К.К.Пампорово,няма,3 room,101.0,77000.0,762.3762376237623,1,5,1,0,0,друго,неизвестно,,,,,1.0,,,,,,1,20,среден
Смолян област,с.Борино,няма,house,166.0,80000.0,481.9277108433735,1,3,1,0,0,друго,неизвестно,,,,,,,,,,,1,20,среден
Смолян област,К.К.Пампорово,няма,1 room,41.0,82500.0,2012.1951219512196,1,6,1,0,0,друго,неизвестно,,,,,,,,,,,1,20,среден
Смолян област,с.Стойките,няма,3 room,105.0,82500.0,785.7142857142857,1,3,1,0,0,друго,неизвестно,,,,,,,,,,,1,20,среден
Смолян област,К.К.Пампорово,няма,2 room,67.0,90000.0,1343.2835820895523,1,4,1,0,0,друго,неизвестно,,,,,1.0,,,,,,1,20,среден
Смолян област,К.К.Пампорово,няма,2 room,89.0,91000.0,1022.4719101123595,1,6,1,0,0,друго,неизвестно,,,,,1.0,,,,,,1,20,среден
Смолян област,К.К.Пампорово,няма,2 room,77.0,93050.0,1208.4415584415585,1,6,1,0,0,друго,неизвестно,,,,,,,,,,,1,3,нов
Смолян област,К.К.Пампорово,няма,2 room,89.0,94999.0,1067.4044943820224,6,6,0,1,0,друго,неизвестно,,,1.0,,1.0,,,,,,1,20,среден
Смолян област,К.К.Пампорово,няма,2 room,85.0,98000.0,1152.9411764705883,1,4,1,0,0,друго,неизвестно,,,,,1.0,,,,,,1,20,среден
Смолян област,с.Павелско,няма,house,160.0,99000.0,618.75,1,3,1,0,0,друго,неизвестно,,,,,,,,,,,1,20,среден
Смолян област,К.К.Пампорово,няма,3 room,84.0,101017.0,1202.5833333333333,1,6,1,0,0,друго,неизвестно,,,,,,,,,,,1,3,нов
Ямбол област,гр. Ямбол,Промишлена Зона,house,23.0,12000.0,521.7391304347826,1,3,1,0,0,друго,неизвестно,,,,,,,,,,,1,20,среден
Ямбол област,гр. Ямбол,Аврен,garage/parking,34.0,19000.0,558.8235294117648,1,3,1,0,0,друго,неизвестно,,,1.0,,,,,,,,1,2,нов
Ямбол област,гр. Ямбол,Център,commercial,29.0,30000.0,1034.4827586206898,2,5,0,0,1,друго,неизвестно,1.0,,,,,,,,,,1,20,среден
Ямбол област,гр. Ямбол,Златен Рог,1 room,23.0,31000.0,1347.8260869565217,2,2,0,1,0,друго,неизвестно,,,,,,,,,,,1,20,среден
Ямбол област,гр. Ямбол,Георги Бенковски,1 room,40.0,31700.0,792.5,2,2,0,1,0,друго,неизвестно,,,,,,,,,,,1,20,среден
Ямбол област,гр. Ямбол,Център,commercial,14.0,35088.0,2506.285714285714,0,5,0,0,1,друго,неизвестно,,,,,,,,,,,1,20,среден
Ямбол област,гр. Ямбол,Каргон,house,50.0,39900.0,798.0,1,3,1,0,0,друго,неизвестно,,,,,,,,,,,1,20,среден
Ямбол област,гр. Ямбол,Център,land/plot,128.0,40000.0,312.5,1,3,1,0,0,друго,неизвестно,,,,,,,,,,,1,20,среден
Ямбол област,гр. Ямбол,Георги Бенковски,2 room,66.0,43500.0,659.0909090909091,4,4,0,1,0,друго,неизвестно,,,,,,,,,,,1,20,среден
Ямбол област,гр. Ямбол,Георги Бенковски,2 room,60.0,45000.0,750.0,6,6,0,1,0,друго,север-изток,1.0,,,,,,,,,,1,20,среден
Ямбол област,гр. Ямбол,Център,commercial,19.0,45744.0,2407.5789473684213,0,5,0,0,1,друго,неизвестно,,,,,,,,,,,1,20,среден
Ямбол област,гр. Ямбол,Аврен,garage/parking,65.0,46000.0,707.6923076923077,1,3,1,0,0,друго,неизвестно,,,1.0,,,,,,,,1,20,среден
Ямбол област,гр. Ямбол,Хале,2 room,56.0,52900.0,944.6428571428571,11,11,0,1,0,друго,неизвестно,,,,,,,,,,,1,20,среден
Ямбол област,гр. Ямбол,Граф Игнатиев,2 room,40.0,56500.0,1412.5,7,8,0,0,1,друго,неизвестно,1.0,,,,,,,,,,1,20,среден
Ямбол област,гр. Ямбол,Каргон,house,72.0,58000.0,805.5555555555555,1,3,1,0,0,друго,неизвестно,,,,,,,,,,,1,20,среден
Ямбол област,гр. Ямбол,Център,house,60.0,59000.0,983.3333333333334,1,3,1,0,0,друго,неизвестно,,,1.0,,,,,,,,1,20,среден
Ямбол област,гр. Ямбол,Център,1 room,43.0,61355.0,1426.860465116279,5,5,0,1,0,друго,неизвестно,,,,,,,,,,,1,20,среден
Ямбол област,гр. Ямбол,Център,commercial,21.0,64620.0,3077.1428571428573,0,5,0,0,1,друго,неизвестно,,,,,,,,,,,1,20,среден
Ямбол област,гр. Ямбол,Център,1 room,44.0,65000.0,1477.2727272727273,2,2,0,1,0,друго,неизвестно,,,,,,,,,,,1,20,среден
Ямбол област,гр. Ямбол,Изток,house,76.0,69000.0,907.8947368421053,1,3,1,0,0,друго,изток,,,,,,,,,,,1,20,среден
Ямбол област,гр. Ямбол,Каргон,land/plot,241.0,69000.0,286.3070539419087,1,3,1,0,0,друго,неизвестно,,,,,,,,,,,2,20,среден
Ямбол област,гр. Ямбол,Георги Бенковски,3 room,78.0,75000.0,961.5384615384615,8,8,0,1,0,друго,неизвестно,,,,,,,,,,,1,20,среден
Ямбол област,гр. Ямбол,Георги Бенковски,3 room,87.0,75000.0,862.0689655172414,8,8,0,1,0,друго,неизвестно,,,,,,,,,,,1,20,среден
Ямбол област,гр. Ямбол,Златен Рог,2 room,67.0,78000.0,1164.1791044776119,1,3,1,0,0,друго,неизвестно,,,,,,,,,,,1,20,среден
Ямбол област,гр. Ямбол,Златен Рог,2 room,58.0,78300.0,1350.0,9,9,0,1,0,друго,неизвестно,,,,,,,,,,,1,20,среден
Ямбол област,гр. Ямбол,Център,house,93.0,79000.0,849.4623655913979,1,3,1,0,0,друго,неизвестно,,,,,,,,,,,1,20,среден
Ямбол област,гр. Ямбол,Аврен,2 room,69.0,82000.0,1188.4057971014493,2,2,0,1,0,друго,неизвестно,,,,,,,1.0,,,,1,3,нов
Ямбол област,гр. Ямбол,Диана,2 room,62.0,82000.0,1322.5806451612902,4,4,0,1,0,друго,неизвестно,,,,,,,,,,,1,20,среден
Ямбол област,гр. Ямбол,Център,2 room,57.0,84000.0,1473.6842105263158,1,3,1,0,0,друго,неизвестно,,,,,,,,,,,1,20,среден
Ямбол област,гр. Ямбол,Възраждане,house,100.0,85000.0,850.0,1,3,1,0,0,друго,неизвестно,,,,,,,,,,,2,3,нов
Ямбол област,гр. Ямбол,Център,2 room,66.0,85000.0,1287.878787878788,4,4,0,1,0,друго,неизвестно,,,,,,,,,,,1,20,среден
Ямбол област,гр. Ямбол,Георги Бенковски,3 room,78.0,87000.0,1115.3846153846155,5,5,0,1,0,друго,неизвестно,,,,,,,,,,,1,20,среден
Ямбол област,гр. Ямбол,Възраждане,2 room,65.0,90000.0,1384.6153846153845,1,3,1,0,0,друго,неизвестно,,,1.0,,,,,,,,1,20,среден
Ямбол област,гр. Ямбол,Център,house,127.0,90000.0,708.6614173228346,1,3,1,0,0,друго,неизвестно,,,,,,,,,,,1,20,среден
Ямбол област,гр. Ямбол,Георги Бенковски,3 room,83.0,90000.0,1084.3373493975903,1,3,1,0,0,друго,неизвестно,,,,,,,,,,,1,20,среден
Ямбол област,гр. Ямбол,Георги Бенковски,3 room,83.0,91608.0,1103.710843373494,2,6,0,0,1,друго,неизвестно,,,,,,,,,,,2,3,нов
Ямбол област,гр. Ямбол,Изток,2 room,63.0,92000.0,1460.3174603174602,6,6,0,1,0,друго,изток,,,,,,,,,,,1,20,среден
Ямбол област,гр. Ямбол,Граф Игнатиев,2 room,61.0,95000.0,1557.377049180328,3,3,0,1,0,друго,изток-запад,,,,,,,,,,,1,20,среден
Ямбол област,гр. Ямбол,Георги Бенковски,3 room,87.0,96745.0,1112.0114942528735,2,6,0,0,1,друго,неизвестно,,,,,,,,,,,2,3,нов
Ямбол област,гр. Ямбол,Каргон,house,176.0,97500.0,553.9772727272727,2,3,1,0,0,друго,неизвестно,,,1.0,,,,,,,,1,20,среден
Ямбол област,гр. Ямбол,Център,2 room,57.0,100000.0,1754.3859649122808,3,5,0,0,1,друго,юг-север,,,,,,,,,,,1,20,среден
Ямбол област,гр. Ямбол,Център,commercial,75.0,100000.0,1333.3333333333333,1,5,1,0,0,друго,неизвестно,,,,,,,,,,,1,20,среден
Ямбол област,гр. Ямбол,Аврен,3 room,110.0,102300.0,930.0,1,3,1,0,0,друго,неизвестно,,,,,,,,,,,1,20,среден
Ямбол област,гр. Ямбол,Георги Бенковски,3 room,93.0,102333.0,1100.3548387096773,2,5,0,0,1,друго,неизвестно,,,,,,,,,,,2,3,нов
Ямбол област,гр. Ямбол,Център,other,99.0,103000.0,1040.4040404040404,2,2,0,1,0,друго,неизвестно,,,,,,,,,,,1,20,среден
Ямбол област,гр. Ямбол,Център,house,85.0,105000.0,1235.2941176470588,1,3,1,0,0,друго,неизвестно,,,,,,,,,,,1,20,среден
Ямбол област,гр. Ямбол,Аврен,3 room,88.0,107000.0,1215.909090909091,5,6,0,1,0,друго,неизвестно,1.0,,,,,,1.0,,,,1,3,нов
Ямбол област,гр. Ямбол,Хале,2 room,71.0,110000.0,1549.2957746478874,6,6,0,1,0,панел,неизвестно,,,,,,,,1.0,,,1,45,стар
Ямбол област,гр. Ямбол,Център,house,107.0,115000.0,1074.766355140187,1,3,1,0,0,друго,неизвестно,,,,,,,,,,,1,20,среден
Ямбол област,гр. Ямбол,Златен Рог,2 room,62.0,120000.0,1935.483870967742,6,6,0,1,0,друго,неизвестно,,,,,,,,,,,1,20,среден
Ямбол област,гр. Ямбол,Център,2 room,56.0,123000.0,2196.4285714285716,4,5,0,0,1,друго,неизвестно,,,,,,,,,,,1,20,среден
Ямбол област,гр. Ямбол,Каргон,house,99.0,127000.0,1282.828282828283,2,2,0,1,0,друго,неизвестно,,,1.0,,,,,,,,1,20,среден
Ямбол област,гр. Ямбол,Граф Игнатиев,house,65.0,129999.0,1999.9846153846154,1,3,1,0,0,друго,неизвестно,,,,,,,,,,,1,20,среден
Ямбол област,гр. Ямбол,Център,2 room,53.0,130000.0,2452.830188679245,3,3,0,1,0,друго,неизвестно,,,,,,,,,,,1,20,среден
Ямбол област,гр. Ямбол,Център,house,87.0,132000.0,1517.2413793103449,1,2,1,0,0,друго,неизвестно,,,,,,,,,,,1,20,среден
Ямбол област,гр. Ямбол,Център,3 room,110.0,132444.0,1204.0363636363636,4,5,0,0,1,друго,юг-север,,,,,,,,,,,2,3,нов
Ямбол област,гр. Ямбол,Център,3 room,110.0,132444.0,1204.0363636363636,3,5,0,0,1,друго,юг-север,,,,,,,,,,,1,20,среден
Ямбол област,гр. Ямбол,Владимир Заимов,house,90.0,140000.0,1555.5555555555557,1,2,1,0,0,друго,неизвестно,,,,,,,,,,,1,20,среден
Ямбол област,гр. Ямбол,Център,other,79.0,145000.0,1835.4430379746836,1,3,1,0,0,друго,неизвестно,,,,,,,,,,,1,20,среден
Ямбол област,гр. Ямбол,Център,multi-room,68.0,145000.0,2132.3529411764707,3,4,0,0,1,друго,неизвестно,,,,,1.0,,,1.0,,1.0,1,20,среден
Ямбол област,гр. Ямбол,Център,other,93.0,145000.0,1559.1397849462367,1,2,1,0,0,друго,неизвестно,,,,,,,,,,,1,20,среден
Ямбол област,гр. Ямбол,Център,3 room,122.0,146520.0,1200.983606557377,3,5,0,0,1,друго,юг-север,,,,,,,,,,,1,20,среден
Ямбол област,гр. Ямбол,Център,3 room,122.0,146952.0,1204.5245901639344,4,5,0,0,1,друго,юг-север,,,,,,,,,,,2,3,нов
Ямбол област,гр. Ямбол,Център,3 room,104.0,148500.0,1427.8846153846155,5,5,0,1,0,друго,неизвестно,,,,,,,,,,,1,20,среден
Ямбол област,гр. Ямбол,Център,house,120.0,150000.0,1250.0,1,3,1,0,0,друго,неизвестно,,,,,,,,,,,1,20,среден
Ямбол област,гр. Ямбол,Център,commercial,50.0,150000.0,3000.0,1,3,1,0,0,друго,неизвестно,,,,,,,,,,,3,20,среден
Ямбол област,гр. Ямбол,Център,3 room,128.0,153984.0,1203.0,5,5,0,1,0,друго,юг-север,,,,,,,,,,,2,3,нов
Ямбол област,гр. Ямбол,Хале,other,225.0,155000.0,688.8888888888889,1,3,1,0,0,друго,неизвестно,,,,,,,,,,,1,20,среден
Ямбол област,гр. Ямбол,Владимир Заимов,house,99.0,161000.0,1626.2626262626263,2,2,0,1,0,друго,неизвестно,,,,,,,,,,,1,20,среден
Ямбол област,гр. Ямбол,Център,2 room,66.0,165000.0,2500.0,3,4,0,0,1,друго,неизвестно,,,,,,,,,,,1,20,среден
Ямбол област,гр. Ямбол,Център,multi-room,126.0,169000.0,1341.2698412698412,3,3,0,1,0,друго,неизвестно,,,,,,,,,,,1,20,среден
Ямбол област,гр. Ямбол,Център,2 room,64.0,170000.0,2656.25,4,4,0,1,0,друго,неизвестно,,,,,,,,,,,1,20,среден
Ямбол област,гр. Ямбол,Каргон,house,107.0,179000.0,1672.8971962616822,4,4,0,1,0,друго,неизвестно,,,,,,,,,,,1,20,среден
Ямбол област,гр. Ямбол,Каргон,commercial,278.0,185000.0,665.4676258992806,0,2,0,0,1,друго,неизвестно,,,,,,,,,,,1,20,среден
Ямбол област,гр. Ямбол,Център,other,186.0,192700.0,1036.021505376344,1,3,1,0,0,друго,неизвестно,,,,,1.0,,,,,,1,20,среден
Ямбол област,гр. Ямбол,Център,other,192.0,228000.0,1187.5,0,4,0,0,1,друго,неизвестно,,,,,,,,1.0,,,1,20,среден
Ямбол област,гр. Ямбол,Граф Игнатиев,house,160.0,234600.0,1466.25,1,3,1,0,0,друго,неизвестно,,,,,,,,,,,1,20,среден
Ямбол област,гр. Ямбол,Промишлена Зона,house,111.0,270000.0,2432.4324324324325,1,3,1,0,0,друго,север,,,,,,,,,,,1,20,среден
Ямбол област,гр. Ямбол,Център,house,206.0,275000.0,1334.9514563106795,1,3,1,0,0,друго,неизвестно,,,,,,,,,,,1,20,среден
Ямбол област,гр. Ямбол,Хале,other,462.0,460000.0,995.6709956709957,1,3,1,0,0,друго,неизвестно,,,,,,,,,,,1,20,среден
Ямбол област,гр. Ямбол,Център,other,804.0,565000.0,702.7363184079602,1,3,1,0,0,друго,неизвестно,,,,,,,,,,,1,33,среден
Ямбол област,гр. Ямбол,Център,other,112.0,650000.0,5803.571428571428,1,4,1,0,0,друго,неизвестно,,,,,,,,,,,1,20,среден
Ямбол област,гр. Ямбол,Възраждане,commercial,468.0,2680000.0,5726.495726495727,1,3,1,0,0,друго,неизвестно,,,,,,,,,,,1,20,среден
Ямбол област,с.Каравелово,няма,house,350.0,390000.0,1114.2857142857142,1,3,1,0,0,друго,неизвестно,,,,,,,,,,,3,20,среден
Ямбол област,с.Бояново,няма,house,64.0,3600.0,56.25,1,3,1,0,0,друго,неизвестно,,,,,,,,,,,1,20,среден
Ямбол област,с.Меден Кладенец,няма,house,14.0,5700.0,407.14285714285717,1,3,1,0,0,друго,неизвестно,,,,,,,,,,,1,20,среден
Ямбол област,с.Овчи Кладенец,няма,house,60.0,8200.0,136.66666666666666,1,3,1,0,0,друго,неизвестно,,,,,,,,,,,1,20,среден
Ямбол област,с.Александрово,няма,house,100.0,8800.0,88.0,1,3,1,0,0,друго,неизвестно,,,,,,,,,,,1,20,среден
Ямбол област,с.Горска Поляна,няма,house,100.0,9000.0,90.0,1,3,1,0,0,друго,неизвестно,,,,,,,,,,,1,20,среден
Ямбол област,с.Гранитово,няма,house,50.0,9600.0,192.0,1,3,1,0,0,друго,неизвестно,,,,,,,,,,,1,20,среден
Ямбол област,с.Савино,няма,house,54.0,12000.0,222.22222222222223,1,3,1,0,0,друго,неизвестно,,,,,,,,,,,1,20,среден
Ямбол област,с.Пчела,няма,house,140.0,12500.0,89.28571428571429,1,3,1,0,0,друго,неизвестно,,,,,,,,,,,1,20,среден
Ямбол област,с.Лесово,няма,house,80.0,14500.0,181.25,1,3,1,0,0,друго,неизвестно,,,,,,,,,,,1,20,среден
Ямбол област,с.Скалица,няма,house,110.0,16000.0,145.45454545454547,1,3,1,0,0,друго,неизвестно,,,,,,,,,,,3,20,среден
Ямбол област,с.Саранско,няма,house,49.0,16400.0,334.6938775510204,1,3,1,0,0,друго,неизвестно,,,,,,,,,,,1,20,среден
Ямбол област,с.Малко Кирилово,няма,house,75.0,17500.0,233.33333333333334,1,3,1,0,0,друго,неизвестно,,,,,,,,,,,1,20,среден
Ямбол област,с.Гранитово,няма,house,92.0,17800.0,193.47826086956522,1,3,1,0,0,друго,неизвестно,,,,,,,,,,,1,20,среден
Ямбол област,с.Бояново,няма,house,126.0,19000.0,150.79365079365078,1,3,1,0,0,друго,неизвестно,,,,,,,,,,,1,20,среден
Ямбол област,с.Ханово,няма,house,40.0,19000.0,475.0,1,3,1,0,0,друго,неизвестно,,,,,,,,,,,1,20,среден
Ямбол област,с.Саранско,няма,house,55.0,19000.0,345.45454545454544,1,3,1,0,0,друго,неизвестно,,,,,,,,,,,1,20,среден
Ямбол област,с.Генерал-Инзово,няма,house,50.0,20500.0,410.0,1,3,1,0,0,друго,неизвестно,,,,,,,,,,,1,20,среден
Ямбол област,с.Козарево,няма,land/plot,300.0,21500.0,71.66666666666667,1,3,1,0,0,друго,неизвестно,,,,,,,,,,,1,20,среден
Ямбол област,с.Голямо Крушево,няма,house,120.0,23000.0,191.66666666666666,1,3,1,0,0,друго,неизвестно,,,,,,,,,,,1,20,среден
Ямбол област,с.Гранитово,няма,house,106.0,24600.0,232.0754716981132,1,3,1,0,0,друго,неизвестно,,,,,,,,,,,1,20,среден
Ямбол област,с.Бояново,няма,house,69.0,25000.0,362.3188405797101,1,3,1,0,0,друго,неизвестно,,,,,,,,,,,1,20,среден
Ямбол област,с.Роза,няма,house,102.0,25000.0,245.09803921568627,1,3,1,0,0,друго,неизвестно,,,,,,,,,,,1,20,среден
Ямбол област,с.Лесово,няма,house,66.0,25300.0,383.3333333333333,1,3,1,0,0,друго,неизвестно,,,,,,,,,,,1,20,среден
Ямбол област,гр.Стралджа,Център,house,56.0,25600.0,457.14285714285717,1,3,1,0,0,друго,неизвестно,,,,,,,,,,,1,20,среден
Ямбол област,с.Войника,няма,house,225.0,26000.0,115.55555555555556,1,3,1,0,0,друго,неизвестно,,,,,,,,,,,1,20,среден
Ямбол област,с.Гранитово,няма,house,71.0,26800.0,377.46478873239437,1,3,1,0,0,друго,неизвестно,,,,,,,,,,,1,20,среден
Ямбол област,с.Бояново,няма,house,49.0,27200.0,555.1020408163265,1,3,1,0,0,друго,неизвестно,,,,,,,,,,,1,20,среден
Ямбол област,с.Бояново,няма,house,125.0,28000.0,224.0,1,3,1,0,0,друго,неизвестно,,,,,,,,,,,1,20,среден
Ямбол област,с.Пчела,няма,house,52.0,28300.0,544.2307692307693,1,3,1,0,0,друго,неизвестно,,,,,,,,,,,1,20,среден
Ямбол област,с.Гранитово,няма,house,105.0,28500.0,271.42857142857144,1,3,1,0,0,друго,неизвестно,,,,,,,,,,,1,20,среден
Ямбол област,с.Мелница,няма,house,120.0,28800.0,240.0,1,3,1,0,0,друго,неизвестно,,,,,,,,,,,1,20,среден
Ямбол област,с.Челник,няма,house,378.0,30000.0,79.36507936507937,1,3,1,0,0,друго,неизвестно,,,,,,,,,,,1,20,среден
Ямбол област,с.Ружица,няма,house,120.0,32000.0,266.6666666666667,1,3,1,0,0,друго,неизвестно,,,,,,,,,,,1,20,среден
Ямбол област,с.Мелница,няма,house,140.0,33200.0,237.14285714285714,1,3,1,0,0,друго,неизвестно,,,,,,,,,,,1,20,среден
Ямбол област,с.Мелница,няма,house,160.0,33600.0,210.0,1,3,1,0,0,друго,неизвестно,,,,,,,,,,,1,20,среден
Ямбол област,с.Ботево,няма,house,150.0,35000.0,233.33333333333334,1,3,1,0,0,друго,неизвестно,,,,,,,,,,,1,20,среден
Ямбол област,с.Чарда,няма,house,330.0,35000.0,106.06060606060606,1,3,1,0,0,друго,неизвестно,,,,,,,,,,,1,20,среден
Ямбол област,с.Каменец,няма,house,84.0,35000.0,416.6666666666667,1,3,1,0,0,друго,неизвестно,,,,,,,,,,,1,20,среден
Ямбол област,с.Безмер,няма,1 room,43.0,36000.0,837.2093023255813,1,3,1,0,0,друго,неизвестно,,,,,1.0,,,,,,1,20,среден
Ямбол област,с.Болярско,няма,house,64.0,37000.0,578.125,1,3,1,0,0,друго,неизвестно,,,,,,,,,,,1,20,среден
Ямбол област,гр.Елхово,Център,house,172.0,50000.0,290.69767441860466,1,3,1,0,0,друго,неизвестно,,,,,,,,,,,1,20,среден
Ямбол област,гр.Елхово,Център,2 room,64.0,54300.0,848.4375,3,3,0,1,0,друго,неизвестно,,,,,,,,,,,1,20,среден
Ямбол област,гр.Елхово,Център,house,84.0,55600.0,661.9047619047619,2,2,0,1,0,друго,неизвестно,,,,,,,,,,,1,20,среден
Ямбол област,с.Лесово,няма,house,62.0,56200.0,906.4516129032259,1,3,1,0,0,друго,неизвестно,,,,,,,,,,,1,20,среден
Ямбол област,гр.Елхово,Център,3 room,82.0,65000.0,792.6829268292682,5,5,0,1,0,друго,неизвестно,,,,,,,,,,,1,20,среден
Ямбол област,с.Кукорево,няма,house,183.0,68900.0,376.5027322404372,1,3,1,0,0,друго,неизвестно,,,,,,,,,,,1,20,среден
Ямбол област,с.Кукорево,няма,house,160.0,73000.0,456.25,1,3,1,0,0,друго,неизвестно,,,,,,,,,,,1,20,среден
Ямбол област,гр.Елхово,Център,house,98.0,74000.0,755.1020408163265,1,3,1,0,0,друго,неизвестно,,,,,,,,,,,1,20,среден
Видин област,гр. Видин,Център,house,100.0,28000.0,280.0,1,3,1,0,0,друго,неизвестно,,,,,,,,,,,1,20,среден
Видин област,гр. Видин,Бонония,land/plot,486.0,30000.0,61.72839506172839,1,3,1,0,0,друго,неизвестно,,,,,,,,,,,1,20,среден
Видин област,гр. Видин,Бонония,land/plot,486.0,36700.0,75.51440329218107,1,3,1,0,0,друго,неизвестно,,,,,,,,,,,1,20,среден
Видин област,гр. Видин,Център,2 room,58.0,41025.0,707.3275862068965,1,7,1,0,0,друго,неизвестно,1.0,,,,,,,,,,1,20,среден
Видин област,гр. Видин,Център,house,190.0,42000.0,221.05263157894737,1,3,1,0,0,друго,неизвестно,,,,,,,,,,,1,20,среден
Видин област,гр. Видин,Гео Милев,2 room,60.0,46000.0,766.6666666666666,1,8,1,0,0,друго,неизвестно,,,,,,,,,,,1,20,среден
Видин област,гр. Видин,Център,commercial,894.0,50000.0,55.92841163310962,1,3,1,0,0,друго,неизвестно,,,,,,,,,,,1,20,среден
Видин област,гр. Видин,Възраждане,2 room,60.0,53000.0,883.3333333333334,1,4,1,0,0,друго,неизвестно,,,,,,,,,,,1,20,среден
Видин област,гр. Видин,Крум Бъчваров,2 room,53.0,57500.0,1084.9056603773586,1,8,1,0,0,друго,неизвестно,,,,,,,,,,,1,20,среден
Видин област,гр. Видин,Център,2 room,75.0,59000.0,786.6666666666666,1,5,1,0,0,друго,неизвестно,,,,,,,,,,,1,20,среден
Видин област,гр. Видин,Александър Стамболийски,land/plot,746.0,59121.0,79.25067024128687,1,3,1,0,0,друго,неизвестно,,,,,,,,,,,2,20,среден
Видин област,гр. Видин,Гео Милев,commercial,140.0,60000.0,428.57142857142856,1,1,1,0,0,друго,неизвестно,,,,,,,,,,,1,20,среден
Видин област,гр. Видин,Гео Милев,3 room,76.0,62000.0,815.7894736842105,1,7,1,0,0,панел,неизвестно,,,,,,,,,,,1,45,стар
Видин област,гр. Видин,Център,2 room,82.0,65000.0,792.6829268292682,1,4,1,0,0,друго,неизвестно,,,,,,,,,,,2,3,нов
Видин област,гр. Видин,Център,commercial,300.0,65000.0,216.66666666666666,1,1,1,0,0,друго,неизвестно,,,,,,,,,,,1,20,среден
Видин област,гр. Видин,Център,2 room,62.0,65000.0,1048.3870967741937,1,7,1,0,0,друго,неизвестно,,,,,,,,,,,1,20,среден
Видин област,гр. Видин,Гео Милев,2 room,60.0,65000.0,1083.3333333333333,1,8,1,0,0,панел,неизвестно,,,,,,,,,,,1,45,стар
Видин област,гр. Видин,Крум Бъчваров,2 room,60.0,65000.0,1083.3333333333333,1,7,1,0,0,друго,неизвестно,,,,,,,,,,,1,20,среден
Видин област,гр. Видин,Бонония,2 room,67.0,66000.0,985.0746268656717,1,5,1,0,0,друго,неизвестно,,,,,,,,,,,1,20,среден
Видин област,гр. Видин,Плиска,2 room,59.0,70000.0,1186.4406779661017,1,5,1,0,0,панел,неизвестно,,,,,,,,,,,1,45,стар
Видин област,гр. Видин,Бонония,2 room,66.0,70192.0,1063.5151515151515,1,6,1,0,0,друго,неизвестно,,,,,,,,,,,1,20,среден
Видин област,гр. Видин,Бонония,2 room,66.0,70192.0,1063.5151515151515,1,6,1,0,0,друго,неизвестно,,,,,,,,,,,1,20,среден
Видин област,гр. Видин,Бонония,2 room,66.0,70192.0,1063.5151515151515,1,6,1,0,0,друго,неизвестно,,,,,,,,,,,1,20,среден
Видин област,гр. Видин,Бонония,2 room,66.0,70192.0,1063.5151515151515,1,6,1,0,0,друго,неизвестно,,,,,,,,,,,1,20,среден
Видин област,гр. Видин,Бонония,2 room,67.0,70507.0,1052.3432835820895,1,6,1,0,0,друго,неизвестно,,,,,,,,,,,1,20,среден
Видин област,гр. Видин,Бонония,2 room,67.0,70507.0,1052.3432835820895,1,6,1,0,0,друго,неизвестно,,,,,,,,,,,1,20,среден
Видин област,гр. Видин,Бонония,2 room,70.0,74329.0,1061.8428571428572,1,6,1,0,0,друго,неизвестно,,,,,,,,,,,1,20,среден
Видин област,гр. Видин,Бонония,2 room,70.0,74329.0,1061.8428571428572,1,6,1,0,0,друго,неизвестно,,,,,,,,,,,1,20,среден
Видин област,гр. Видин,Бонония,3 room,78.0,75000.0,961.5384615384615,1,5,1,0,0,друго,неизвестно,,,,,,,,,,,2,3,нов
Видин област,гр. Видин,Гео Милев,3 room,78.0,75000.0,961.5384615384615,1,8,1,0,0,панел,неизвестно,1.0,,,,,,,,,,1,45,стар
Видин област,гр. Видин,Център,other,65.0,78936.0,1214.4,1,3,1,0,0,друго,неизвестно,,,,,,,,,,,1,20,среден
Видин област,гр. Видин,Център,2 room,74.0,79000.0,1067.5675675675675,1,5,1,0,0,друго,неизвестно,,,,,,,,,,,1,20,среден
Видин област,гр. Видин,Химик,2 room,62.0,79500.0,1282.258064516129,1,10,1,0,0,друго,неизвестно,,,,,1.0,,,,,,1,20,среден
Видин област,гр. Видин,Строител,house,60.0,80000.0,1333.3333333333333,1,3,1,0,0,друго,неизвестно,,,,,,,,,,,2,20,среден
Видин област,гр. Видин,Център,3 room,78.0,80000.0,1025.6410256410256,1,8,1,0,0,панел,неизвестно,,,,,,,,,,,1,45,стар
Видин област,гр. Видин,Александър Стамболийски,2 room,84.0,82000.0,976.1904761904761,1,5,1,0,0,друго,неизвестно,,,,,,,,,,,1,20,среден
Видин област,гр. Видин,Баба Тонка,3 room,77.0,90000.0,1168.8311688311687,1,8,1,0,0,друго,неизвестно,,,,,,,,,,,1,20,среден
Видин област,гр. Видин,Баба Тонка,house,109.0,90000.0,825.6880733944954,1,2,1,0,0,друго,неизвестно,,,,,,,,,,,1,20,среден
Видин област,гр. Видин,Южна Промишлена Зона,commercial,901.0,90000.0,99.88901220865705,1,3,1,0,0,друго,неизвестно,,,,,,,,,,,1,20,среден
Видин област,гр. Видин,Крум Бъчваров,house,88.0,97000.0,1102.2727272727273,1,2,1,0,0,друго,неизвестно,,,,,,,,,,,1,20,среден
Видин област,гр. Видин,Център,other,100.0,99850.0,998.5,1,1,1,0,0,друго,неизвестно,,,,,,,,,,,1,20,среден
Видин област,гр. Видин,Център,commercial,100.0,99950.0,999.5,1,1,1,0,0,друго,неизвестно,,,,,,,,,,,1,20,среден
Видин област,гр. Видин,Център,house,92.0,100000.0,1086.9565217391305,1,2,1,0,0,друго,неизвестно,,,,,,,,,,,1,20,среден
Видин област,гр. Видин,Калето,other,89.0,100000.0,1123.5955056179776,1,3,1,0,0,друго,неизвестно,,,,,,,,,,,1,20,среден
Видин област,гр. Видин,Бонония,3 room,109.0,114985.0,1054.908256880734,1,6,1,0,0,друго,неизвестно,,,,,,,,,,,1,20,среден
Видин област,гр. Видин,Бонония,3 room,109.0,114985.0,1054.908256880734,1,6,1,0,0,друго,неизвестно,,,,,,,,,,,1,20,среден
Видин област,гр. Видин,Крум Бъчваров,3 room,110.0,115000.0,1045.4545454545455,1,5,1,0,0,друго,неизвестно,,,,,,,,,,,1,3,нов
Видин област,гр. Видин,Център,multi-room,100.0,125000.0,1250.0,1,3,1,0,0,друго,неизвестно,,,,,,,,,,,1,20,среден
Видин област,гр. Видин,Бонония,other,145.0,128000.0,882.7586206896551,1,5,1,0,0,друго,неизвестно,,,,,,,,,,,2,3,нов
Видин област,гр. Видин,Бонония,3 room,117.0,128854.0,1101.3162393162393,1,6,1,0,0,друго,неизвестно,,,,,,,,,,,1,20,среден
Видин област,гр. Видин,Бонония,3 room,117.0,128854.0,1101.3162393162393,1,6,1,0,0,друго,неизвестно,,,,,,,,,,,1,20,среден
Видин област,гр. Видин,Бонония,3 room,123.0,129906.0,1056.1463414634147,1,6,1,0,0,друго,неизвестно,,,,,,,,,,,1,20,среден
Видин област,гр. Видин,Бонония,3 room,123.0,129906.0,1056.1463414634147,1,6,1,0,0,друго,неизвестно,,,,,,,,,,,1,20,среден
Видин област,гр. Видин,Западна Промишлена Зона,commercial,461.0,130000.0,281.99566160520607,1,1,1,0,0,друго,запад,,,,,,,,,,,1,20,среден
Видин област,гр. Видин,Западна Промишлена Зона,commercial,302.0,130000.0,430.4635761589404,1,1,1,0,0,друго,запад,,,,,,,,,,,1,20,среден
Видин област,гр. Видин,Крум Бъчваров,other,125.0,140000.0,1120.0,1,5,1,0,0,друго,неизвестно,,,,,1.0,,,,,,1,20,среден
Видин област,гр. Видин,Възраждане,3 room,92.0,146500.0,1592.391304347826,1,4,1,0,0,друго,неизвестно,,,,,,,,,,,1,20,среден
Видин област,гр. Видин,Крум Бъчваров,3 room,122.0,150000.0,1229.5081967213114,1,5,1,0,0,друго,неизвестно,,,,,,,,,,,1,3,нов
Видин област,гр. Видин,Западна Промишлена Зона,commercial,468.0,150000.0,320.5128205128205,1,3,1,0,0,друго,запад,,,,,,,,,,,1,20,среден
Видин област,гр. Видин,Георги Бенковски,commercial,230.0,150000.0,652.1739130434783,1,3,1,0,0,друго,неизвестно,,,,,,,,,,,1,20,среден
Видин област,гр. Видин,Западна Промишлена Зона,commercial,300.0,153000.0,510.0,1,1,1,0,0,друго,запад,,,,,,,,,,,1,20,среден
Видин област,гр. Видин,Калето,3 room,142.0,155000.0,1091.5492957746478,1,5,1,0,0,друго,неизвестно,,,,,,,,,,,1,20,среден
Видин област,гр. Видин,Христо Ботев,house,110.0,157000.0,1427.2727272727273,1,2,1,0,0,друго,неизвестно,,,,,,,,,,,1,20,среден
Видин област,гр. Видин,Плиска,other,111.0,160000.0,1441.4414414414414,1,4,1,0,0,друго,неизвестно,,,,,1.0,,,,,,1,20,среден
Видин област,гр. Видин,Бонония,multi-room,133.0,179999.0,1353.375939849624,1,2,1,0,0,друго,неизвестно,,,,,,,,,,,1,20,среден
Видин област,гр. Видин,Център,other,157.0,188400.0,1200.0,1,4,1,0,0,друго,неизвестно,,,,,,,,,,,1,20,среден
Видин област,гр. Видин,Христо Ботев,land/plot,861.0,190000.0,220.67363530778164,1,3,1,0,0,друго,неизвестно,,,,,,,,,,,1,20,среден
Видин област,гр. Видин,Петко Каравелов,house,123.0,200000.0,1626.0162601626016,1,2,1,0,0,друго,неизвестно,,,,,,,,,,,1,20,среден
Видин област,гр. Видин,Бонония,other,135.0,200000.0,1481.4814814814815,1,4,1,0,0,друго,неизвестно,,,1.0,,,,,,,,1,20,среден
Видин област,гр. Видин,Западна Промишлена Зона,other,500.0,230000.0,460.0,1,1,1,0,0,друго,запад,,,,,,,,,,,1,20,среден
Видин област,гр. Видин,Център,commercial,453.0,250000.0,551.8763796909492,1,1,1,0,0,друго,неизвестно,,,,,,,,,,,1,20,среден
Видин област,гр. Видин,Акджамия,commercial,394.0,333333.0,846.0228426395939,1,1,1,0,0,друго,неизвестно,,,,,,,,,,,1,20,среден
Видин област,гр. Видин,Бонония,commercial,390.0,340000.0,871.7948717948718,1,6,1,0,0,друго,неизвестно,,,,,,,,,,,1,20,среден
Видин област,гр. Видин,Бонония,commercial,390.0,340000.0,871.7948717948718,1,6,1,0,0,друго,неизвестно,,,,,,,,,,,1,20,среден
Видин област,гр. Видин,Западна Промишлена Зона,commercial,972.0,342000.0,351.85185185185185,1,5,1,0,0,друго,запад,1.0,,,,,,,,,,1,20,среден
Видин област,гр. Видин,Център,commercial,350.0,353000.0,1008.5714285714286,1,3,1,0,0,друго,неизвестно,,,,,,,,,,,1,20,среден
Видин област,гр. Видин,Бонония,commercial,361.0,361000.0,1000.0,1,6,1,0,0,друго,неизвестно,,,,,,,,,,,1,20,среден
Видин област,гр. Видин,Бонония,commercial,361.0,361000.0,1000.0,1,6,1,0,0,друго,неизвестно,,,,,,,,,,,1,20,среден
Видин област,гр. Видин,Бонония,commercial,520.0,468000.0,900.0,1,1,1,0,0,друго,неизвестно,,,,,,,,,,,1,20,среден
Видин област,гр. Видин,Стефан Стамболов,other,500.0,600000.0,1200.0,1,3,1,0,0,друго,неизвестно,,,,,,,,,,,1,20,среден
Видин област,гр. Видин,Строител,commercial,508.0,850000.0,1673.2283464566929,1,1,1,0,0,друго,неизвестно,,,,,,,,,,,2,20,среден
Видин област,гр. Видин,Център,other,575.0,920000.0,1600.0,1,4,1,0,0,друго,неизвестно,,,,,,,,,,,1,20,среден
Видин област,с.Връв,няма,house,72.0,5000.0,69.44444444444444,1,3,1,0,0,друго,неизвестно,,,,,,,,,,,1,20,среден
Видин област,с.Иново,няма,house,60.0,8000.0,133.33333333333334,1,3,1,0,0,друго,неизвестно,,,,,,,,,,,1,20,среден
Видин област,Видин област,няма,house,82.0,9900.0,120.73170731707317,1,3,1,0,0,друго,неизвестно,,,,,,,,,,,1,20,среден
Видин област,с.Макреш,няма,house,85.0,12222.0,143.78823529411764,1,3,1,0,0,друго,неизвестно,,,,,,,,,,,1,20,среден
Видин област,Видин област,няма,house,92.0,14000.0,152.17391304347825,1,3,1,0,0,друго,неизвестно,,,,,,,,,,,1,20,среден
Видин област,Видин област,няма,other,150.0,15000.0,100.0,1,3,1,0,0,друго,неизвестно,,,1.0,,,,,,,,1,20,среден
Видин област,с.Вещица,няма,house,76.0,15500.0,203.94736842105263,1,3,1,0,0,друго,неизвестно,,,,,,,,,,,1,20,среден
Видин област,гр.Брегово,Център,house,180.0,16500.0,91.66666666666667,1,3,1,0,0,друго,неизвестно,,,,,,,,,,,1,20,среден
Видин област,Видин област,няма,house,52.0,17000.0,326.9230769230769,1,3,1,0,0,друго,неизвестно,,,,,,,,,,,1,20,среден
Видин област,Видин област,няма,house,65.0,18000.0,276.9230769230769,1,3,1,0,0,друго,неизвестно,,,,,,,,,,,1,20,среден
Видин област,с.Връв,няма,house,90.0,18500.0,205.55555555555554,1,3,1,0,0,тухла,неизвестно,,,,,,,,,,,1,76,стар
Видин област,Видин област,няма,house,152.0,19800.0,130.26315789473685,1,3,1,0,0,друго,неизвестно,,,,,,,,,,,1,20,среден
Видин област,с.Полетковци,няма,house,110.0,20800.0,189.0909090909091,1,3,1,0,0,друго,неизвестно,,,,,,,,,,,1,20,среден
Видин област,с.Покрайна,няма,house,97.0,22000.0,226.8041237113402,1,3,1,0,0,друго,неизвестно,,,,,,,,,,,1,20,среден
Видин област,с.Гомотарци,няма,house,88.0,22500.0,255.6818181818182,1,3,1,0,0,друго,неизвестно,,,,,,,,,,,1,20,среден
Видин област,с.Винарово,няма,house,140.0,25000.0,178.57142857142858,1,3,1,0,0,друго,неизвестно,,,,,,,,,,,1,20,среден
Видин област,с.Цар Симеоново,няма,2 room,42.0,25000.0,595.2380952380952,1,5,1,0,0,друго,неизвестно,,,,,,,,,,,1,20,среден
Видин област,Видин област,няма,house,144.0,25000.0,173.61111111111111,1,3,1,0,0,друго,неизвестно,,,,,,,,,,,1,20,среден
Видин област,гр.Кула,Център,house,168.0,26000.0,154.76190476190476,1,3,1,0,0,друго,неизвестно,,,1.0,,,,,,,,1,20,среден
Видин област,с.Гомотарци,няма,house,112.0,26000.0,232.14285714285714,1,3,1,0,0,друго,неизвестно,,,,,,,,,,,1,20,среден
Видин област,с.Сланотрън,няма,house,256.0,26000.0,101.5625,1,3,1,0,0,друго,неизвестно,,,,,,,,,,,1,20,среден
Видин област,с.Гомотарци,няма,house,151.0,26000.0,172.18543046357615,1,3,1,0,0,друго,неизвестно,,,,,,,,,,,1,20,среден
Видин област,с.Пешаково,няма,house,140.0,26600.0,190.0,1,3,1,0,0,друго,неизвестно,,,,,,,,,,,1,20,среден
Видин област,с.Макреш,няма,house,72.0,27500.0,381.94444444444446,1,3,1,0,0,друго,неизвестно,,,,,,,,1.0,,,1,20,среден
Видин област,с.Иново,няма,house,50.0,30000.0,600.0,1,3,1,0,0,друго,неизвестно,,,,,,,,,,,1,20,среден
Видин област,гр.Дунавци,Център,house,105.0,30678.0,292.1714285714286,1,3,1,0,0,друго,неизвестно,,,,,,,,,,,1,20,среден
Видин област,гр.Кула,Център,house,168.0,32000.0,190.47619047619048,1,3,1,0,0,друго,неизвестно,,,,,,,,,,,1,20,среден
Видин област,гр.Брегово,Център,house,70.0,32000.0,457.14285714285717,1,3,1,0,0,друго,неизвестно,,,1.0,,,,,,,,1,20,среден
Видин област,гр.Брегово,Център,house,77.0,33000.0,428.57142857142856,1,3,1,0,0,друго,неизвестно,,,1.0,,,,,,,,1,20,среден
Видин област,гр.Дунавци,Център,house,140.0,33333.0,238.09285714285716,1,3,1,0,0,друго,неизвестно,,,,,,,,,,,1,20,среден
Видин област,Видин област,няма,house,98.0,36000.0,367.3469387755102,1,3,1,0,0,друго,неизвестно,,,,,,,,,,,1,20,среден
Видин област,с.Боровица,няма,house,80.0,38990.0,487.375,1,3,1,0,0,друго,неизвестно,,,,,,,,,,,1,20,среден
Видин област,с.Капитановци,няма,house,142.0,40000.0,281.6901408450704,1,3,1,0,0,друго,неизвестно,,,,,,,,,,,1,20,среден
Видин област,гр.Дунавци,Център,house,178.0,41000.0,230.3370786516854,1,3,1,0,0,друго,неизвестно,,,,,,,,,,,1,20,среден
Видин област,с.Сланотрън,няма,house,246.0,42000.0,170.73170731707316,1,3,1,0,0,друго,неизвестно,,,,,,,,,,,1,20,среден
Видин област,с.Ново Село,няма,house,94.0,45000.0,478.72340425531917,1,3,1,0,0,друго,неизвестно,,,,,,,,,,,1,20,среден
Видин област,с.Капитановци,няма,other,127.0,49000.0,385.8267716535433,1,2,1,0,0,друго,неизвестно,,,,,,,,,,,1,20,среден
Видин област,Видин област,няма,house,200.0,50000.0,250.0,1,3,1,0,0,друго,неизвестно,,,,,,,,,,,1,20,среден
Видин област,с.Гомотарци,няма,house,75.0,50000.0,666.6666666666666,1,3,1,0,0,друго,неизвестно,,,,,,,,,,,1,20,среден
Видин област,с.Ново Село,няма,house,70.0,50000.0,714.2857142857143,1,3,1,0,0,друго,неизвестно,,,,,,,,,,,1,20,среден
Видин област,Видин област,няма,commercial,882.0,51129.0,57.96938775510204,1,1,1,0,0,друго,неизвестно,,,,,,,,,,,1,20,среден
Видин област,с.Ново Село,няма,house,99.0,52000.0,525.2525252525253,1,3,1,0,0,друго,неизвестно,,,,,,,,,,,1,20,среден
Видин област,Видин област,няма,house,100.0,55000.0,550.0,1,3,1,0,0,друго,неизвестно,,,,,,,,,,,1,20,среден
Видин област,Видин област,няма,house,135.0,55000.0,407.4074074074074,1,3,1,0,0,друго,неизвестно,,,,,,,,,,,1,20,среден
Видин област,с.Връв,няма,house,184.0,55000.0,298.9130434782609,1,3,1,0,0,друго,неизвестно,,,,,,,,,,,1,20,среден
Видин област,Видин област,няма,house,140.0,60000.0,428.57142857142856,1,3,1,0,0,друго,неизвестно,,,,,,,,,,,1,20,среден
Видин област,Видин област,няма,house,60.0,63000.0,1050.0,1,3,1,0,0,друго,неизвестно,,,,,,,,,,,2,3,нов
Видин област,с.Капитановци,няма,house,95.0,65000.0,684.2105263157895,1,3,1,0,0,друго,неизвестно,,,,,,,,,,,1,20,среден
Видин област,с.Бела Рада,няма,house,160.0,77000.0,481.25,1,3,1,0,0,друго,неизвестно,,,,,,,,,,,1,20,среден
